"id","stage","negotiator_slot","role","role_observer","age","economic_status","sex","sex_man","participant_faculty","participant_engineering","treatment","analysis_include","iri_total","iri_total_z","iri_fs","iri_ec","iri_pt","iri_pd","faculty_negotiator","faculty_victim","negotiator_alignment","perp_outgroup","perp_control","victim_outgroup","same_group_harm","decision_accept","judgement","condemnation"
64,2,1,"victim",0,18,1,2,1,1,0,1,TRUE,3.28571428571429,2.45684383163149,3.57142857142857,3.25,3.57142857142857,2.66666666666667,2,1,"outgroup",1,0,0,0,1,-9,9
64,2,2,"victim",0,18,1,2,1,1,0,1,TRUE,3.28571428571429,2.45684383163149,3.57142857142857,3.25,3.57142857142857,2.66666666666667,2,1,"outgroup",1,0,0,0,1,-9,9
64,3,2,"victim",0,18,1,2,1,1,0,1,TRUE,3.28571428571429,2.45684383163149,3.57142857142857,3.25,3.57142857142857,2.66666666666667,1,1,"ingroup",0,0,0,1,1,-9,9
64,4,1,"victim",0,18,1,2,1,1,0,1,TRUE,3.28571428571429,2.45684383163149,3.57142857142857,3.25,3.57142857142857,2.66666666666667,1,1,"ingroup",0,0,0,1,1,-9,9
64,7,2,"observer",1,18,1,2,1,1,0,1,TRUE,3.28571428571429,2.45684383163149,3.57142857142857,3.25,3.57142857142857,2.66666666666667,1,1,"ingroup",0,0,0,1,1,-9,9
64,8,1,"observer",1,18,1,2,1,1,0,1,TRUE,3.28571428571429,2.45684383163149,3.57142857142857,3.25,3.57142857142857,2.66666666666667,1,2,"ingroup",0,0,1,0,1,-9,9
64,9,2,"observer",1,18,1,2,1,1,0,1,TRUE,3.28571428571429,2.45684383163149,3.57142857142857,3.25,3.57142857142857,2.66666666666667,2,1,"outgroup",1,0,0,0,1,-9,9
64,10,1,"observer",1,18,1,2,1,1,0,1,TRUE,3.28571428571429,2.45684383163149,3.57142857142857,3.25,3.57142857142857,2.66666666666667,2,1,"outgroup",1,0,0,0,1,-9,9
65,1,1,"observer",1,42,2,2,1,1,0,2,TRUE,2.82142857142857,1.39014425735421,3.14285714285714,2.625,3.71428571428571,1.66666666666667,2,2,"outgroup",1,0,1,1,1,9,-9
65,3,1,"observer",1,42,2,2,1,1,0,2,TRUE,2.82142857142857,1.39014425735421,3.14285714285714,2.625,3.71428571428571,1.66666666666667,1,2,"ingroup",0,0,1,0,1,6,-6
65,6,1,"victim",0,42,2,2,1,1,0,2,TRUE,2.82142857142857,1.39014425735421,3.14285714285714,2.625,3.71428571428571,1.66666666666667,1,1,"ingroup",0,0,0,1,1,9,-9
65,6,2,"victim",0,42,2,2,1,1,0,2,TRUE,2.82142857142857,1.39014425735421,3.14285714285714,2.625,3.71428571428571,1.66666666666667,2,1,"outgroup",1,0,0,0,1,9,-9
65,8,1,"victim",0,42,2,2,1,1,0,2,TRUE,2.82142857142857,1.39014425735421,3.14285714285714,2.625,3.71428571428571,1.66666666666667,1,1,"ingroup",0,0,0,1,1,9,-9
65,10,1,"victim",0,42,2,2,1,1,0,2,TRUE,2.82142857142857,1.39014425735421,3.14285714285714,2.625,3.71428571428571,1.66666666666667,2,1,"outgroup",1,0,0,0,1,-3,3
66,2,1,"victim",0,18,3,1,0,1,0,1,TRUE,2.64285714285714,0.979875190324481,3.42857142857143,2.25,2.42857142857143,2.5,1,1,"ingroup",0,0,0,1,1,-3,3
66,3,1,"victim",0,18,3,1,0,1,0,1,TRUE,2.64285714285714,0.979875190324481,3.42857142857143,2.25,2.42857142857143,2.5,2,1,"outgroup",1,0,0,0,1,-7,7
66,5,1,"victim",0,18,3,1,0,1,0,1,TRUE,2.64285714285714,0.979875190324481,3.42857142857143,2.25,2.42857142857143,2.5,2,1,"outgroup",1,0,0,0,1,-9,9
66,8,1,"observer",1,18,3,1,0,1,0,1,TRUE,2.64285714285714,0.979875190324481,3.42857142857143,2.25,2.42857142857143,2.5,1,1,"ingroup",0,0,0,1,1,-9,9
66,8,2,"observer",1,18,3,1,0,1,0,1,TRUE,2.64285714285714,0.979875190324481,3.42857142857143,2.25,2.42857142857143,2.5,2,1,"outgroup",1,0,0,0,1,-9,9
66,9,1,"observer",1,18,3,1,0,1,0,1,TRUE,2.64285714285714,0.979875190324481,3.42857142857143,2.25,2.42857142857143,2.5,2,2,"outgroup",1,0,1,1,1,-9,9
66,10,2,"observer",1,18,3,1,0,1,0,1,TRUE,2.64285714285714,0.979875190324481,3.42857142857143,2.25,2.42857142857143,2.5,1,1,"ingroup",0,0,0,1,1,-9,9
67,3,1,"observer",1,18,1,1,0,2,1,2,TRUE,2.75,1.22603663054232,2.57142857142857,2.75,3,2.66666666666667,1,2,"outgroup",1,0,0,0,1,4,-4
67,3,2,"observer",1,18,1,1,0,2,1,2,TRUE,2.75,1.22603663054232,2.57142857142857,2.75,3,2.66666666666667,2,2,"ingroup",0,0,0,1,1,4,-4
67,5,2,"observer",1,18,1,1,0,2,1,2,TRUE,2.75,1.22603663054232,2.57142857142857,2.75,3,2.66666666666667,2,2,"ingroup",0,0,0,1,1,0,0
67,6,2,"victim",0,18,1,1,0,2,1,2,TRUE,2.75,1.22603663054232,2.57142857142857,2.75,3,2.66666666666667,1,2,"outgroup",1,0,0,0,1,-3,3
67,8,1,"victim",0,18,1,1,0,2,1,2,TRUE,2.75,1.22603663054232,2.57142857142857,2.75,3,2.66666666666667,1,2,"outgroup",1,0,0,0,1,-3,3
67,8,2,"victim",0,18,1,1,0,2,1,2,TRUE,2.75,1.22603663054232,2.57142857142857,2.75,3,2.66666666666667,2,2,"ingroup",0,0,0,1,1,-3,3
68,2,2,"victim",0,18,3,2,1,2,1,1,TRUE,1.85714285714286,-0.825308704606306,1.71428571428571,2.25,1.42857142857143,2,2,2,"ingroup",0,0,0,1,1,1,-1
68,4,1,"victim",0,18,3,2,1,2,1,1,TRUE,1.85714285714286,-0.825308704606306,1.71428571428571,2.25,1.42857142857143,2,1,2,"outgroup",1,0,0,0,1,1,-1
68,4,2,"victim",0,18,3,2,1,2,1,1,TRUE,1.85714285714286,-0.825308704606306,1.71428571428571,2.25,1.42857142857143,2,1,2,"outgroup",1,0,0,0,1,1,-1
68,8,1,"observer",1,18,3,2,1,2,1,1,TRUE,1.85714285714286,-0.825308704606306,1.71428571428571,2.25,1.42857142857143,2,1,2,"outgroup",1,0,0,0,1,2,-2
68,9,2,"observer",1,18,3,2,1,2,1,1,TRUE,1.85714285714286,-0.825308704606306,1.71428571428571,2.25,1.42857142857143,2,2,1,"ingroup",0,0,1,0,1,2,-2
69,1,2,"observer",1,18,3,1,0,2,1,2,TRUE,2.46428571428571,0.569606123294757,1.71428571428571,2.5,3.42857142857143,2.16666666666667,2,2,"ingroup",0,0,0,1,1,5,-5
69,2,2,"observer",1,18,3,1,0,2,1,2,TRUE,2.46428571428571,0.569606123294757,1.71428571428571,2.5,3.42857142857143,2.16666666666667,2,2,"ingroup",0,0,0,1,1,5,-5
69,5,1,"observer",1,18,3,1,0,2,1,2,TRUE,2.46428571428571,0.569606123294757,1.71428571428571,2.5,3.42857142857143,2.16666666666667,1,2,"outgroup",1,0,0,0,1,9,-9
69,6,2,"victim",0,18,3,1,0,2,1,2,TRUE,2.46428571428571,0.569606123294757,1.71428571428571,2.5,3.42857142857143,2.16666666666667,1,2,"outgroup",1,0,0,0,1,9,-9
69,8,2,"victim",0,18,3,1,0,2,1,2,TRUE,2.46428571428571,0.569606123294757,1.71428571428571,2.5,3.42857142857143,2.16666666666667,2,2,"ingroup",0,0,0,1,1,8,-8
70,1,1,"victim",0,18,2,1,0,2,1,1,TRUE,2.75,1.22603663054232,2.57142857142857,3,3.57142857142857,1.66666666666667,1,2,"outgroup",1,0,0,0,1,-5,5
70,4,2,"victim",0,18,2,1,0,2,1,1,TRUE,2.75,1.22603663054232,2.57142857142857,3,3.57142857142857,1.66666666666667,1,2,"outgroup",1,0,0,0,1,-9,9
70,6,1,"observer",1,18,2,1,0,2,1,1,TRUE,2.75,1.22603663054232,2.57142857142857,3,3.57142857142857,1.66666666666667,2,2,"ingroup",0,0,0,1,1,-9,9
70,6,2,"observer",1,18,2,1,0,2,1,1,TRUE,2.75,1.22603663054232,2.57142857142857,3,3.57142857142857,1.66666666666667,1,2,"outgroup",1,0,0,0,1,-9,9
70,8,1,"observer",1,18,2,1,0,2,1,1,TRUE,2.75,1.22603663054232,2.57142857142857,3,3.57142857142857,1.66666666666667,2,1,"ingroup",0,0,1,0,1,-9,9
70,9,1,"observer",1,18,2,1,0,2,1,1,TRUE,2.75,1.22603663054232,2.57142857142857,3,3.57142857142857,1.66666666666667,2,2,"ingroup",0,0,0,1,1,3,-3
70,10,1,"observer",1,18,2,1,0,2,1,1,TRUE,2.75,1.22603663054232,2.57142857142857,3,3.57142857142857,1.66666666666667,1,1,"outgroup",1,0,1,1,1,-7,7
71,2,2,"victim",0,18,3,2,1,2,1,1,TRUE,1.42857142857143,-1.80995446547764,1.71428571428571,1.25,2,0.666666666666667,1,2,"outgroup",1,0,0,0,1,0,0
71,5,2,"victim",0,18,3,2,1,2,1,1,TRUE,1.42857142857143,-1.80995446547764,1.71428571428571,1.25,2,0.666666666666667,1,2,"outgroup",1,0,0,0,1,0,0
71,6,2,"observer",1,18,3,2,1,2,1,1,TRUE,1.42857142857143,-1.80995446547764,1.71428571428571,1.25,2,0.666666666666667,2,2,"ingroup",0,0,0,1,1,0,0
71,8,2,"observer",1,18,3,2,1,2,1,1,TRUE,1.42857142857143,-1.80995446547764,1.71428571428571,1.25,2,0.666666666666667,2,1,"ingroup",0,0,1,0,1,0,0
71,9,1,"observer",1,18,3,2,1,2,1,1,TRUE,1.42857142857143,-1.80995446547764,1.71428571428571,1.25,2,0.666666666666667,1,2,"outgroup",1,0,0,0,1,0,0
71,10,1,"observer",1,18,3,2,1,2,1,1,TRUE,1.42857142857143,-1.80995446547764,1.71428571428571,1.25,2,0.666666666666667,2,2,"ingroup",0,0,0,1,1,0,0
72,1,1,"observer",1,18,1,1,0,2,1,2,TRUE,1.67857142857143,-1.23557777163603,1.14285714285714,1.875,2.28571428571429,1.33333333333333,1,1,"outgroup",1,0,1,1,1,-9,9
72,2,1,"observer",1,18,1,1,0,2,1,2,TRUE,1.67857142857143,-1.23557777163603,1.14285714285714,1.875,2.28571428571429,1.33333333333333,1,2,"outgroup",1,0,0,0,1,-9,9
72,4,2,"observer",1,18,1,1,0,2,1,2,TRUE,1.67857142857143,-1.23557777163603,1.14285714285714,1.875,2.28571428571429,1.33333333333333,1,2,"outgroup",1,0,0,0,1,-9,9
72,7,2,"victim",0,18,1,1,0,2,1,2,TRUE,1.67857142857143,-1.23557777163603,1.14285714285714,1.875,2.28571428571429,1.33333333333333,1,2,"outgroup",1,0,0,0,1,-8,8
72,9,2,"victim",0,18,1,1,0,2,1,2,TRUE,1.67857142857143,-1.23557777163603,1.14285714285714,1.875,2.28571428571429,1.33333333333333,1,2,"outgroup",1,0,0,0,1,-9,9
72,10,1,"victim",0,18,1,1,0,2,1,2,TRUE,1.67857142857143,-1.23557777163603,1.14285714285714,1.875,2.28571428571429,1.33333333333333,2,2,"ingroup",0,0,0,1,1,-9,9
73,2,1,"victim",0,18,4,1,0,2,1,1,TRUE,1.85714285714286,-0.825308704606306,1.42857142857143,2.25,2,1.66666666666667,2,2,"ingroup",0,0,0,1,1,-3,3
73,2,2,"victim",0,18,4,1,0,2,1,1,TRUE,1.85714285714286,-0.825308704606306,1.42857142857143,2.25,2,1.66666666666667,2,2,"ingroup",0,0,0,1,1,-3,3
73,6,1,"observer",1,18,4,1,0,2,1,1,TRUE,1.85714285714286,-0.825308704606306,1.42857142857143,2.25,2,1.66666666666667,2,2,"ingroup",0,0,0,1,1,-5,5
73,7,1,"observer",1,18,4,1,0,2,1,1,TRUE,1.85714285714286,-0.825308704606306,1.42857142857143,2.25,2,1.66666666666667,2,2,"ingroup",0,0,0,1,1,-5,5
73,7,2,"observer",1,18,4,1,0,2,1,1,TRUE,1.85714285714286,-0.825308704606306,1.42857142857143,2.25,2,1.66666666666667,2,2,"ingroup",0,0,0,1,1,-5,5
73,8,2,"observer",1,18,4,1,0,2,1,1,TRUE,1.85714285714286,-0.825308704606306,1.42857142857143,2.25,2,1.66666666666667,2,1,"ingroup",0,0,1,0,1,-5,5
73,10,2,"observer",1,18,4,1,0,2,1,1,TRUE,1.85714285714286,-0.825308704606306,1.42857142857143,2.25,2,1.66666666666667,2,2,"ingroup",0,0,0,1,1,-6,6
74,1,2,"observer",1,20,1,2,1,1,0,2,TRUE,2.21428571428571,-0.0047705705468572,2,2.25,2.42857142857143,2.16666666666667,2,2,"outgroup",1,0,1,1,1,-5,5
74,3,1,"observer",1,20,1,2,1,1,0,2,TRUE,2.21428571428571,-0.0047705705468572,2,2.25,2.42857142857143,2.16666666666667,1,1,"ingroup",0,0,0,1,1,-8,8
74,4,2,"observer",1,20,1,2,1,1,0,2,TRUE,2.21428571428571,-0.0047705705468572,2,2.25,2.42857142857143,2.16666666666667,1,2,"ingroup",0,0,1,0,1,-5,5
74,5,1,"observer",1,20,1,2,1,1,0,2,TRUE,2.21428571428571,-0.0047705705468572,2,2.25,2.42857142857143,2.16666666666667,1,2,"ingroup",0,0,1,0,1,-8,8
74,7,1,"victim",0,20,1,2,1,1,0,2,TRUE,2.21428571428571,-0.0047705705468572,2,2.25,2.42857142857143,2.16666666666667,2,1,"outgroup",1,0,0,0,1,-9,9
74,7,2,"victim",0,20,1,2,1,1,0,2,TRUE,2.21428571428571,-0.0047705705468572,2,2.25,2.42857142857143,2.16666666666667,1,1,"ingroup",0,0,0,1,1,-9,9
74,8,1,"victim",0,20,1,2,1,1,0,2,TRUE,2.21428571428571,-0.0047705705468572,2,2.25,2.42857142857143,2.16666666666667,1,1,"ingroup",0,0,0,1,1,-9,9
74,10,1,"victim",0,20,1,2,1,1,0,2,TRUE,2.21428571428571,-0.0047705705468572,2,2.25,2.42857142857143,2.16666666666667,1,1,"ingroup",0,0,0,1,1,-9,9
74,10,2,"victim",0,20,1,2,1,1,0,2,TRUE,2.21428571428571,-0.0047705705468572,2,2.25,2.42857142857143,2.16666666666667,1,1,"ingroup",0,0,0,1,1,-9,9
75,1,2,"victim",0,18,1,2,1,2,1,1,TRUE,2,-0.497093450982527,0.714285714285714,3.25,2.14285714285714,1.66666666666667,2,2,"ingroup",0,0,0,1,1,0,0
75,3,1,"victim",0,18,1,2,1,2,1,1,TRUE,2,-0.497093450982527,0.714285714285714,3.25,2.14285714285714,1.66666666666667,2,2,"ingroup",0,0,0,1,1,-9,9
75,3,2,"victim",0,18,1,2,1,2,1,1,TRUE,2,-0.497093450982527,0.714285714285714,3.25,2.14285714285714,1.66666666666667,1,2,"outgroup",1,0,0,0,1,-9,9
75,4,2,"victim",0,18,1,2,1,2,1,1,TRUE,2,-0.497093450982527,0.714285714285714,3.25,2.14285714285714,1.66666666666667,2,2,"ingroup",0,0,0,1,1,-9,9
75,5,2,"victim",0,18,1,2,1,2,1,1,TRUE,2,-0.497093450982527,0.714285714285714,3.25,2.14285714285714,1.66666666666667,1,2,"outgroup",1,0,0,0,1,-9,9
75,7,1,"observer",1,18,1,2,1,2,1,1,TRUE,2,-0.497093450982527,0.714285714285714,3.25,2.14285714285714,1.66666666666667,1,2,"outgroup",1,0,0,0,1,-9,9
75,8,1,"observer",1,18,1,2,1,2,1,1,TRUE,2,-0.497093450982527,0.714285714285714,3.25,2.14285714285714,1.66666666666667,1,2,"outgroup",1,0,0,0,1,-9,9
75,8,2,"observer",1,18,1,2,1,2,1,1,TRUE,2,-0.497093450982527,0.714285714285714,3.25,2.14285714285714,1.66666666666667,2,2,"ingroup",0,0,0,1,1,-9,9
76,1,1,"observer",1,19,3,2,1,2,1,2,TRUE,1.64285714285714,-1.31763158504198,2.28571428571429,1,2.42857142857143,0.833333333333333,1,2,"outgroup",1,0,0,0,1,9,-9
76,5,1,"observer",1,19,3,2,1,2,1,2,TRUE,1.64285714285714,-1.31763158504198,2.28571428571429,1,2.42857142857143,0.833333333333333,2,2,"ingroup",0,0,0,1,1,8,-8
76,5,2,"observer",1,19,3,2,1,2,1,2,TRUE,1.64285714285714,-1.31763158504198,2.28571428571429,1,2.42857142857143,0.833333333333333,2,2,"ingroup",0,0,0,1,1,8,-8
76,6,1,"victim",0,19,3,2,1,2,1,2,TRUE,1.64285714285714,-1.31763158504198,2.28571428571429,1,2.42857142857143,0.833333333333333,1,2,"outgroup",1,0,0,0,1,7,-7
76,7,1,"victim",0,19,3,2,1,2,1,2,TRUE,1.64285714285714,-1.31763158504198,2.28571428571429,1,2.42857142857143,0.833333333333333,2,2,"ingroup",0,0,0,1,1,8,-8
76,10,1,"victim",0,19,3,2,1,2,1,2,TRUE,1.64285714285714,-1.31763158504198,2.28571428571429,1,2.42857142857143,0.833333333333333,1,2,"outgroup",1,0,0,0,1,8,-8
77,1,1,"victim",0,19,2,2,1,2,1,1,TRUE,1.64285714285714,-1.31763158504198,1.57142857142857,1.625,2.28571428571429,1,1,2,"outgroup",1,0,0,0,1,-9,9
77,2,2,"victim",0,19,2,2,1,2,1,1,TRUE,1.64285714285714,-1.31763158504198,1.57142857142857,1.625,2.28571428571429,1,1,2,"outgroup",1,0,0,0,1,7,-7
77,3,1,"victim",0,19,2,2,1,2,1,1,TRUE,1.64285714285714,-1.31763158504198,1.57142857142857,1.625,2.28571428571429,1,2,2,"ingroup",0,0,0,1,1,-6,6
77,4,1,"victim",0,19,2,2,1,2,1,1,TRUE,1.64285714285714,-1.31763158504198,1.57142857142857,1.625,2.28571428571429,1,1,2,"outgroup",1,0,0,0,1,-5,5
77,9,2,"observer",1,19,2,2,1,2,1,1,TRUE,1.64285714285714,-1.31763158504198,1.57142857142857,1.625,2.28571428571429,1,1,1,"outgroup",1,0,1,1,1,-6,6
78,3,1,"observer",1,19,4,2,1,2,1,2,TRUE,1.71428571428571,-1.15352395823009,1.14285714285714,1.75,2.57142857142857,1.33333333333333,2,1,"ingroup",0,0,1,0,1,-8,8
78,4,2,"observer",1,19,4,2,1,2,1,2,TRUE,1.71428571428571,-1.15352395823009,1.14285714285714,1.75,2.57142857142857,1.33333333333333,2,2,"ingroup",0,0,0,1,1,-9,9
78,5,1,"observer",1,19,4,2,1,2,1,2,TRUE,1.71428571428571,-1.15352395823009,1.14285714285714,1.75,2.57142857142857,1.33333333333333,1,1,"outgroup",1,0,1,1,1,-8,8
78,6,2,"victim",0,19,4,2,1,2,1,2,TRUE,1.71428571428571,-1.15352395823009,1.14285714285714,1.75,2.57142857142857,1.33333333333333,2,2,"ingroup",0,0,0,1,1,-9,9
78,7,1,"victim",0,19,4,2,1,2,1,2,TRUE,1.71428571428571,-1.15352395823009,1.14285714285714,1.75,2.57142857142857,1.33333333333333,1,2,"outgroup",1,0,0,0,1,-9,9
78,7,2,"victim",0,19,4,2,1,2,1,2,TRUE,1.71428571428571,-1.15352395823009,1.14285714285714,1.75,2.57142857142857,1.33333333333333,1,2,"outgroup",1,0,0,0,1,-9,9
79,6,2,"observer",1,19,3,1,0,2,1,1,TRUE,2.35714285714286,0.323444683076922,1.71428571428571,2.625,3.14285714285714,1.83333333333333,1,1,"outgroup",1,0,1,1,1,-6,6
79,7,2,"observer",1,19,3,1,0,2,1,1,TRUE,2.35714285714286,0.323444683076922,1.71428571428571,2.625,3.14285714285714,1.83333333333333,2,2,"ingroup",0,0,0,1,1,-6,6
79,8,1,"observer",1,19,3,1,0,2,1,1,TRUE,2.35714285714286,0.323444683076922,1.71428571428571,2.625,3.14285714285714,1.83333333333333,2,2,"ingroup",0,0,0,1,1,9,-9
79,9,2,"observer",1,19,3,1,0,2,1,1,TRUE,2.35714285714286,0.323444683076922,1.71428571428571,2.625,3.14285714285714,1.83333333333333,2,2,"ingroup",0,0,0,1,1,-6,6
79,10,1,"observer",1,19,3,1,0,2,1,1,TRUE,2.35714285714286,0.323444683076922,1.71428571428571,2.625,3.14285714285714,1.83333333333333,1,1,"outgroup",1,0,1,1,1,-6,6
80,2,2,"victim",0,18,4,2,1,2,1,1,TRUE,2.21428571428571,-0.0047705705468572,1.42857142857143,2.125,3.28571428571429,2,2,2,"ingroup",0,0,0,1,1,-7,7
80,4,2,"victim",0,18,4,2,1,2,1,1,TRUE,2.21428571428571,-0.0047705705468572,1.42857142857143,2.125,3.28571428571429,2,2,2,"ingroup",0,0,0,1,1,-7,7
80,5,2,"victim",0,18,4,2,1,2,1,1,TRUE,2.21428571428571,-0.0047705705468572,1.42857142857143,2.125,3.28571428571429,2,2,2,"ingroup",0,0,0,1,1,-7,7
80,7,2,"observer",1,18,4,2,1,2,1,1,TRUE,2.21428571428571,-0.0047705705468572,1.42857142857143,2.125,3.28571428571429,2,1,1,"outgroup",1,0,1,1,1,-7,7
80,8,1,"observer",1,18,4,2,1,2,1,1,TRUE,2.21428571428571,-0.0047705705468572,1.42857142857143,2.125,3.28571428571429,2,2,1,"ingroup",0,0,1,0,1,-7,7
80,9,1,"observer",1,18,4,2,1,2,1,1,TRUE,2.21428571428571,-0.0047705705468572,1.42857142857143,2.125,3.28571428571429,2,1,1,"outgroup",1,0,1,1,1,-7,7
81,1,2,"victim",0,18,3,1,0,1,0,1,TRUE,2.89285714285714,1.5542518841661,2.57142857142857,2.875,3.28571428571429,2.83333333333333,1,1,"ingroup",0,0,0,1,1,9,-9
81,3,1,"victim",0,18,3,1,0,1,0,1,TRUE,2.89285714285714,1.5542518841661,2.57142857142857,2.875,3.28571428571429,2.83333333333333,2,1,"outgroup",1,0,0,0,1,9,-9
81,3,2,"victim",0,18,3,1,0,1,0,1,TRUE,2.89285714285714,1.5542518841661,2.57142857142857,2.875,3.28571428571429,2.83333333333333,1,1,"ingroup",0,0,0,1,1,9,-9
81,6,1,"observer",1,18,3,1,0,1,0,1,TRUE,2.89285714285714,1.5542518841661,2.57142857142857,2.875,3.28571428571429,2.83333333333333,2,2,"outgroup",1,0,1,1,1,9,-9
81,6,2,"observer",1,18,3,1,0,1,0,1,TRUE,2.89285714285714,1.5542518841661,2.57142857142857,2.875,3.28571428571429,2.83333333333333,2,2,"outgroup",1,0,1,1,1,9,-9
81,7,2,"observer",1,18,3,1,0,1,0,1,TRUE,2.89285714285714,1.5542518841661,2.57142857142857,2.875,3.28571428571429,2.83333333333333,2,2,"outgroup",1,0,1,1,1,-9,9
81,8,2,"observer",1,18,3,1,0,1,0,1,TRUE,2.89285714285714,1.5542518841661,2.57142857142857,2.875,3.28571428571429,2.83333333333333,1,1,"ingroup",0,0,0,1,1,-9,9
81,9,1,"observer",1,18,3,1,0,1,0,1,TRUE,2.89285714285714,1.5542518841661,2.57142857142857,2.875,3.28571428571429,2.83333333333333,1,2,"ingroup",0,0,1,0,1,9,-9
81,9,2,"observer",1,18,3,1,0,1,0,1,TRUE,2.89285714285714,1.5542518841661,2.57142857142857,2.875,3.28571428571429,2.83333333333333,1,2,"ingroup",0,0,1,0,1,9,-9
83,1,2,"observer",1,18,1,2,1,1,0,2,TRUE,2.53571428571429,0.733713750106646,2.71428571428571,2.5,3,1.83333333333333,2,1,"outgroup",1,0,0,0,1,0,0
83,5,2,"observer",1,18,1,2,1,1,0,2,TRUE,2.53571428571429,0.733713750106646,2.71428571428571,2.5,3,1.83333333333333,2,1,"outgroup",1,0,0,0,1,-9,9
83,7,2,"victim",0,18,1,2,1,1,0,2,TRUE,2.53571428571429,0.733713750106646,2.71428571428571,2.5,3,1.83333333333333,1,1,"ingroup",0,0,0,1,1,-2,2
83,8,1,"victim",0,18,1,2,1,1,0,2,TRUE,2.53571428571429,0.733713750106646,2.71428571428571,2.5,3,1.83333333333333,1,1,"ingroup",0,0,0,1,1,0,0
83,8,2,"victim",0,18,1,2,1,1,0,2,TRUE,2.53571428571429,0.733713750106646,2.71428571428571,2.5,3,1.83333333333333,1,1,"ingroup",0,0,0,1,1,0,0
83,9,2,"victim",0,18,1,2,1,1,0,2,TRUE,2.53571428571429,0.733713750106646,2.71428571428571,2.5,3,1.83333333333333,2,1,"outgroup",1,0,0,0,1,-7,7
83,10,1,"victim",0,18,1,2,1,1,0,2,TRUE,2.53571428571429,0.733713750106646,2.71428571428571,2.5,3,1.83333333333333,1,1,"ingroup",0,0,0,1,1,0,0
83,10,2,"victim",0,18,1,2,1,1,0,2,TRUE,2.53571428571429,0.733713750106646,2.71428571428571,2.5,3,1.83333333333333,2,1,"outgroup",1,0,0,0,1,0,0
84,1,1,"observer",1,19,4,1,0,1,0,2,TRUE,2.21428571428571,-0.0047705705468572,1.71428571428571,2.375,3,1.66666666666667,1,1,"ingroup",0,0,0,1,1,3,-3
84,1,2,"observer",1,19,4,1,0,1,0,2,TRUE,2.21428571428571,-0.0047705705468572,1.71428571428571,2.375,3,1.66666666666667,2,1,"outgroup",1,0,0,0,1,3,-3
84,2,2,"observer",1,19,4,1,0,1,0,2,TRUE,2.21428571428571,-0.0047705705468572,1.71428571428571,2.375,3,1.66666666666667,1,1,"ingroup",0,0,0,1,1,-4,4
84,4,1,"observer",1,19,4,1,0,1,0,2,TRUE,2.21428571428571,-0.0047705705468572,1.71428571428571,2.375,3,1.66666666666667,1,2,"ingroup",0,0,1,0,1,-2,2
84,4,2,"observer",1,19,4,1,0,1,0,2,TRUE,2.21428571428571,-0.0047705705468572,1.71428571428571,2.375,3,1.66666666666667,1,2,"ingroup",0,0,1,0,1,-2,2
84,5,2,"observer",1,19,4,1,0,1,0,2,TRUE,2.21428571428571,-0.0047705705468572,1.71428571428571,2.375,3,1.66666666666667,2,2,"outgroup",1,0,1,1,1,-3,3
84,6,1,"victim",0,19,4,1,0,1,0,2,TRUE,2.21428571428571,-0.0047705705468572,1.71428571428571,2.375,3,1.66666666666667,2,1,"outgroup",1,0,0,0,1,-2,2
84,8,1,"victim",0,19,4,1,0,1,0,2,TRUE,2.21428571428571,-0.0047705705468572,1.71428571428571,2.375,3,1.66666666666667,1,1,"ingroup",0,0,0,1,1,-2,2
84,8,2,"victim",0,19,4,1,0,1,0,2,TRUE,2.21428571428571,-0.0047705705468572,1.71428571428571,2.375,3,1.66666666666667,1,1,"ingroup",0,0,0,1,1,-2,2
84,9,1,"victim",0,19,4,1,0,1,0,2,TRUE,2.21428571428571,-0.0047705705468572,1.71428571428571,2.375,3,1.66666666666667,1,1,"ingroup",0,0,0,1,1,-2,2
85,1,2,"observer",1,18,2,1,0,1,0,2,TRUE,2.03571428571429,-0.415039637576582,1.42857142857143,1.875,2.57142857142857,2.33333333333333,2,1,"outgroup",1,0,0,0,1,-4,4
85,2,2,"observer",1,18,2,1,0,1,0,2,TRUE,2.03571428571429,-0.415039637576582,1.42857142857143,1.875,2.57142857142857,2.33333333333333,1,1,"ingroup",0,0,0,1,1,-5,5
85,5,2,"observer",1,18,2,1,0,1,0,2,TRUE,2.03571428571429,-0.415039637576582,1.42857142857143,1.875,2.57142857142857,2.33333333333333,2,1,"outgroup",1,0,0,0,1,-5,5
85,9,1,"victim",0,18,2,1,0,1,0,2,TRUE,2.03571428571429,-0.415039637576582,1.42857142857143,1.875,2.57142857142857,2.33333333333333,1,1,"ingroup",0,0,0,1,1,-5,5
85,10,1,"victim",0,18,2,1,0,1,0,2,TRUE,2.03571428571429,-0.415039637576582,1.42857142857143,1.875,2.57142857142857,2.33333333333333,1,1,"ingroup",0,0,0,1,1,-5,5
85,10,2,"victim",0,18,2,1,0,1,0,2,TRUE,2.03571428571429,-0.415039637576582,1.42857142857143,1.875,2.57142857142857,2.33333333333333,2,1,"outgroup",1,0,0,0,1,-5,5
86,3,2,"observer",1,20,2,1,0,1,0,2,TRUE,2.07142857142857,-0.332985824170637,1.57142857142857,2,3,1.66666666666667,1,1,"ingroup",0,0,0,1,1,-3,3
86,10,1,"victim",0,20,2,1,0,1,0,2,TRUE,2.07142857142857,-0.332985824170637,1.57142857142857,2,3,1.66666666666667,2,1,"outgroup",1,0,0,0,1,-5,5
89,2,2,"victim",0,20,1,1,0,1,0,1,TRUE,2.42857142857143,0.487552309888811,2.28571428571429,2.125,3.28571428571429,2,1,1,"ingroup",0,0,0,1,1,-9,9
89,4,1,"victim",0,20,1,1,0,1,0,1,TRUE,2.42857142857143,0.487552309888811,2.28571428571429,2.125,3.28571428571429,2,2,1,"outgroup",1,0,0,0,1,-9,9
89,4,2,"victim",0,20,1,1,0,1,0,1,TRUE,2.42857142857143,0.487552309888811,2.28571428571429,2.125,3.28571428571429,2,2,1,"outgroup",1,0,0,0,1,-9,9
89,5,1,"victim",0,20,1,1,0,1,0,1,TRUE,2.42857142857143,0.487552309888811,2.28571428571429,2.125,3.28571428571429,2,2,1,"outgroup",1,0,0,0,1,-9,9
89,6,2,"observer",1,20,1,1,0,1,0,1,TRUE,2.42857142857143,0.487552309888811,2.28571428571429,2.125,3.28571428571429,2,1,2,"ingroup",0,0,1,0,1,-9,9
89,7,2,"observer",1,20,1,1,0,1,0,1,TRUE,2.42857142857143,0.487552309888811,2.28571428571429,2.125,3.28571428571429,2,2,1,"outgroup",1,0,0,0,1,-9,9
89,8,1,"observer",1,20,1,1,0,1,0,1,TRUE,2.42857142857143,0.487552309888811,2.28571428571429,2.125,3.28571428571429,2,1,2,"ingroup",0,0,1,0,1,-9,9
89,8,2,"observer",1,20,1,1,0,1,0,1,TRUE,2.42857142857143,0.487552309888811,2.28571428571429,2.125,3.28571428571429,2,1,2,"ingroup",0,0,1,0,1,-9,9
89,9,1,"observer",1,20,1,1,0,1,0,1,TRUE,2.42857142857143,0.487552309888811,2.28571428571429,2.125,3.28571428571429,2,2,1,"outgroup",1,0,0,0,1,-9,9
89,10,2,"observer",1,20,1,1,0,1,0,1,TRUE,2.42857142857143,0.487552309888811,2.28571428571429,2.125,3.28571428571429,2,1,2,"ingroup",0,0,1,0,1,-9,9
90,1,1,"victim",0,23,1,2,1,1,0,1,TRUE,1.78571428571429,-0.989416331418196,1.42857142857143,2,2.42857142857143,1.16666666666667,2,1,"outgroup",1,0,0,0,1,3,-3
90,6,1,"observer",1,23,1,2,1,1,0,1,TRUE,1.78571428571429,-0.989416331418196,1.42857142857143,2,2.42857142857143,1.16666666666667,1,2,"ingroup",0,0,1,0,1,-1,1
90,6,2,"observer",1,23,1,2,1,1,0,1,TRUE,1.78571428571429,-0.989416331418196,1.42857142857143,2,2.42857142857143,1.16666666666667,1,2,"ingroup",0,0,1,0,1,-1,1
90,7,2,"observer",1,23,1,2,1,1,0,1,TRUE,1.78571428571429,-0.989416331418196,1.42857142857143,2,2.42857142857143,1.16666666666667,2,2,"outgroup",1,0,1,1,1,-1,1
90,8,1,"observer",1,23,1,2,1,1,0,1,TRUE,1.78571428571429,-0.989416331418196,1.42857142857143,2,2.42857142857143,1.16666666666667,1,2,"ingroup",0,0,1,0,1,-1,1
90,9,2,"observer",1,23,1,2,1,1,0,1,TRUE,1.78571428571429,-0.989416331418196,1.42857142857143,2,2.42857142857143,1.16666666666667,2,1,"outgroup",1,0,0,0,1,-1,1
90,10,2,"observer",1,23,1,2,1,1,0,1,TRUE,1.78571428571429,-0.989416331418196,1.42857142857143,2,2.42857142857143,1.16666666666667,1,2,"ingroup",0,0,1,0,1,-1,1
93,1,1,"victim",0,20,2,2,1,1,0,1,TRUE,1.78571428571429,-0.989416331418196,1.14285714285714,1.75,2.57142857142857,1.66666666666667,2,1,"outgroup",1,0,0,0,1,-5,5
93,3,1,"victim",0,20,2,2,1,1,0,1,TRUE,1.78571428571429,-0.989416331418196,1.14285714285714,1.75,2.57142857142857,1.66666666666667,1,1,"ingroup",0,0,0,1,1,-5,5
93,4,2,"victim",0,20,2,2,1,1,0,1,TRUE,1.78571428571429,-0.989416331418196,1.14285714285714,1.75,2.57142857142857,1.66666666666667,2,1,"outgroup",1,0,0,0,1,-8,8
93,5,2,"victim",0,20,2,2,1,1,0,1,TRUE,1.78571428571429,-0.989416331418196,1.14285714285714,1.75,2.57142857142857,1.66666666666667,1,1,"ingroup",0,0,0,1,1,-5,5
93,8,1,"observer",1,20,2,2,1,1,0,1,TRUE,1.78571428571429,-0.989416331418196,1.14285714285714,1.75,2.57142857142857,1.66666666666667,1,1,"ingroup",0,0,0,1,1,-4,4
93,9,2,"observer",1,20,2,2,1,1,0,1,TRUE,1.78571428571429,-0.989416331418196,1.14285714285714,1.75,2.57142857142857,1.66666666666667,2,2,"outgroup",1,0,1,1,1,-5,5
93,10,1,"observer",1,20,2,2,1,1,0,1,TRUE,1.78571428571429,-0.989416331418196,1.14285714285714,1.75,2.57142857142857,1.66666666666667,2,2,"outgroup",1,0,1,1,1,0,0
93,10,2,"observer",1,20,2,2,1,1,0,1,TRUE,1.78571428571429,-0.989416331418196,1.14285714285714,1.75,2.57142857142857,1.66666666666667,1,2,"ingroup",0,0,1,0,1,0,0
94,1,2,"victim",0,22,1,1,0,2,1,1,TRUE,1.85714285714286,-0.825308704606306,0.857142857142857,2.25,2.14285714285714,2.16666666666667,2,2,"ingroup",0,0,0,1,1,-5,5
94,2,2,"victim",0,22,1,1,0,2,1,1,TRUE,1.85714285714286,-0.825308704606306,0.857142857142857,2.25,2.14285714285714,2.16666666666667,2,2,"ingroup",0,0,0,1,1,-5,5
94,9,2,"observer",1,22,1,1,0,2,1,1,TRUE,1.85714285714286,-0.825308704606306,0.857142857142857,2.25,2.14285714285714,2.16666666666667,1,2,"outgroup",1,0,0,0,1,-7,7
94,10,1,"observer",1,22,1,1,0,2,1,1,TRUE,1.85714285714286,-0.825308704606306,0.857142857142857,2.25,2.14285714285714,2.16666666666667,2,1,"ingroup",0,0,1,0,1,-6,6
95,1,1,"observer",1,18,3,1,0,1,0,2,TRUE,2.28571428571429,0.159337056265032,1.71428571428571,2.25,2.71428571428571,2.5,2,2,"outgroup",1,0,1,1,1,-5,5
95,2,1,"observer",1,18,3,1,0,1,0,2,TRUE,2.28571428571429,0.159337056265032,1.71428571428571,2.25,2.71428571428571,2.5,1,2,"ingroup",0,0,1,0,1,-6,6
95,5,1,"observer",1,18,3,1,0,1,0,2,TRUE,2.28571428571429,0.159337056265032,1.71428571428571,2.25,2.71428571428571,2.5,2,1,"outgroup",1,0,0,0,1,-6,6
95,5,2,"observer",1,18,3,1,0,1,0,2,TRUE,2.28571428571429,0.159337056265032,1.71428571428571,2.25,2.71428571428571,2.5,1,1,"ingroup",0,0,0,1,1,-6,6
95,6,2,"victim",0,18,3,1,0,1,0,2,TRUE,2.28571428571429,0.159337056265032,1.71428571428571,2.25,2.71428571428571,2.5,1,1,"ingroup",0,0,0,1,1,-6,6
95,7,1,"victim",0,18,3,1,0,1,0,2,TRUE,2.28571428571429,0.159337056265032,1.71428571428571,2.25,2.71428571428571,2.5,2,1,"outgroup",1,0,0,0,1,-6,6
95,7,2,"victim",0,18,3,1,0,1,0,2,TRUE,2.28571428571429,0.159337056265032,1.71428571428571,2.25,2.71428571428571,2.5,1,1,"ingroup",0,0,0,1,1,-6,6
95,8,1,"victim",0,18,3,1,0,1,0,2,TRUE,2.28571428571429,0.159337056265032,1.71428571428571,2.25,2.71428571428571,2.5,2,1,"outgroup",1,0,0,0,1,-6,6
95,10,1,"victim",0,18,3,1,0,1,0,2,TRUE,2.28571428571429,0.159337056265032,1.71428571428571,2.25,2.71428571428571,2.5,1,1,"ingroup",0,0,0,1,1,-6,6
96,2,2,"victim",0,21,3,1,0,2,1,1,TRUE,2.25,0.0772832428590874,1.71428571428571,2.75,2.28571428571429,2.16666666666667,1,2,"outgroup",1,0,0,0,1,0,0
96,4,2,"victim",0,21,3,1,0,2,1,1,TRUE,2.25,0.0772832428590874,1.71428571428571,2.75,2.28571428571429,2.16666666666667,2,2,"ingroup",0,0,0,1,1,0,0
96,5,1,"victim",0,21,3,1,0,2,1,1,TRUE,2.25,0.0772832428590874,1.71428571428571,2.75,2.28571428571429,2.16666666666667,1,2,"outgroup",1,0,0,0,1,0,0
96,5,2,"victim",0,21,3,1,0,2,1,1,TRUE,2.25,0.0772832428590874,1.71428571428571,2.75,2.28571428571429,2.16666666666667,2,2,"ingroup",0,0,0,1,1,0,0
96,7,1,"observer",1,21,3,1,0,2,1,1,TRUE,2.25,0.0772832428590874,1.71428571428571,2.75,2.28571428571429,2.16666666666667,2,2,"ingroup",0,0,0,1,1,-1,1
96,9,1,"observer",1,21,3,1,0,2,1,1,TRUE,2.25,0.0772832428590874,1.71428571428571,2.75,2.28571428571429,2.16666666666667,1,2,"outgroup",1,0,0,0,1,0,0
96,10,1,"observer",1,21,3,1,0,2,1,1,TRUE,2.25,0.0772832428590874,1.71428571428571,2.75,2.28571428571429,2.16666666666667,1,2,"outgroup",1,0,0,0,1,0,0
96,10,2,"observer",1,21,3,1,0,2,1,1,TRUE,2.25,0.0772832428590874,1.71428571428571,2.75,2.28571428571429,2.16666666666667,2,2,"ingroup",0,0,0,1,1,0,0
97,1,2,"observer",1,18,1,1,0,1,0,2,TRUE,2.07142857142857,-0.332985824170637,1.57142857142857,2.5,2.28571428571429,1.83333333333333,2,2,"outgroup",1,0,1,1,1,-6,6
97,3,2,"observer",1,18,1,1,0,1,0,2,TRUE,2.07142857142857,-0.332985824170637,1.57142857142857,2.5,2.28571428571429,1.83333333333333,1,1,"ingroup",0,0,0,1,1,-6,6
97,4,1,"observer",1,18,1,1,0,1,0,2,TRUE,2.07142857142857,-0.332985824170637,1.57142857142857,2.5,2.28571428571429,1.83333333333333,1,2,"ingroup",0,0,1,0,1,5,-5
97,4,2,"observer",1,18,1,1,0,1,0,2,TRUE,2.07142857142857,-0.332985824170637,1.57142857142857,2.5,2.28571428571429,1.83333333333333,2,2,"outgroup",1,0,1,1,1,5,-5
97,6,1,"victim",0,18,1,1,0,1,0,2,TRUE,2.07142857142857,-0.332985824170637,1.57142857142857,2.5,2.28571428571429,1.83333333333333,2,1,"outgroup",1,0,0,0,1,-5,5
97,7,1,"victim",0,18,1,1,0,1,0,2,TRUE,2.07142857142857,-0.332985824170637,1.57142857142857,2.5,2.28571428571429,1.83333333333333,2,1,"outgroup",1,0,0,0,1,-7,7
97,9,1,"victim",0,18,1,1,0,1,0,2,TRUE,2.07142857142857,-0.332985824170637,1.57142857142857,2.5,2.28571428571429,1.83333333333333,1,1,"ingroup",0,0,0,1,1,-5,5
97,10,1,"victim",0,18,1,1,0,1,0,2,TRUE,2.07142857142857,-0.332985824170637,1.57142857142857,2.5,2.28571428571429,1.83333333333333,2,1,"outgroup",1,0,0,0,1,-5,5
97,10,2,"victim",0,18,1,1,0,1,0,2,TRUE,2.07142857142857,-0.332985824170637,1.57142857142857,2.5,2.28571428571429,1.83333333333333,2,1,"outgroup",1,0,0,0,1,-5,5
98,1,2,"observer",1,21,1,2,1,2,1,2,TRUE,2.21428571428571,-0.0047705705468572,1.57142857142857,2.375,2.42857142857143,2.5,2,2,"ingroup",0,0,0,1,1,1,-1
98,3,2,"observer",1,21,1,2,1,2,1,2,TRUE,2.21428571428571,-0.0047705705468572,1.57142857142857,2.375,2.42857142857143,2.5,2,2,"ingroup",0,0,0,1,1,-1,1
98,4,1,"observer",1,21,1,2,1,2,1,2,TRUE,2.21428571428571,-0.0047705705468572,1.57142857142857,2.375,2.42857142857143,2.5,2,1,"ingroup",0,0,1,0,1,-1,1
98,6,1,"victim",0,21,1,2,1,2,1,2,TRUE,2.21428571428571,-0.0047705705468572,1.57142857142857,2.375,2.42857142857143,2.5,1,2,"outgroup",1,0,0,0,1,-2,2
98,7,1,"victim",0,21,1,2,1,2,1,2,TRUE,2.21428571428571,-0.0047705705468572,1.57142857142857,2.375,2.42857142857143,2.5,1,2,"outgroup",1,0,0,0,1,-1,1
98,8,2,"victim",0,21,1,2,1,2,1,2,TRUE,2.21428571428571,-0.0047705705468572,1.57142857142857,2.375,2.42857142857143,2.5,1,2,"outgroup",1,0,0,0,1,-1,1
98,9,2,"victim",0,21,1,2,1,2,1,2,TRUE,2.21428571428571,-0.0047705705468572,1.57142857142857,2.375,2.42857142857143,2.5,1,2,"outgroup",1,0,0,0,1,-1,1
99,1,1,"victim",0,19,3,2,1,1,0,1,TRUE,2.92857142857143,1.63630569757204,3.28571428571429,2.375,3.42857142857143,2.66666666666667,1,1,"ingroup",0,0,0,1,1,0,0
99,8,1,"observer",1,19,3,2,1,1,0,1,TRUE,2.92857142857143,1.63630569757204,3.28571428571429,2.375,3.42857142857143,2.66666666666667,1,2,"ingroup",0,0,1,0,1,-3,3
99,8,2,"observer",1,19,3,2,1,1,0,1,TRUE,2.92857142857143,1.63630569757204,3.28571428571429,2.375,3.42857142857143,2.66666666666667,2,2,"outgroup",1,0,1,1,1,-3,3
99,10,1,"observer",1,19,3,2,1,1,0,1,TRUE,2.92857142857143,1.63630569757204,3.28571428571429,2.375,3.42857142857143,2.66666666666667,2,1,"outgroup",1,0,0,0,1,-3,3
100,1,1,"victim",0,19,1,2,1,1,0,1,TRUE,1.85714285714286,-0.825308704606306,1.71428571428571,2.375,2,1.16666666666667,1,1,"ingroup",0,0,0,1,1,-1,1
100,1,2,"victim",0,19,1,2,1,1,0,1,TRUE,1.85714285714286,-0.825308704606306,1.71428571428571,2.375,2,1.16666666666667,2,1,"outgroup",1,0,0,0,1,-1,1
100,2,1,"victim",0,19,1,2,1,1,0,1,TRUE,1.85714285714286,-0.825308704606306,1.71428571428571,2.375,2,1.16666666666667,1,1,"ingroup",0,0,0,1,1,-1,1
100,3,2,"victim",0,19,1,2,1,1,0,1,TRUE,1.85714285714286,-0.825308704606306,1.71428571428571,2.375,2,1.16666666666667,2,1,"outgroup",1,0,0,0,1,-1,1
100,5,1,"victim",0,19,1,2,1,1,0,1,TRUE,1.85714285714286,-0.825308704606306,1.71428571428571,2.375,2,1.16666666666667,2,1,"outgroup",1,0,0,0,1,-1,1
100,5,2,"victim",0,19,1,2,1,1,0,1,TRUE,1.85714285714286,-0.825308704606306,1.71428571428571,2.375,2,1.16666666666667,1,1,"ingroup",0,0,0,1,1,-1,1
100,6,2,"observer",1,19,1,2,1,1,0,1,TRUE,1.85714285714286,-0.825308704606306,1.71428571428571,2.375,2,1.16666666666667,1,1,"ingroup",0,0,0,1,1,-1,1
100,8,1,"observer",1,19,1,2,1,1,0,1,TRUE,1.85714285714286,-0.825308704606306,1.71428571428571,2.375,2,1.16666666666667,2,2,"outgroup",1,0,1,1,1,-1,1
100,8,2,"observer",1,19,1,2,1,1,0,1,TRUE,1.85714285714286,-0.825308704606306,1.71428571428571,2.375,2,1.16666666666667,1,2,"ingroup",0,0,1,0,1,-1,1
100,10,1,"observer",1,19,1,2,1,1,0,1,TRUE,1.85714285714286,-0.825308704606306,1.71428571428571,2.375,2,1.16666666666667,2,2,"outgroup",1,0,1,1,1,-1,1
101,2,2,"victim",0,18,1,2,1,2,1,1,TRUE,1.82142857142857,-0.907362518012251,1.71428571428571,2.375,1.71428571428571,1.33333333333333,2,2,"ingroup",0,0,0,1,1,-3,3
101,3,1,"victim",0,18,1,2,1,2,1,1,TRUE,1.82142857142857,-0.907362518012251,1.71428571428571,2.375,1.71428571428571,1.33333333333333,1,2,"outgroup",1,0,0,0,1,-9,9
101,4,2,"victim",0,18,1,2,1,2,1,1,TRUE,1.82142857142857,-0.907362518012251,1.71428571428571,2.375,1.71428571428571,1.33333333333333,1,2,"outgroup",1,0,0,0,1,-9,9
101,5,1,"victim",0,18,1,2,1,2,1,1,TRUE,1.82142857142857,-0.907362518012251,1.71428571428571,2.375,1.71428571428571,1.33333333333333,2,2,"ingroup",0,0,0,1,1,-9,9
101,7,1,"observer",1,18,1,2,1,2,1,1,TRUE,1.82142857142857,-0.907362518012251,1.71428571428571,2.375,1.71428571428571,1.33333333333333,1,2,"outgroup",1,0,0,0,1,-9,9
101,9,1,"observer",1,18,1,2,1,2,1,1,TRUE,1.82142857142857,-0.907362518012251,1.71428571428571,2.375,1.71428571428571,1.33333333333333,1,2,"outgroup",1,0,0,0,1,-9,9
101,10,1,"observer",1,18,1,2,1,2,1,1,TRUE,1.82142857142857,-0.907362518012251,1.71428571428571,2.375,1.71428571428571,1.33333333333333,2,1,"ingroup",0,0,1,0,1,-9,9
102,1,1,"observer",1,18,3,2,1,2,1,2,TRUE,1.92857142857143,-0.661201077794417,1.14285714285714,2.375,1.57142857142857,2.66666666666667,1,2,"outgroup",1,0,0,0,1,2,-2
102,2,2,"observer",1,18,3,2,1,2,1,2,TRUE,1.92857142857143,-0.661201077794417,1.14285714285714,2.375,1.57142857142857,2.66666666666667,2,1,"ingroup",0,0,1,0,1,2,-2
102,3,1,"observer",1,18,3,2,1,2,1,2,TRUE,1.92857142857143,-0.661201077794417,1.14285714285714,2.375,1.57142857142857,2.66666666666667,1,2,"outgroup",1,0,0,0,1,2,-2
102,4,2,"observer",1,18,3,2,1,2,1,2,TRUE,1.92857142857143,-0.661201077794417,1.14285714285714,2.375,1.57142857142857,2.66666666666667,2,2,"ingroup",0,0,0,1,1,2,-2
102,5,1,"observer",1,18,3,2,1,2,1,2,TRUE,1.92857142857143,-0.661201077794417,1.14285714285714,2.375,1.57142857142857,2.66666666666667,2,1,"ingroup",0,0,1,0,1,2,-2
102,5,2,"observer",1,18,3,2,1,2,1,2,TRUE,1.92857142857143,-0.661201077794417,1.14285714285714,2.375,1.57142857142857,2.66666666666667,1,1,"outgroup",1,0,1,1,1,2,-2
102,6,2,"victim",0,18,3,2,1,2,1,2,TRUE,1.92857142857143,-0.661201077794417,1.14285714285714,2.375,1.57142857142857,2.66666666666667,1,2,"outgroup",1,0,0,0,1,-7,7
102,7,1,"victim",0,18,3,2,1,2,1,2,TRUE,1.92857142857143,-0.661201077794417,1.14285714285714,2.375,1.57142857142857,2.66666666666667,2,2,"ingroup",0,0,0,1,1,-8,8
102,9,2,"victim",0,18,3,2,1,2,1,2,TRUE,1.92857142857143,-0.661201077794417,1.14285714285714,2.375,1.57142857142857,2.66666666666667,1,2,"outgroup",1,0,0,0,1,-9,9
102,10,1,"victim",0,18,3,2,1,2,1,2,TRUE,1.92857142857143,-0.661201077794417,1.14285714285714,2.375,1.57142857142857,2.66666666666667,1,2,"outgroup",1,0,0,0,1,-8,8
103,1,1,"observer",1,27,1,1,0,1,0,2,TRUE,2.92857142857143,1.63630569757204,2.85714285714286,2.875,2.85714285714286,3.16666666666667,1,1,"ingroup",0,0,0,1,1,3,-3
103,4,2,"observer",1,27,1,1,0,1,0,2,TRUE,2.92857142857143,1.63630569757204,2.85714285714286,2.875,2.85714285714286,3.16666666666667,1,1,"ingroup",0,0,0,1,1,3,-3
103,5,2,"observer",1,27,1,1,0,1,0,2,TRUE,2.92857142857143,1.63630569757204,2.85714285714286,2.875,2.85714285714286,3.16666666666667,2,1,"outgroup",1,0,0,0,1,3,-3
103,8,1,"victim",0,27,1,1,0,1,0,2,TRUE,2.92857142857143,1.63630569757204,2.85714285714286,2.875,2.85714285714286,3.16666666666667,2,1,"outgroup",1,0,0,0,1,3,-3
103,8,2,"victim",0,27,1,1,0,1,0,2,TRUE,2.92857142857143,1.63630569757204,2.85714285714286,2.875,2.85714285714286,3.16666666666667,1,1,"ingroup",0,0,0,1,1,3,-3
103,9,1,"victim",0,27,1,1,0,1,0,2,TRUE,2.92857142857143,1.63630569757204,2.85714285714286,2.875,2.85714285714286,3.16666666666667,2,1,"outgroup",1,0,0,0,1,3,-3
103,9,2,"victim",0,27,1,1,0,1,0,2,TRUE,2.92857142857143,1.63630569757204,2.85714285714286,2.875,2.85714285714286,3.16666666666667,1,1,"ingroup",0,0,0,1,1,3,-3
103,10,1,"victim",0,27,1,1,0,1,0,2,TRUE,2.92857142857143,1.63630569757204,2.85714285714286,2.875,2.85714285714286,3.16666666666667,1,1,"ingroup",0,0,0,1,1,3,-3
103,10,2,"victim",0,27,1,1,0,1,0,2,TRUE,2.92857142857143,1.63630569757204,2.85714285714286,2.875,2.85714285714286,3.16666666666667,1,1,"ingroup",0,0,0,1,1,3,-3
104,1,1,"victim",0,22,4,1,0,2,1,1,TRUE,2.67857142857143,1.06192900373043,2.42857142857143,2.875,3.28571428571429,2,1,2,"outgroup",1,0,0,0,1,-3,3
104,2,2,"victim",0,22,4,1,0,2,1,1,TRUE,2.67857142857143,1.06192900373043,2.42857142857143,2.875,3.28571428571429,2,2,2,"ingroup",0,0,0,1,1,2,-2
104,3,1,"victim",0,22,4,1,0,2,1,1,TRUE,2.67857142857143,1.06192900373043,2.42857142857143,2.875,3.28571428571429,2,2,2,"ingroup",0,0,0,1,1,-3,3
104,4,1,"victim",0,22,4,1,0,2,1,1,TRUE,2.67857142857143,1.06192900373043,2.42857142857143,2.875,3.28571428571429,2,2,2,"ingroup",0,0,0,1,1,-4,4
104,4,2,"victim",0,22,4,1,0,2,1,1,TRUE,2.67857142857143,1.06192900373043,2.42857142857143,2.875,3.28571428571429,2,1,2,"outgroup",1,0,0,0,1,-4,4
104,5,1,"victim",0,22,4,1,0,2,1,1,TRUE,2.67857142857143,1.06192900373043,2.42857142857143,2.875,3.28571428571429,2,2,2,"ingroup",0,0,0,1,1,-6,6
104,8,1,"observer",1,22,4,1,0,2,1,1,TRUE,2.67857142857143,1.06192900373043,2.42857142857143,2.875,3.28571428571429,2,1,2,"outgroup",1,0,0,0,1,-9,9
104,10,1,"observer",1,22,4,1,0,2,1,1,TRUE,2.67857142857143,1.06192900373043,2.42857142857143,2.875,3.28571428571429,2,1,2,"outgroup",1,0,0,0,1,-9,9
105,7,2,"observer",1,21,1,1,0,2,1,1,TRUE,2.60714285714286,0.897821376918536,2.28571428571429,2.625,2.71428571428571,2.83333333333333,2,2,"ingroup",0,0,0,1,1,-2,2
105,8,1,"observer",1,21,1,1,0,2,1,1,TRUE,2.60714285714286,0.897821376918536,2.28571428571429,2.625,2.71428571428571,2.83333333333333,1,1,"outgroup",1,0,1,1,1,-3,3
105,9,1,"observer",1,21,1,1,0,2,1,1,TRUE,2.60714285714286,0.897821376918536,2.28571428571429,2.625,2.71428571428571,2.83333333333333,2,2,"ingroup",0,0,0,1,1,-4,4
105,9,2,"observer",1,21,1,1,0,2,1,1,TRUE,2.60714285714286,0.897821376918536,2.28571428571429,2.625,2.71428571428571,2.83333333333333,1,2,"outgroup",1,0,0,0,1,-4,4
106,1,2,"observer",1,21,1,2,1,2,1,2,TRUE,2.42857142857143,0.487552309888811,2,2.625,2.85714285714286,2.16666666666667,1,1,"outgroup",1,0,1,1,1,2,-2
106,2,2,"observer",1,21,1,2,1,2,1,2,TRUE,2.42857142857143,0.487552309888811,2,2.625,2.85714285714286,2.16666666666667,1,1,"outgroup",1,0,1,1,1,2,-2
106,3,1,"observer",1,21,1,2,1,2,1,2,TRUE,2.42857142857143,0.487552309888811,2,2.625,2.85714285714286,2.16666666666667,1,2,"outgroup",1,0,0,0,1,3,-3
106,3,2,"observer",1,21,1,2,1,2,1,2,TRUE,2.42857142857143,0.487552309888811,2,2.625,2.85714285714286,2.16666666666667,2,2,"ingroup",0,0,0,1,1,3,-3
106,4,1,"observer",1,21,1,2,1,2,1,2,TRUE,2.42857142857143,0.487552309888811,2,2.625,2.85714285714286,2.16666666666667,2,1,"ingroup",0,0,1,0,1,3,-3
106,5,2,"observer",1,21,1,2,1,2,1,2,TRUE,2.42857142857143,0.487552309888811,2,2.625,2.85714285714286,2.16666666666667,1,2,"outgroup",1,0,0,0,1,4,-4
106,9,1,"victim",0,21,1,2,1,2,1,2,TRUE,2.42857142857143,0.487552309888811,2,2.625,2.85714285714286,2.16666666666667,1,2,"outgroup",1,0,0,0,1,1,-1
106,10,1,"victim",0,21,1,2,1,2,1,2,TRUE,2.42857142857143,0.487552309888811,2,2.625,2.85714285714286,2.16666666666667,1,2,"outgroup",1,0,0,0,1,1,-1
106,10,2,"victim",0,21,1,2,1,2,1,2,TRUE,2.42857142857143,0.487552309888811,2,2.625,2.85714285714286,2.16666666666667,2,2,"ingroup",0,0,0,1,1,1,-1
107,2,1,"observer",1,20,2,2,1,2,1,2,TRUE,2.07142857142857,-0.332985824170637,2.14285714285714,2.375,2,1.66666666666667,1,1,"outgroup",1,0,1,1,1,-9,9
107,2,2,"observer",1,20,2,2,1,2,1,2,TRUE,2.07142857142857,-0.332985824170637,2.14285714285714,2.375,2,1.66666666666667,1,1,"outgroup",1,0,1,1,1,-9,9
107,4,2,"observer",1,20,2,2,1,2,1,2,TRUE,2.07142857142857,-0.332985824170637,2.14285714285714,2.375,2,1.66666666666667,1,1,"outgroup",1,0,1,1,1,-9,9
107,8,1,"victim",0,20,2,2,1,2,1,2,TRUE,2.07142857142857,-0.332985824170637,2.14285714285714,2.375,2,1.66666666666667,2,2,"ingroup",0,0,0,1,1,-9,9
107,9,1,"victim",0,20,2,2,1,2,1,2,TRUE,2.07142857142857,-0.332985824170637,2.14285714285714,2.375,2,1.66666666666667,2,2,"ingroup",0,0,0,1,1,-9,9
108,2,1,"victim",0,23,2,1,0,2,1,1,TRUE,2.10714285714286,-0.250932010764692,1.85714285714286,2.125,1.85714285714286,2.66666666666667,1,2,"outgroup",1,0,0,0,1,0,0
108,5,1,"victim",0,23,2,1,0,2,1,1,TRUE,2.10714285714286,-0.250932010764692,1.85714285714286,2.125,1.85714285714286,2.66666666666667,2,2,"ingroup",0,0,0,1,1,-9,9
108,6,1,"observer",1,23,2,1,0,2,1,1,TRUE,2.10714285714286,-0.250932010764692,1.85714285714286,2.125,1.85714285714286,2.66666666666667,2,1,"ingroup",0,0,1,0,1,-9,9
108,7,1,"observer",1,23,2,1,0,2,1,1,TRUE,2.10714285714286,-0.250932010764692,1.85714285714286,2.125,1.85714285714286,2.66666666666667,2,2,"ingroup",0,0,0,1,1,-9,9
108,7,2,"observer",1,23,2,1,0,2,1,1,TRUE,2.10714285714286,-0.250932010764692,1.85714285714286,2.125,1.85714285714286,2.66666666666667,2,2,"ingroup",0,0,0,1,1,-9,9
109,1,2,"victim",0,19,1,2,1,2,1,1,TRUE,1.46428571428571,-1.7279006520717,1,1.875,1.42857142857143,1.5,1,2,"outgroup",1,0,0,0,1,0,0
109,2,2,"victim",0,19,1,2,1,2,1,1,TRUE,1.46428571428571,-1.7279006520717,1,1.875,1.42857142857143,1.5,2,2,"ingroup",0,0,0,1,1,0,0
109,3,1,"victim",0,19,1,2,1,2,1,1,TRUE,1.46428571428571,-1.7279006520717,1,1.875,1.42857142857143,1.5,2,2,"ingroup",0,0,0,1,1,0,0
109,4,2,"victim",0,19,1,2,1,2,1,1,TRUE,1.46428571428571,-1.7279006520717,1,1.875,1.42857142857143,1.5,2,2,"ingroup",0,0,0,1,1,0,0
109,5,2,"victim",0,19,1,2,1,2,1,1,TRUE,1.46428571428571,-1.7279006520717,1,1.875,1.42857142857143,1.5,1,2,"outgroup",1,0,0,0,1,0,0
109,6,2,"observer",1,19,1,2,1,2,1,1,TRUE,1.46428571428571,-1.7279006520717,1,1.875,1.42857142857143,1.5,1,2,"outgroup",1,0,0,0,1,0,0
109,8,2,"observer",1,19,1,2,1,2,1,1,TRUE,1.46428571428571,-1.7279006520717,1,1.875,1.42857142857143,1.5,1,2,"outgroup",1,0,0,0,1,0,0
110,1,1,"observer",1,18,1,2,1,2,1,2,TRUE,2.14285714285714,-0.168878197358747,1.42857142857143,2.5,3,1.5,2,2,"ingroup",0,0,0,1,1,-5,5
110,3,2,"observer",1,18,1,2,1,2,1,2,TRUE,2.14285714285714,-0.168878197358747,1.42857142857143,2.5,3,1.5,1,1,"outgroup",1,0,1,1,1,-4,4
110,4,1,"observer",1,18,1,2,1,2,1,2,TRUE,2.14285714285714,-0.168878197358747,1.42857142857143,2.5,3,1.5,2,1,"ingroup",0,0,1,0,1,6,-6
110,8,1,"victim",0,18,1,2,1,2,1,2,TRUE,2.14285714285714,-0.168878197358747,1.42857142857143,2.5,3,1.5,2,2,"ingroup",0,0,0,1,1,9,-9
111,2,2,"observer",1,19,1,2,1,1,0,2,TRUE,2.35714285714286,0.323444683076922,2,2.5,2.71428571428571,2.16666666666667,1,2,"ingroup",0,0,1,0,1,0,0
111,3,2,"observer",1,19,1,2,1,1,0,2,TRUE,2.35714285714286,0.323444683076922,2,2.5,2.71428571428571,2.16666666666667,2,1,"outgroup",1,0,0,0,1,0,0
111,4,1,"observer",1,19,1,2,1,1,0,2,TRUE,2.35714285714286,0.323444683076922,2,2.5,2.71428571428571,2.16666666666667,1,1,"ingroup",0,0,0,1,1,-1,1
111,4,2,"observer",1,19,1,2,1,1,0,2,TRUE,2.35714285714286,0.323444683076922,2,2.5,2.71428571428571,2.16666666666667,2,1,"outgroup",1,0,0,0,1,-1,1
111,5,1,"observer",1,19,1,2,1,1,0,2,TRUE,2.35714285714286,0.323444683076922,2,2.5,2.71428571428571,2.16666666666667,1,1,"ingroup",0,0,0,1,1,0,0
111,5,2,"observer",1,19,1,2,1,1,0,2,TRUE,2.35714285714286,0.323444683076922,2,2.5,2.71428571428571,2.16666666666667,1,1,"ingroup",0,0,0,1,1,0,0
111,6,1,"victim",0,19,1,2,1,1,0,2,TRUE,2.35714285714286,0.323444683076922,2,2.5,2.71428571428571,2.16666666666667,1,1,"ingroup",0,0,0,1,1,-2,2
111,10,1,"victim",0,19,1,2,1,1,0,2,TRUE,2.35714285714286,0.323444683076922,2,2.5,2.71428571428571,2.16666666666667,1,1,"ingroup",0,0,0,1,1,-1,1
112,1,1,"observer",1,20,2,2,1,2,1,2,TRUE,2.46428571428571,0.569606123294757,2.42857142857143,2.75,2.42857142857143,2.16666666666667,2,1,"ingroup",0,0,1,0,1,-9,9
112,2,2,"observer",1,20,2,2,1,2,1,2,TRUE,2.46428571428571,0.569606123294757,2.42857142857143,2.75,2.42857142857143,2.16666666666667,1,2,"outgroup",1,0,0,0,1,-9,9
112,3,1,"observer",1,20,2,2,1,2,1,2,TRUE,2.46428571428571,0.569606123294757,2.42857142857143,2.75,2.42857142857143,2.16666666666667,2,2,"ingroup",0,0,0,1,1,-9,9
112,6,1,"victim",0,20,2,2,1,2,1,2,TRUE,2.46428571428571,0.569606123294757,2.42857142857143,2.75,2.42857142857143,2.16666666666667,1,2,"outgroup",1,0,0,0,1,-9,9
112,6,2,"victim",0,20,2,2,1,2,1,2,TRUE,2.46428571428571,0.569606123294757,2.42857142857143,2.75,2.42857142857143,2.16666666666667,1,2,"outgroup",1,0,0,0,1,-9,9
112,7,2,"victim",0,20,2,2,1,2,1,2,TRUE,2.46428571428571,0.569606123294757,2.42857142857143,2.75,2.42857142857143,2.16666666666667,2,2,"ingroup",0,0,0,1,1,-9,9
112,8,1,"victim",0,20,2,2,1,2,1,2,TRUE,2.46428571428571,0.569606123294757,2.42857142857143,2.75,2.42857142857143,2.16666666666667,1,2,"outgroup",1,0,0,0,1,-9,9
112,9,2,"victim",0,20,2,2,1,2,1,2,TRUE,2.46428571428571,0.569606123294757,2.42857142857143,2.75,2.42857142857143,2.16666666666667,2,2,"ingroup",0,0,0,1,1,-9,9
113,2,2,"observer",1,18,2,2,1,2,1,2,TRUE,2.67857142857143,1.06192900373043,2.14285714285714,3,2.85714285714286,2.66666666666667,1,2,"outgroup",1,0,0,0,1,-9,9
113,3,1,"observer",1,18,2,2,1,2,1,2,TRUE,2.67857142857143,1.06192900373043,2.14285714285714,3,2.85714285714286,2.66666666666667,2,1,"ingroup",0,0,1,0,1,-4,4
113,7,1,"victim",0,18,2,2,1,2,1,2,TRUE,2.67857142857143,1.06192900373043,2.14285714285714,3,2.85714285714286,2.66666666666667,2,2,"ingroup",0,0,0,1,1,-9,9
115,2,2,"observer",1,18,4,1,0,1,0,2,TRUE,2.64285714285714,0.979875190324481,2.42857142857143,2.625,2.85714285714286,2.66666666666667,1,2,"ingroup",0,0,1,0,1,-7,7
115,3,1,"observer",1,18,4,1,0,1,0,2,TRUE,2.64285714285714,0.979875190324481,2.42857142857143,2.625,2.85714285714286,2.66666666666667,2,1,"outgroup",1,0,0,0,1,-6,6
115,3,2,"observer",1,18,4,1,0,1,0,2,TRUE,2.64285714285714,0.979875190324481,2.42857142857143,2.625,2.85714285714286,2.66666666666667,1,1,"ingroup",0,0,0,1,1,-6,6
115,4,1,"observer",1,18,4,1,0,1,0,2,TRUE,2.64285714285714,0.979875190324481,2.42857142857143,2.625,2.85714285714286,2.66666666666667,1,2,"ingroup",0,0,1,0,1,-8,8
115,4,2,"observer",1,18,4,1,0,1,0,2,TRUE,2.64285714285714,0.979875190324481,2.42857142857143,2.625,2.85714285714286,2.66666666666667,1,2,"ingroup",0,0,1,0,1,-8,8
115,8,2,"victim",0,18,4,1,0,1,0,2,TRUE,2.64285714285714,0.979875190324481,2.42857142857143,2.625,2.85714285714286,2.66666666666667,1,1,"ingroup",0,0,0,1,1,-8,8
115,9,1,"victim",0,18,4,1,0,1,0,2,TRUE,2.64285714285714,0.979875190324481,2.42857142857143,2.625,2.85714285714286,2.66666666666667,1,1,"ingroup",0,0,0,1,1,-9,9
115,10,2,"victim",0,18,4,1,0,1,0,2,TRUE,2.64285714285714,0.979875190324481,2.42857142857143,2.625,2.85714285714286,2.66666666666667,2,1,"outgroup",1,0,0,0,1,-9,9
116,2,2,"victim",0,18,2,1,0,1,0,1,TRUE,2.57142857142857,0.815767563512592,2.42857142857143,2.125,3,2.83333333333333,1,1,"ingroup",0,0,0,1,1,0,0
116,3,1,"victim",0,18,2,1,0,1,0,1,TRUE,2.57142857142857,0.815767563512592,2.42857142857143,2.125,3,2.83333333333333,1,1,"ingroup",0,0,0,1,1,0,0
116,5,1,"victim",0,18,2,1,0,1,0,1,TRUE,2.57142857142857,0.815767563512592,2.42857142857143,2.125,3,2.83333333333333,1,1,"ingroup",0,0,0,1,1,-9,9
116,7,1,"observer",1,18,2,1,0,1,0,1,TRUE,2.57142857142857,0.815767563512592,2.42857142857143,2.125,3,2.83333333333333,2,2,"outgroup",1,0,1,1,1,-9,9
116,10,1,"observer",1,18,2,1,0,1,0,1,TRUE,2.57142857142857,0.815767563512592,2.42857142857143,2.125,3,2.83333333333333,2,2,"outgroup",1,0,1,1,1,0,0
116,10,2,"observer",1,18,2,1,0,1,0,1,TRUE,2.57142857142857,0.815767563512592,2.42857142857143,2.125,3,2.83333333333333,2,2,"outgroup",1,0,1,1,1,0,0
117,2,1,"observer",1,19,3,1,0,2,1,2,TRUE,2.89285714285714,1.5542518841661,2.71428571428571,3,2.85714285714286,3,1,2,"outgroup",1,0,0,0,1,-9,9
117,2,2,"observer",1,19,3,1,0,2,1,2,TRUE,2.89285714285714,1.5542518841661,2.71428571428571,3,2.85714285714286,3,2,2,"ingroup",0,0,0,1,1,-9,9
117,3,1,"observer",1,19,3,1,0,2,1,2,TRUE,2.89285714285714,1.5542518841661,2.71428571428571,3,2.85714285714286,3,1,1,"outgroup",1,0,1,1,1,-9,9
117,8,1,"victim",0,19,3,1,0,2,1,2,TRUE,2.89285714285714,1.5542518841661,2.71428571428571,3,2.85714285714286,3,2,2,"ingroup",0,0,0,1,1,-9,9
117,8,2,"victim",0,19,3,1,0,2,1,2,TRUE,2.89285714285714,1.5542518841661,2.71428571428571,3,2.85714285714286,3,2,2,"ingroup",0,0,0,1,1,-9,9
117,9,1,"victim",0,19,3,1,0,2,1,2,TRUE,2.89285714285714,1.5542518841661,2.71428571428571,3,2.85714285714286,3,2,2,"ingroup",0,0,0,1,1,-9,9
117,9,2,"victim",0,19,3,1,0,2,1,2,TRUE,2.89285714285714,1.5542518841661,2.71428571428571,3,2.85714285714286,3,1,2,"outgroup",1,0,0,0,1,-9,9
117,10,1,"victim",0,19,3,1,0,2,1,2,TRUE,2.89285714285714,1.5542518841661,2.71428571428571,3,2.85714285714286,3,1,2,"outgroup",1,0,0,0,1,-9,9
118,6,2,"observer",1,19,3,2,1,2,1,1,TRUE,2.71428571428571,1.14398281713637,2.28571428571429,2.875,3.28571428571429,2.33333333333333,2,1,"ingroup",0,0,1,0,1,5,-5
118,7,1,"observer",1,19,3,2,1,2,1,1,TRUE,2.71428571428571,1.14398281713637,2.28571428571429,2.875,3.28571428571429,2.33333333333333,1,1,"outgroup",1,0,1,1,1,4,-4
118,8,1,"observer",1,19,3,2,1,2,1,1,TRUE,2.71428571428571,1.14398281713637,2.28571428571429,2.875,3.28571428571429,2.33333333333333,1,2,"outgroup",1,0,0,0,1,4,-4
118,10,1,"observer",1,19,3,2,1,2,1,1,TRUE,2.71428571428571,1.14398281713637,2.28571428571429,2.875,3.28571428571429,2.33333333333333,1,1,"outgroup",1,0,1,1,1,4,-4
119,2,1,"observer",1,18,4,2,1,2,1,2,TRUE,1.78571428571429,-0.989416331418196,1.57142857142857,1.875,1.85714285714286,1.83333333333333,1,1,"outgroup",1,0,1,1,1,-8,8
119,3,2,"observer",1,18,4,2,1,2,1,2,TRUE,1.78571428571429,-0.989416331418196,1.57142857142857,1.875,1.85714285714286,1.83333333333333,1,1,"outgroup",1,0,1,1,1,-9,9
119,4,1,"observer",1,18,4,2,1,2,1,2,TRUE,1.78571428571429,-0.989416331418196,1.57142857142857,1.875,1.85714285714286,1.83333333333333,1,1,"outgroup",1,0,1,1,1,-5,5
119,4,2,"observer",1,18,4,2,1,2,1,2,TRUE,1.78571428571429,-0.989416331418196,1.57142857142857,1.875,1.85714285714286,1.83333333333333,2,1,"ingroup",0,0,1,0,1,0,0
119,7,2,"victim",0,18,4,2,1,2,1,2,TRUE,1.78571428571429,-0.989416331418196,1.57142857142857,1.875,1.85714285714286,1.83333333333333,2,2,"ingroup",0,0,0,1,1,-8,8
119,9,1,"victim",0,18,4,2,1,2,1,2,TRUE,1.78571428571429,-0.989416331418196,1.57142857142857,1.875,1.85714285714286,1.83333333333333,2,2,"ingroup",0,0,0,1,1,-8,8
119,9,2,"victim",0,18,4,2,1,2,1,2,TRUE,1.78571428571429,-0.989416331418196,1.57142857142857,1.875,1.85714285714286,1.83333333333333,2,2,"ingroup",0,0,0,1,1,-8,8
120,1,2,"victim",0,21,3,2,1,2,1,1,TRUE,2.32142857142857,0.241390869670978,2.14285714285714,2.5,2.42857142857143,2.16666666666667,1,2,"outgroup",1,0,0,0,1,-7,7
120,4,2,"victim",0,21,3,2,1,2,1,1,TRUE,2.32142857142857,0.241390869670978,2.14285714285714,2.5,2.42857142857143,2.16666666666667,1,2,"outgroup",1,0,0,0,1,-9,9
120,9,1,"observer",1,21,3,2,1,2,1,1,TRUE,2.32142857142857,0.241390869670978,2.14285714285714,2.5,2.42857142857143,2.16666666666667,2,1,"ingroup",0,0,1,0,1,-9,9
120,9,2,"observer",1,21,3,2,1,2,1,1,TRUE,2.32142857142857,0.241390869670978,2.14285714285714,2.5,2.42857142857143,2.16666666666667,2,1,"ingroup",0,0,1,0,1,-9,9
120,10,1,"observer",1,21,3,2,1,2,1,1,TRUE,2.32142857142857,0.241390869670978,2.14285714285714,2.5,2.42857142857143,2.16666666666667,2,2,"ingroup",0,0,0,1,1,-9,9
121,1,1,"observer",1,21,3,2,1,2,1,2,TRUE,1.92857142857143,-0.661201077794417,1.28571428571429,2.125,2.42857142857143,1.83333333333333,2,2,"ingroup",0,0,0,1,1,-9,9
121,1,2,"observer",1,21,3,2,1,2,1,2,TRUE,1.92857142857143,-0.661201077794417,1.28571428571429,2.125,2.42857142857143,1.83333333333333,1,2,"outgroup",1,0,0,0,1,-9,9
121,4,2,"observer",1,21,3,2,1,2,1,2,TRUE,1.92857142857143,-0.661201077794417,1.28571428571429,2.125,2.42857142857143,1.83333333333333,1,2,"outgroup",1,0,0,0,1,-9,9
121,5,1,"observer",1,21,3,2,1,2,1,2,TRUE,1.92857142857143,-0.661201077794417,1.28571428571429,2.125,2.42857142857143,1.83333333333333,1,2,"outgroup",1,0,0,0,1,-9,9
121,6,1,"victim",0,21,3,2,1,2,1,2,TRUE,1.92857142857143,-0.661201077794417,1.28571428571429,2.125,2.42857142857143,1.83333333333333,2,2,"ingroup",0,0,0,1,1,-9,9
121,7,1,"victim",0,21,3,2,1,2,1,2,TRUE,1.92857142857143,-0.661201077794417,1.28571428571429,2.125,2.42857142857143,1.83333333333333,1,2,"outgroup",1,0,0,0,1,-9,9
121,7,2,"victim",0,21,3,2,1,2,1,2,TRUE,1.92857142857143,-0.661201077794417,1.28571428571429,2.125,2.42857142857143,1.83333333333333,1,2,"outgroup",1,0,0,0,1,-9,9
121,9,2,"victim",0,21,3,2,1,2,1,2,TRUE,1.92857142857143,-0.661201077794417,1.28571428571429,2.125,2.42857142857143,1.83333333333333,2,2,"ingroup",0,0,0,1,1,-9,9
121,10,2,"victim",0,21,3,2,1,2,1,2,TRUE,1.92857142857143,-0.661201077794417,1.28571428571429,2.125,2.42857142857143,1.83333333333333,2,2,"ingroup",0,0,0,1,1,-9,9
122,2,1,"victim",0,21,3,2,1,2,1,1,TRUE,2.10714285714286,-0.250932010764692,1.85714285714286,2.375,2.85714285714286,1.16666666666667,2,2,"ingroup",0,0,0,1,1,0,0
122,2,2,"victim",0,21,3,2,1,2,1,1,TRUE,2.10714285714286,-0.250932010764692,1.85714285714286,2.375,2.85714285714286,1.16666666666667,1,2,"outgroup",1,0,0,0,1,0,0
122,10,1,"observer",1,21,3,2,1,2,1,1,TRUE,2.10714285714286,-0.250932010764692,1.85714285714286,2.375,2.85714285714286,1.16666666666667,2,2,"ingroup",0,0,0,1,1,0,0
124,2,2,"observer",1,19,1,2,1,2,1,2,TRUE,1.64285714285714,-1.31763158504198,1.42857142857143,2,1.28571428571429,1.83333333333333,1,1,"outgroup",1,0,1,1,1,3,-3
124,5,1,"observer",1,19,1,2,1,2,1,2,TRUE,1.64285714285714,-1.31763158504198,1.42857142857143,2,1.28571428571429,1.83333333333333,1,1,"outgroup",1,0,1,1,1,-4,4
124,9,1,"victim",0,19,1,2,1,2,1,2,TRUE,1.64285714285714,-1.31763158504198,1.42857142857143,2,1.28571428571429,1.83333333333333,2,2,"ingroup",0,0,0,1,1,-5,5
124,10,2,"victim",0,19,1,2,1,2,1,2,TRUE,1.64285714285714,-1.31763158504198,1.42857142857143,2,1.28571428571429,1.83333333333333,1,2,"outgroup",1,0,0,0,1,3,-3
125,1,1,"observer",1,21,3,2,1,2,1,2,TRUE,2.42857142857143,0.487552309888811,2.14285714285714,2.625,3,1.83333333333333,1,2,"outgroup",1,0,0,0,1,0,0
125,2,2,"observer",1,21,3,2,1,2,1,2,TRUE,2.42857142857143,0.487552309888811,2.14285714285714,2.625,3,1.83333333333333,2,2,"ingroup",0,0,0,1,1,0,0
125,5,2,"observer",1,21,3,2,1,2,1,2,TRUE,2.42857142857143,0.487552309888811,2.14285714285714,2.625,3,1.83333333333333,1,2,"outgroup",1,0,0,0,1,0,0
125,6,2,"victim",0,21,3,2,1,2,1,2,TRUE,2.42857142857143,0.487552309888811,2.14285714285714,2.625,3,1.83333333333333,1,2,"outgroup",1,0,0,0,1,0,0
125,8,2,"victim",0,21,3,2,1,2,1,2,TRUE,2.42857142857143,0.487552309888811,2.14285714285714,2.625,3,1.83333333333333,1,2,"outgroup",1,0,0,0,1,0,0
126,3,2,"victim",0,21,2,2,1,2,1,1,TRUE,1.64285714285714,-1.31763158504198,2.57142857142857,1.625,0.714285714285714,1.66666666666667,1,2,"outgroup",1,0,0,0,1,-9,9
126,7,1,"observer",1,21,2,2,1,2,1,1,TRUE,1.64285714285714,-1.31763158504198,2.57142857142857,1.625,0.714285714285714,1.66666666666667,2,2,"ingroup",0,0,0,1,1,-9,9
126,10,1,"observer",1,21,2,2,1,2,1,1,TRUE,1.64285714285714,-1.31763158504198,2.57142857142857,1.625,0.714285714285714,1.66666666666667,2,2,"ingroup",0,0,0,1,1,-9,9
127,2,1,"observer",1,23,1,2,1,2,1,2,TRUE,1.89285714285714,-0.743254891200362,1.57142857142857,2.25,2.57142857142857,1,2,2,"ingroup",0,0,0,1,1,-1,1
127,2,2,"observer",1,23,1,2,1,2,1,2,TRUE,1.89285714285714,-0.743254891200362,1.57142857142857,2.25,2.57142857142857,1,1,2,"outgroup",1,0,0,0,1,-1,1
127,3,2,"observer",1,23,1,2,1,2,1,2,TRUE,1.89285714285714,-0.743254891200362,1.57142857142857,2.25,2.57142857142857,1,1,1,"outgroup",1,0,1,1,1,-1,1
127,5,2,"observer",1,23,1,2,1,2,1,2,TRUE,1.89285714285714,-0.743254891200362,1.57142857142857,2.25,2.57142857142857,1,2,1,"ingroup",0,0,1,0,1,-1,1
127,8,1,"victim",0,23,1,2,1,2,1,2,TRUE,1.89285714285714,-0.743254891200362,1.57142857142857,2.25,2.57142857142857,1,2,2,"ingroup",0,0,0,1,1,-4,4
127,9,1,"victim",0,23,1,2,1,2,1,2,TRUE,1.89285714285714,-0.743254891200362,1.57142857142857,2.25,2.57142857142857,1,1,2,"outgroup",1,0,0,0,1,-4,4
129,2,2,"observer",1,21,3,2,1,2,1,2,TRUE,1.35714285714286,-1.97406209228953,1,1.5,1.42857142857143,1.5,1,1,"outgroup",1,0,1,1,1,-9,9
129,5,2,"observer",1,21,3,2,1,2,1,2,TRUE,1.35714285714286,-1.97406209228953,1,1.5,1.42857142857143,1.5,1,2,"outgroup",1,0,0,0,1,-9,9
129,6,1,"victim",0,21,3,2,1,2,1,2,TRUE,1.35714285714286,-1.97406209228953,1,1.5,1.42857142857143,1.5,1,2,"outgroup",1,0,0,0,1,-9,9
129,9,1,"victim",0,21,3,2,1,2,1,2,TRUE,1.35714285714286,-1.97406209228953,1,1.5,1.42857142857143,1.5,1,2,"outgroup",1,0,0,0,1,-9,9
129,9,2,"victim",0,21,3,2,1,2,1,2,TRUE,1.35714285714286,-1.97406209228953,1,1.5,1.42857142857143,1.5,2,2,"ingroup",0,0,0,1,1,-9,9
129,10,2,"victim",0,21,3,2,1,2,1,2,TRUE,1.35714285714286,-1.97406209228953,1,1.5,1.42857142857143,1.5,2,2,"ingroup",0,0,0,1,1,-9,9
130,1,2,"victim",0,19,2,2,1,2,1,1,TRUE,1.92857142857143,-0.661201077794417,1.42857142857143,1.875,2.85714285714286,1.5,1,2,"outgroup",1,0,0,0,1,-3,3
130,2,1,"victim",0,19,2,2,1,2,1,1,TRUE,1.92857142857143,-0.661201077794417,1.42857142857143,1.875,2.85714285714286,1.5,1,2,"outgroup",1,0,0,0,1,-5,5
130,3,1,"victim",0,19,2,2,1,2,1,1,TRUE,1.92857142857143,-0.661201077794417,1.42857142857143,1.875,2.85714285714286,1.5,2,2,"ingroup",0,0,0,1,1,-4,4
130,4,1,"victim",0,19,2,2,1,2,1,1,TRUE,1.92857142857143,-0.661201077794417,1.42857142857143,1.875,2.85714285714286,1.5,2,2,"ingroup",0,0,0,1,1,-9,9
130,8,2,"observer",1,19,2,2,1,2,1,1,TRUE,1.92857142857143,-0.661201077794417,1.42857142857143,1.875,2.85714285714286,1.5,1,2,"outgroup",1,0,0,0,1,-5,5
130,9,1,"observer",1,19,2,2,1,2,1,1,TRUE,1.92857142857143,-0.661201077794417,1.42857142857143,1.875,2.85714285714286,1.5,2,2,"ingroup",0,0,0,1,1,-9,9
130,10,2,"observer",1,19,2,2,1,2,1,1,TRUE,1.92857142857143,-0.661201077794417,1.42857142857143,1.875,2.85714285714286,1.5,1,2,"outgroup",1,0,0,0,1,-8,8
131,7,1,"victim",0,20,2,2,1,1,0,2,TRUE,1.67857142857143,-1.23557777163603,1.57142857142857,1.875,2,1.16666666666667,1,1,"ingroup",0,0,0,1,1,-5,5
131,8,1,"victim",0,20,2,2,1,1,0,2,TRUE,1.67857142857143,-1.23557777163603,1.57142857142857,1.875,2,1.16666666666667,1,1,"ingroup",0,0,0,1,1,0,0
131,8,2,"victim",0,20,2,2,1,1,0,2,TRUE,1.67857142857143,-1.23557777163603,1.57142857142857,1.875,2,1.16666666666667,2,1,"outgroup",1,0,0,0,1,0,0
131,10,1,"victim",0,20,2,2,1,1,0,2,TRUE,1.67857142857143,-1.23557777163603,1.57142857142857,1.875,2,1.16666666666667,2,1,"outgroup",1,0,0,0,1,0,0
132,1,1,"victim",0,18,2,1,0,2,1,1,TRUE,2.42857142857143,0.487552309888811,2.14285714285714,2.625,2.28571428571429,2.66666666666667,2,2,"ingroup",0,0,0,1,1,0,0
132,3,1,"victim",0,18,2,1,0,2,1,1,TRUE,2.42857142857143,0.487552309888811,2.14285714285714,2.625,2.28571428571429,2.66666666666667,2,2,"ingroup",0,0,0,1,1,-9,9
132,4,1,"victim",0,18,2,1,0,2,1,1,TRUE,2.42857142857143,0.487552309888811,2.14285714285714,2.625,2.28571428571429,2.66666666666667,2,2,"ingroup",0,0,0,1,1,-9,9
132,5,1,"victim",0,18,2,1,0,2,1,1,TRUE,2.42857142857143,0.487552309888811,2.14285714285714,2.625,2.28571428571429,2.66666666666667,2,2,"ingroup",0,0,0,1,1,-9,9
132,7,2,"observer",1,18,2,1,0,2,1,1,TRUE,2.42857142857143,0.487552309888811,2.14285714285714,2.625,2.28571428571429,2.66666666666667,1,1,"outgroup",1,0,1,1,1,-9,9
132,8,1,"observer",1,18,2,1,0,2,1,1,TRUE,2.42857142857143,0.487552309888811,2.14285714285714,2.625,2.28571428571429,2.66666666666667,2,1,"ingroup",0,0,1,0,1,-7,7
132,9,2,"observer",1,18,2,1,0,2,1,1,TRUE,2.42857142857143,0.487552309888811,2.14285714285714,2.625,2.28571428571429,2.66666666666667,2,2,"ingroup",0,0,0,1,1,-9,9
132,10,1,"observer",1,18,2,1,0,2,1,1,TRUE,2.42857142857143,0.487552309888811,2.14285714285714,2.625,2.28571428571429,2.66666666666667,2,2,"ingroup",0,0,0,1,1,-9,9
132,10,2,"observer",1,18,2,1,0,2,1,1,TRUE,2.42857142857143,0.487552309888811,2.14285714285714,2.625,2.28571428571429,2.66666666666667,2,2,"ingroup",0,0,0,1,1,-9,9
133,1,1,"victim",0,21,1,2,1,1,0,1,TRUE,1.75,-1.07147014482414,1.42857142857143,1.75,2.71428571428571,1,2,1,"outgroup",1,0,0,0,1,-4,4
133,3,1,"victim",0,21,1,2,1,1,0,1,TRUE,1.75,-1.07147014482414,1.42857142857143,1.75,2.71428571428571,1,1,1,"ingroup",0,0,0,1,1,0,0
133,3,2,"victim",0,21,1,2,1,1,0,1,TRUE,1.75,-1.07147014482414,1.42857142857143,1.75,2.71428571428571,1,1,1,"ingroup",0,0,0,1,1,0,0
133,5,1,"victim",0,21,1,2,1,1,0,1,TRUE,1.75,-1.07147014482414,1.42857142857143,1.75,2.71428571428571,1,2,1,"outgroup",1,0,0,0,1,-6,6
133,6,2,"observer",1,21,1,2,1,1,0,1,TRUE,1.75,-1.07147014482414,1.42857142857143,1.75,2.71428571428571,1,1,2,"ingroup",0,0,1,0,1,-6,6
133,8,1,"observer",1,21,1,2,1,1,0,1,TRUE,1.75,-1.07147014482414,1.42857142857143,1.75,2.71428571428571,1,1,2,"ingroup",0,0,1,0,1,-5,5
133,8,2,"observer",1,21,1,2,1,1,0,1,TRUE,1.75,-1.07147014482414,1.42857142857143,1.75,2.71428571428571,1,1,2,"ingroup",0,0,1,0,1,-5,5
134,2,2,"observer",1,21,4,2,1,2,1,2,TRUE,2.57142857142857,0.815767563512592,1.71428571428571,2.625,3.28571428571429,2.66666666666667,2,1,"ingroup",0,0,1,0,1,-9,9
134,4,1,"observer",1,21,4,2,1,2,1,2,TRUE,2.57142857142857,0.815767563512592,1.71428571428571,2.625,3.28571428571429,2.66666666666667,2,2,"ingroup",0,0,0,1,1,-9,9
134,5,1,"observer",1,21,4,2,1,2,1,2,TRUE,2.57142857142857,0.815767563512592,1.71428571428571,2.625,3.28571428571429,2.66666666666667,2,1,"ingroup",0,0,1,0,1,-9,9
134,7,2,"victim",0,21,4,2,1,2,1,2,TRUE,2.57142857142857,0.815767563512592,1.71428571428571,2.625,3.28571428571429,2.66666666666667,2,2,"ingroup",0,0,0,1,1,-9,9
134,9,1,"victim",0,21,4,2,1,2,1,2,TRUE,2.57142857142857,0.815767563512592,1.71428571428571,2.625,3.28571428571429,2.66666666666667,2,2,"ingroup",0,0,0,1,1,-9,9
134,10,1,"victim",0,21,4,2,1,2,1,2,TRUE,2.57142857142857,0.815767563512592,1.71428571428571,2.625,3.28571428571429,2.66666666666667,1,2,"outgroup",1,0,0,0,1,-9,9
134,10,2,"victim",0,21,4,2,1,2,1,2,TRUE,2.57142857142857,0.815767563512592,1.71428571428571,2.625,3.28571428571429,2.66666666666667,2,2,"ingroup",0,0,0,1,1,-9,9
135,1,1,"observer",1,21,3,1,0,2,1,2,TRUE,2.5,0.651659936700702,2.71428571428571,3,1.71428571428571,2.5,2,1,"ingroup",0,0,1,0,1,-4,4
135,2,2,"observer",1,21,3,1,0,2,1,2,TRUE,2.5,0.651659936700702,2.71428571428571,3,1.71428571428571,2.5,1,1,"outgroup",1,0,1,1,1,-5,5
135,4,1,"observer",1,21,3,1,0,2,1,2,TRUE,2.5,0.651659936700702,2.71428571428571,3,1.71428571428571,2.5,1,1,"outgroup",1,0,1,1,1,-2,2
135,6,2,"victim",0,21,3,1,0,2,1,2,TRUE,2.5,0.651659936700702,2.71428571428571,3,1.71428571428571,2.5,1,2,"outgroup",1,0,0,0,1,2,-2
135,7,1,"victim",0,21,3,1,0,2,1,2,TRUE,2.5,0.651659936700702,2.71428571428571,3,1.71428571428571,2.5,1,2,"outgroup",1,0,0,0,1,-1,1
135,8,1,"victim",0,21,3,1,0,2,1,2,TRUE,2.5,0.651659936700702,2.71428571428571,3,1.71428571428571,2.5,2,2,"ingroup",0,0,0,1,1,1,-1
135,9,1,"victim",0,21,3,1,0,2,1,2,TRUE,2.5,0.651659936700702,2.71428571428571,3,1.71428571428571,2.5,1,2,"outgroup",1,0,0,0,1,-3,3
136,1,1,"victim",0,18,2,2,1,1,0,1,TRUE,1.78571428571429,-0.989416331418196,1.57142857142857,1.75,2,1.83333333333333,2,1,"outgroup",1,0,0,0,1,-1,1
136,2,1,"victim",0,18,2,2,1,1,0,1,TRUE,1.78571428571429,-0.989416331418196,1.57142857142857,1.75,2,1.83333333333333,2,1,"outgroup",1,0,0,0,1,-7,7
136,3,2,"victim",0,18,2,2,1,1,0,1,TRUE,1.78571428571429,-0.989416331418196,1.57142857142857,1.75,2,1.83333333333333,2,1,"outgroup",1,0,0,0,1,-6,6
136,5,1,"victim",0,18,2,2,1,1,0,1,TRUE,1.78571428571429,-0.989416331418196,1.57142857142857,1.75,2,1.83333333333333,1,1,"ingroup",0,0,0,1,1,-6,6
136,6,2,"observer",1,18,2,2,1,1,0,1,TRUE,1.78571428571429,-0.989416331418196,1.57142857142857,1.75,2,1.83333333333333,2,1,"outgroup",1,0,0,0,1,0,0
136,7,1,"observer",1,18,2,2,1,1,0,1,TRUE,1.78571428571429,-0.989416331418196,1.57142857142857,1.75,2,1.83333333333333,1,2,"ingroup",0,0,1,0,1,0,0
136,7,2,"observer",1,18,2,2,1,1,0,1,TRUE,1.78571428571429,-0.989416331418196,1.57142857142857,1.75,2,1.83333333333333,2,2,"outgroup",1,0,1,1,1,0,0
136,8,2,"observer",1,18,2,2,1,1,0,1,TRUE,1.78571428571429,-0.989416331418196,1.57142857142857,1.75,2,1.83333333333333,1,2,"ingroup",0,0,1,0,1,-1,1
136,9,1,"observer",1,18,2,2,1,1,0,1,TRUE,1.78571428571429,-0.989416331418196,1.57142857142857,1.75,2,1.83333333333333,2,2,"outgroup",1,0,1,1,1,-2,2
137,1,2,"victim",0,20,4,1,0,2,1,1,TRUE,2.28571428571429,0.159337056265032,1.28571428571429,3.125,2.42857142857143,2.16666666666667,1,2,"outgroup",1,0,0,0,1,-3,3
137,4,1,"victim",0,20,4,1,0,2,1,1,TRUE,2.28571428571429,0.159337056265032,1.28571428571429,3.125,2.42857142857143,2.16666666666667,1,2,"outgroup",1,0,0,0,1,-7,7
137,4,2,"victim",0,20,4,1,0,2,1,1,TRUE,2.28571428571429,0.159337056265032,1.28571428571429,3.125,2.42857142857143,2.16666666666667,2,2,"ingroup",0,0,0,1,1,-7,7
137,5,2,"victim",0,20,4,1,0,2,1,1,TRUE,2.28571428571429,0.159337056265032,1.28571428571429,3.125,2.42857142857143,2.16666666666667,1,2,"outgroup",1,0,0,0,1,-5,5
137,6,1,"observer",1,20,4,1,0,2,1,1,TRUE,2.28571428571429,0.159337056265032,1.28571428571429,3.125,2.42857142857143,2.16666666666667,1,2,"outgroup",1,0,0,0,1,7,-7
137,7,1,"observer",1,20,4,1,0,2,1,1,TRUE,2.28571428571429,0.159337056265032,1.28571428571429,3.125,2.42857142857143,2.16666666666667,2,1,"ingroup",0,0,1,0,1,2,-2
137,10,1,"observer",1,20,4,1,0,2,1,1,TRUE,2.28571428571429,0.159337056265032,1.28571428571429,3.125,2.42857142857143,2.16666666666667,1,2,"outgroup",1,0,0,0,1,-4,4
138,1,1,"victim",0,21,2,1,0,2,1,1,TRUE,2.39285714285714,0.405498496482867,2.14285714285714,2.5,2.14285714285714,2.83333333333333,1,2,"outgroup",1,0,0,0,1,-6,6
138,1,2,"victim",0,21,2,1,0,2,1,1,TRUE,2.39285714285714,0.405498496482867,2.14285714285714,2.5,2.14285714285714,2.83333333333333,2,2,"ingroup",0,0,0,1,1,-6,6
138,3,1,"victim",0,21,2,1,0,2,1,1,TRUE,2.39285714285714,0.405498496482867,2.14285714285714,2.5,2.14285714285714,2.83333333333333,1,2,"outgroup",1,0,0,0,1,-9,9
138,5,2,"victim",0,21,2,1,0,2,1,1,TRUE,2.39285714285714,0.405498496482867,2.14285714285714,2.5,2.14285714285714,2.83333333333333,1,2,"outgroup",1,0,0,0,1,9,-9
138,8,1,"observer",1,21,2,1,0,2,1,1,TRUE,2.39285714285714,0.405498496482867,2.14285714285714,2.5,2.14285714285714,2.83333333333333,1,2,"outgroup",1,0,0,0,1,4,-4
139,3,1,"victim",0,19,2,2,1,1,0,1,TRUE,2.32142857142857,0.241390869670978,2.28571428571429,2.25,2.85714285714286,1.83333333333333,2,1,"outgroup",1,0,0,0,1,-5,5
139,6,2,"observer",1,19,2,2,1,1,0,1,TRUE,2.32142857142857,0.241390869670978,2.28571428571429,2.25,2.85714285714286,1.83333333333333,1,2,"ingroup",0,0,1,0,1,5,-5
139,8,2,"observer",1,19,2,2,1,1,0,1,TRUE,2.32142857142857,0.241390869670978,2.28571428571429,2.25,2.85714285714286,1.83333333333333,1,2,"ingroup",0,0,1,0,1,-3,3
140,1,1,"observer",1,19,1,1,0,2,1,2,TRUE,3.17857142857143,2.21068239141365,3.14285714285714,3,3.85714285714286,2.66666666666667,2,2,"ingroup",0,0,0,1,1,5,-5
140,1,2,"observer",1,19,1,1,0,2,1,2,TRUE,3.17857142857143,2.21068239141365,3.14285714285714,3,3.85714285714286,2.66666666666667,1,2,"outgroup",1,0,0,0,1,5,-5
140,3,1,"observer",1,19,1,1,0,2,1,2,TRUE,3.17857142857143,2.21068239141365,3.14285714285714,3,3.85714285714286,2.66666666666667,1,1,"outgroup",1,0,1,1,1,-5,5
140,3,2,"observer",1,19,1,1,0,2,1,2,TRUE,3.17857142857143,2.21068239141365,3.14285714285714,3,3.85714285714286,2.66666666666667,2,1,"ingroup",0,0,1,0,1,-5,5
140,7,1,"victim",0,19,1,1,0,2,1,2,TRUE,3.17857142857143,2.21068239141365,3.14285714285714,3,3.85714285714286,2.66666666666667,1,2,"outgroup",1,0,0,0,1,-1,1
140,8,2,"victim",0,19,1,1,0,2,1,2,TRUE,3.17857142857143,2.21068239141365,3.14285714285714,3,3.85714285714286,2.66666666666667,2,2,"ingroup",0,0,0,1,1,-1,1
140,10,1,"victim",0,19,1,1,0,2,1,2,TRUE,3.17857142857143,2.21068239141365,3.14285714285714,3,3.85714285714286,2.66666666666667,2,2,"ingroup",0,0,0,1,1,-5,5
141,1,2,"victim",0,20,2,2,1,2,1,1,TRUE,2.25,0.0772832428590874,1.85714285714286,2.125,2.71428571428571,2.33333333333333,1,2,"outgroup",1,0,0,0,1,5,-5
141,2,1,"victim",0,20,2,2,1,2,1,1,TRUE,2.25,0.0772832428590874,1.85714285714286,2.125,2.71428571428571,2.33333333333333,1,2,"outgroup",1,0,0,0,1,5,-5
141,5,1,"victim",0,20,2,2,1,2,1,1,TRUE,2.25,0.0772832428590874,1.85714285714286,2.125,2.71428571428571,2.33333333333333,2,2,"ingroup",0,0,0,1,1,6,-6
141,6,1,"observer",1,20,2,2,1,2,1,1,TRUE,2.25,0.0772832428590874,1.85714285714286,2.125,2.71428571428571,2.33333333333333,2,2,"ingroup",0,0,0,1,1,5,-5
141,7,2,"observer",1,20,2,2,1,2,1,1,TRUE,2.25,0.0772832428590874,1.85714285714286,2.125,2.71428571428571,2.33333333333333,1,2,"outgroup",1,0,0,0,1,6,-6
141,8,2,"observer",1,20,2,2,1,2,1,1,TRUE,2.25,0.0772832428590874,1.85714285714286,2.125,2.71428571428571,2.33333333333333,2,1,"ingroup",0,0,1,0,1,6,-6
142,1,1,"observer",1,23,1,2,1,1,0,2,TRUE,1.64285714285714,-1.31763158504198,2.14285714285714,1.25,2.14285714285714,1,1,2,"ingroup",0,0,1,0,1,-9,9
142,1,2,"observer",1,23,1,2,1,1,0,2,TRUE,1.64285714285714,-1.31763158504198,2.14285714285714,1.25,2.14285714285714,1,2,2,"outgroup",1,0,1,1,1,-9,9
142,2,2,"observer",1,23,1,2,1,1,0,2,TRUE,1.64285714285714,-1.31763158504198,2.14285714285714,1.25,2.14285714285714,1,2,2,"outgroup",1,0,1,1,1,-9,9
142,5,1,"observer",1,23,1,2,1,1,0,2,TRUE,1.64285714285714,-1.31763158504198,2.14285714285714,1.25,2.14285714285714,1,1,2,"ingroup",0,0,1,0,1,-9,9
142,8,2,"victim",0,23,1,2,1,1,0,2,TRUE,1.64285714285714,-1.31763158504198,2.14285714285714,1.25,2.14285714285714,1,2,1,"outgroup",1,0,0,0,1,-9,9
142,10,2,"victim",0,23,1,2,1,1,0,2,TRUE,1.64285714285714,-1.31763158504198,2.14285714285714,1.25,2.14285714285714,1,2,1,"outgroup",1,0,0,0,1,-9,9
143,2,2,"observer",1,19,1,1,0,2,1,2,TRUE,3.07142857142857,1.96452095119582,3,2.625,4,2.66666666666667,2,2,"ingroup",0,0,0,1,1,6,-6
143,5,1,"observer",1,19,1,1,0,2,1,2,TRUE,3.07142857142857,1.96452095119582,3,2.625,4,2.66666666666667,1,2,"outgroup",1,0,0,0,1,4,-4
143,8,1,"victim",0,19,1,1,0,2,1,2,TRUE,3.07142857142857,1.96452095119582,3,2.625,4,2.66666666666667,1,2,"outgroup",1,0,0,0,1,5,-5
144,3,1,"observer",1,18,2,2,1,1,0,2,TRUE,1.92857142857143,-0.661201077794417,1.85714285714286,1.875,2.71428571428571,1.16666666666667,1,1,"ingroup",0,0,0,1,1,-9,9
144,4,2,"observer",1,18,2,2,1,1,0,2,TRUE,1.92857142857143,-0.661201077794417,1.85714285714286,1.875,2.71428571428571,1.16666666666667,2,1,"outgroup",1,0,0,0,1,-9,9
144,5,1,"observer",1,18,2,2,1,1,0,2,TRUE,1.92857142857143,-0.661201077794417,1.85714285714286,1.875,2.71428571428571,1.16666666666667,1,1,"ingroup",0,0,0,1,1,-9,9
144,5,2,"observer",1,18,2,2,1,1,0,2,TRUE,1.92857142857143,-0.661201077794417,1.85714285714286,1.875,2.71428571428571,1.16666666666667,2,1,"outgroup",1,0,0,0,1,-9,9
144,6,1,"victim",0,18,2,2,1,1,0,2,TRUE,1.92857142857143,-0.661201077794417,1.85714285714286,1.875,2.71428571428571,1.16666666666667,1,1,"ingroup",0,0,0,1,1,-9,9
144,7,1,"victim",0,18,2,2,1,1,0,2,TRUE,1.92857142857143,-0.661201077794417,1.85714285714286,1.875,2.71428571428571,1.16666666666667,1,1,"ingroup",0,0,0,1,1,-9,9
144,7,2,"victim",0,18,2,2,1,1,0,2,TRUE,1.92857142857143,-0.661201077794417,1.85714285714286,1.875,2.71428571428571,1.16666666666667,2,1,"outgroup",1,0,0,0,1,-9,9
144,8,2,"victim",0,18,2,2,1,1,0,2,TRUE,1.92857142857143,-0.661201077794417,1.85714285714286,1.875,2.71428571428571,1.16666666666667,2,1,"outgroup",1,0,0,0,1,-9,9
144,9,1,"victim",0,18,2,2,1,1,0,2,TRUE,1.92857142857143,-0.661201077794417,1.85714285714286,1.875,2.71428571428571,1.16666666666667,1,1,"ingroup",0,0,0,1,1,-9,9
145,1,1,"observer",1,22,3,2,1,1,0,2,TRUE,2.92857142857143,1.63630569757204,3.42857142857143,2.75,2.85714285714286,2.66666666666667,2,1,"outgroup",1,0,0,0,1,-9,9
145,1,2,"observer",1,22,3,2,1,1,0,2,TRUE,2.92857142857143,1.63630569757204,3.42857142857143,2.75,2.85714285714286,2.66666666666667,2,1,"outgroup",1,0,0,0,1,-9,9
145,2,1,"observer",1,22,3,2,1,1,0,2,TRUE,2.92857142857143,1.63630569757204,3.42857142857143,2.75,2.85714285714286,2.66666666666667,2,2,"outgroup",1,0,1,1,1,-9,9
145,9,1,"victim",0,22,3,2,1,1,0,2,TRUE,2.92857142857143,1.63630569757204,3.42857142857143,2.75,2.85714285714286,2.66666666666667,2,1,"outgroup",1,0,0,0,1,-9,9
145,9,2,"victim",0,22,3,2,1,1,0,2,TRUE,2.92857142857143,1.63630569757204,3.42857142857143,2.75,2.85714285714286,2.66666666666667,1,1,"ingroup",0,0,0,1,1,-9,9
146,1,1,"victim",0,24,2,2,1,2,1,1,TRUE,2.96428571428571,1.71835951097799,2.71428571428571,3.25,3,2.83333333333333,2,2,"ingroup",0,0,0,1,1,-9,9
146,4,1,"victim",0,24,2,2,1,2,1,1,TRUE,2.96428571428571,1.71835951097799,2.71428571428571,3.25,3,2.83333333333333,2,2,"ingroup",0,0,0,1,1,-9,9
146,4,2,"victim",0,24,2,2,1,2,1,1,TRUE,2.96428571428571,1.71835951097799,2.71428571428571,3.25,3,2.83333333333333,1,2,"outgroup",1,0,0,0,1,-9,9
146,5,2,"victim",0,24,2,2,1,2,1,1,TRUE,2.96428571428571,1.71835951097799,2.71428571428571,3.25,3,2.83333333333333,1,2,"outgroup",1,0,0,0,1,-9,9
146,6,1,"observer",1,24,2,2,1,2,1,1,TRUE,2.96428571428571,1.71835951097799,2.71428571428571,3.25,3,2.83333333333333,2,1,"ingroup",0,0,1,0,1,-9,9
146,7,2,"observer",1,24,2,2,1,2,1,1,TRUE,2.96428571428571,1.71835951097799,2.71428571428571,3.25,3,2.83333333333333,2,2,"ingroup",0,0,0,1,1,-9,9
146,8,1,"observer",1,24,2,2,1,2,1,1,TRUE,2.96428571428571,1.71835951097799,2.71428571428571,3.25,3,2.83333333333333,2,1,"ingroup",0,0,1,0,1,-9,9
146,8,2,"observer",1,24,2,2,1,2,1,1,TRUE,2.96428571428571,1.71835951097799,2.71428571428571,3.25,3,2.83333333333333,2,1,"ingroup",0,0,1,0,1,-9,9
148,1,1,"observer",1,23,3,1,0,1,0,2,TRUE,2,-0.497093450982527,1.28571428571429,2.125,2.28571428571429,2.33333333333333,1,2,"ingroup",0,0,1,0,1,7,-7
148,2,1,"observer",1,23,3,1,0,1,0,2,TRUE,2,-0.497093450982527,1.28571428571429,2.125,2.28571428571429,2.33333333333333,1,2,"ingroup",0,0,1,0,1,7,-7
148,5,1,"observer",1,23,3,1,0,1,0,2,TRUE,2,-0.497093450982527,1.28571428571429,2.125,2.28571428571429,2.33333333333333,2,2,"outgroup",1,0,1,1,1,7,-7
148,6,1,"victim",0,23,3,1,0,1,0,2,TRUE,2,-0.497093450982527,1.28571428571429,2.125,2.28571428571429,2.33333333333333,1,1,"ingroup",0,0,0,1,1,5,-5
148,7,1,"victim",0,23,3,1,0,1,0,2,TRUE,2,-0.497093450982527,1.28571428571429,2.125,2.28571428571429,2.33333333333333,1,1,"ingroup",0,0,0,1,1,5,-5
148,9,1,"victim",0,23,3,1,0,1,0,2,TRUE,2,-0.497093450982527,1.28571428571429,2.125,2.28571428571429,2.33333333333333,2,1,"outgroup",1,0,0,0,1,6,-6
149,1,1,"victim",0,21,3,2,1,2,1,1,TRUE,1.96428571428571,-0.579147264388472,1.71428571428571,2.125,2.42857142857143,1.5,2,2,"ingroup",0,0,0,1,1,-3,3
149,2,1,"victim",0,21,3,2,1,2,1,1,TRUE,1.96428571428571,-0.579147264388472,1.71428571428571,2.125,2.42857142857143,1.5,2,2,"ingroup",0,0,0,1,1,9,-9
149,3,1,"victim",0,21,3,2,1,2,1,1,TRUE,1.96428571428571,-0.579147264388472,1.71428571428571,2.125,2.42857142857143,1.5,1,2,"outgroup",1,0,0,0,1,-3,3
149,4,1,"victim",0,21,3,2,1,2,1,1,TRUE,1.96428571428571,-0.579147264388472,1.71428571428571,2.125,2.42857142857143,1.5,1,2,"outgroup",1,0,0,0,1,-4,4
149,5,1,"victim",0,21,3,2,1,2,1,1,TRUE,1.96428571428571,-0.579147264388472,1.71428571428571,2.125,2.42857142857143,1.5,2,2,"ingroup",0,0,0,1,1,-3,3
149,5,2,"victim",0,21,3,2,1,2,1,1,TRUE,1.96428571428571,-0.579147264388472,1.71428571428571,2.125,2.42857142857143,1.5,2,2,"ingroup",0,0,0,1,1,-3,3
149,9,1,"observer",1,21,3,2,1,2,1,1,TRUE,1.96428571428571,-0.579147264388472,1.71428571428571,2.125,2.42857142857143,1.5,2,2,"ingroup",0,0,0,1,1,-3,3
149,9,2,"observer",1,21,3,2,1,2,1,1,TRUE,1.96428571428571,-0.579147264388472,1.71428571428571,2.125,2.42857142857143,1.5,2,2,"ingroup",0,0,0,1,1,-3,3
