"estimate","std_error","naive_se","statistic","p_value","term","conf_low","conf_high","pretty_term","hypothesis","role","variant","model_family","session_handling","dependence_adjustment","formula","p_symbol","p_value_display"
2.25641741666157,4.03065677380558,3.6697296281677,0.559813832655158,0.575606427494662,"(Intercept)",-5.64366985999735,10.1565046933205,"Intercept","H3","Bystander","primary","Two-sided Tobit","factor_session_fixed_effect","cluster_robust_id","survival::Surv(lower_endpoint, upper_endpoint, type = ""interval2"") ~ iri_fs + iri_ec + iri_pt + iri_pd + bystander_victim_group + bystander_target_group + bystander_other_group + victim_target_group + victim_other_group + bystander_target_group:bystander_other_group + victim_target_group:victim_other_group + target_other_same_faculty + iri_fs:bystander_victim_group + iri_fs:bystander_target_group + iri_fs:bystander_other_group + iri_ec:bystander_victim_group + iri_ec:bystander_target_group + iri_ec:bystander_other_group +      iri_pt:bystander_victim_group + iri_pt:bystander_target_group + iri_pt:bystander_other_group + iri_pd:bystander_victim_group + iri_pd:bystander_target_group + iri_pd:bystander_other_group + age + ses + sex_female + faculty_player_factor + factor(session)","","0.576"
1.29743011483547,0.931571815163034,0.735942063455447,1.39273225500968,0.163700770957302,"iri_fs",-0.528450642884078,3.12331087255501,"Empathy: Fantasy","H3","Bystander","primary","Two-sided Tobit","factor_session_fixed_effect","cluster_robust_id","survival::Surv(lower_endpoint, upper_endpoint, type = ""interval2"") ~ iri_fs + iri_ec + iri_pt + iri_pd + bystander_victim_group + bystander_target_group + bystander_other_group + victim_target_group + victim_other_group + bystander_target_group:bystander_other_group + victim_target_group:victim_other_group + target_other_same_faculty + iri_fs:bystander_victim_group + iri_fs:bystander_target_group + iri_fs:bystander_other_group + iri_ec:bystander_victim_group + iri_ec:bystander_target_group + iri_ec:bystander_other_group +      iri_pt:bystander_victim_group + iri_pt:bystander_target_group + iri_pt:bystander_other_group + iri_pd:bystander_victim_group + iri_pd:bystander_target_group + iri_pd:bystander_other_group + age + ses + sex_female + faculty_player_factor + factor(session)","","0.164"
-2.01196550439732,1.19564078372252,1.07676235183711,-1.68275081595431,0.0924233399648968,"iri_ec",-4.35542144049346,0.331490431698813,"Empathy: Empathic concern","H3","Bystander","primary","Two-sided Tobit","factor_session_fixed_effect","cluster_robust_id","survival::Surv(lower_endpoint, upper_endpoint, type = ""interval2"") ~ iri_fs + iri_ec + iri_pt + iri_pd + bystander_victim_group + bystander_target_group + bystander_other_group + victim_target_group + victim_other_group + bystander_target_group:bystander_other_group + victim_target_group:victim_other_group + target_other_same_faculty + iri_fs:bystander_victim_group + iri_fs:bystander_target_group + iri_fs:bystander_other_group + iri_ec:bystander_victim_group + iri_ec:bystander_target_group + iri_ec:bystander_other_group +      iri_pt:bystander_victim_group + iri_pt:bystander_target_group + iri_pt:bystander_other_group + iri_pd:bystander_victim_group + iri_pd:bystander_target_group + iri_pd:bystander_other_group + age + ses + sex_female + faculty_player_factor + factor(session)","+","0.092+"
0.0170332157404144,1.02236937580546,1.00300647449518,0.0166605300818943,0.986707435219139,"iri_pt",-1.98681076083828,2.02087719231911,"Empathy: Perspective taking","H3","Bystander","primary","Two-sided Tobit","factor_session_fixed_effect","cluster_robust_id","survival::Surv(lower_endpoint, upper_endpoint, type = ""interval2"") ~ iri_fs + iri_ec + iri_pt + iri_pd + bystander_victim_group + bystander_target_group + bystander_other_group + victim_target_group + victim_other_group + bystander_target_group:bystander_other_group + victim_target_group:victim_other_group + target_other_same_faculty + iri_fs:bystander_victim_group + iri_fs:bystander_target_group + iri_fs:bystander_other_group + iri_ec:bystander_victim_group + iri_ec:bystander_target_group + iri_ec:bystander_other_group +      iri_pt:bystander_victim_group + iri_pt:bystander_target_group + iri_pt:bystander_other_group + iri_pd:bystander_victim_group + iri_pd:bystander_target_group + iri_pd:bystander_other_group + age + ses + sex_female + faculty_player_factor + factor(session)","","0.987"
-1.51399459185281,0.896447089517197,0.888233032591562,-1.68888338147007,0.0912417805913548,"iri_pd",-3.27103088730651,0.243041703600898,"Empathy: Personal distress","H3","Bystander","primary","Two-sided Tobit","factor_session_fixed_effect","cluster_robust_id","survival::Surv(lower_endpoint, upper_endpoint, type = ""interval2"") ~ iri_fs + iri_ec + iri_pt + iri_pd + bystander_victim_group + bystander_target_group + bystander_other_group + victim_target_group + victim_other_group + bystander_target_group:bystander_other_group + victim_target_group:victim_other_group + target_other_same_faculty + iri_fs:bystander_victim_group + iri_fs:bystander_target_group + iri_fs:bystander_other_group + iri_ec:bystander_victim_group + iri_ec:bystander_target_group + iri_ec:bystander_other_group +      iri_pt:bystander_victim_group + iri_pt:bystander_target_group + iri_pt:bystander_other_group + iri_pd:bystander_victim_group + iri_pd:bystander_target_group + iri_pd:bystander_other_group + age + ses + sex_female + faculty_player_factor + factor(session)","+","0.091+"
-3.84073065221128,2.5857038351584,2.41561682175369,-1.48537144896024,0.137445454507766,"bystander_victim_groupoutgroup",-8.90871016912175,1.22724886469919,"Bystander-victim outgroup vs ingroup","H3","Bystander","primary","Two-sided Tobit","factor_session_fixed_effect","cluster_robust_id","survival::Surv(lower_endpoint, upper_endpoint, type = ""interval2"") ~ iri_fs + iri_ec + iri_pt + iri_pd + bystander_victim_group + bystander_target_group + bystander_other_group + victim_target_group + victim_other_group + bystander_target_group:bystander_other_group + victim_target_group:victim_other_group + target_other_same_faculty + iri_fs:bystander_victim_group + iri_fs:bystander_target_group + iri_fs:bystander_other_group + iri_ec:bystander_victim_group + iri_ec:bystander_target_group + iri_ec:bystander_other_group +      iri_pt:bystander_victim_group + iri_pt:bystander_target_group + iri_pt:bystander_other_group + iri_pd:bystander_victim_group + iri_pd:bystander_target_group + iri_pd:bystander_other_group + age + ses + sex_female + faculty_player_factor + factor(session)","","0.137"
-0.922068067004611,2.78285237633649,2.75842311587258,-0.331339195296617,0.740388288206227,"bystander_target_groupoutgroup",-6.37645872462414,4.53232259061491,"Bystander-target outgroup vs ingroup","H3","Bystander","primary","Two-sided Tobit","factor_session_fixed_effect","cluster_robust_id","survival::Surv(lower_endpoint, upper_endpoint, type = ""interval2"") ~ iri_fs + iri_ec + iri_pt + iri_pd + bystander_victim_group + bystander_target_group + bystander_other_group + victim_target_group + victim_other_group + bystander_target_group:bystander_other_group + victim_target_group:victim_other_group + target_other_same_faculty + iri_fs:bystander_victim_group + iri_fs:bystander_target_group + iri_fs:bystander_other_group + iri_ec:bystander_victim_group + iri_ec:bystander_target_group + iri_ec:bystander_other_group +      iri_pt:bystander_victim_group + iri_pt:bystander_target_group + iri_pt:bystander_other_group + iri_pd:bystander_victim_group + iri_pd:bystander_target_group + iri_pd:bystander_other_group + age + ses + sex_female + faculty_player_factor + factor(session)","","0.740"
-0.601344964638133,2.88432960766872,2.75649872898371,-0.208486909068681,0.834848803117977,"bystander_other_groupoutgroup",-6.25463099566883,5.05194106639256,"Bystander-other outgroup vs ingroup","H3","Bystander","primary","Two-sided Tobit","factor_session_fixed_effect","cluster_robust_id","survival::Surv(lower_endpoint, upper_endpoint, type = ""interval2"") ~ iri_fs + iri_ec + iri_pt + iri_pd + bystander_victim_group + bystander_target_group + bystander_other_group + victim_target_group + victim_other_group + bystander_target_group:bystander_other_group + victim_target_group:victim_other_group + target_other_same_faculty + iri_fs:bystander_victim_group + iri_fs:bystander_target_group + iri_fs:bystander_other_group + iri_ec:bystander_victim_group + iri_ec:bystander_target_group + iri_ec:bystander_other_group +      iri_pt:bystander_victim_group + iri_pt:bystander_target_group + iri_pt:bystander_other_group + iri_pd:bystander_victim_group + iri_pd:bystander_target_group + iri_pd:bystander_other_group + age + ses + sex_female + faculty_player_factor + factor(session)","","0.835"
-2.38550303450791,1.20940389935877,1.10924731061672,-1.97246183493596,0.0485569089760107,"victim_target_groupoutgroup",-4.7559346772511,-0.0150713917647165,"Victim-target outgroup vs ingroup","H3","Bystander","primary","Two-sided Tobit","factor_session_fixed_effect","cluster_robust_id","survival::Surv(lower_endpoint, upper_endpoint, type = ""interval2"") ~ iri_fs + iri_ec + iri_pt + iri_pd + bystander_victim_group + bystander_target_group + bystander_other_group + victim_target_group + victim_other_group + bystander_target_group:bystander_other_group + victim_target_group:victim_other_group + target_other_same_faculty + iri_fs:bystander_victim_group + iri_fs:bystander_target_group + iri_fs:bystander_other_group + iri_ec:bystander_victim_group + iri_ec:bystander_target_group + iri_ec:bystander_other_group +      iri_pt:bystander_victim_group + iri_pt:bystander_target_group + iri_pt:bystander_other_group + iri_pd:bystander_victim_group + iri_pd:bystander_target_group + iri_pd:bystander_other_group + age + ses + sex_female + faculty_player_factor + factor(session)","*","0.049*"
-2.05398576290882,1.16408047578733,1.10969515795438,-1.76447058913139,0.0776527827842383,"victim_other_groupoutgroup",-4.33558349545199,0.227611969634342,"Victim-other outgroup vs ingroup","H3","Bystander","primary","Two-sided Tobit","factor_session_fixed_effect","cluster_robust_id","survival::Surv(lower_endpoint, upper_endpoint, type = ""interval2"") ~ iri_fs + iri_ec + iri_pt + iri_pd + bystander_victim_group + bystander_target_group + bystander_other_group + victim_target_group + victim_other_group + bystander_target_group:bystander_other_group + victim_target_group:victim_other_group + target_other_same_faculty + iri_fs:bystander_victim_group + iri_fs:bystander_target_group + iri_fs:bystander_other_group + iri_ec:bystander_victim_group + iri_ec:bystander_target_group + iri_ec:bystander_other_group +      iri_pt:bystander_victim_group + iri_pt:bystander_target_group + iri_pt:bystander_other_group + iri_pd:bystander_victim_group + iri_pd:bystander_target_group + iri_pd:bystander_other_group + age + ses + sex_female + faculty_player_factor + factor(session)","+","0.078+"
0.838996164933767,0.822045337527382,0.757536201016076,1.02062030721733,0.307434364490867,"target_other_same_facultysame",-0.772212696619901,2.45020502648744,"Target/other same faculty vs different","H3","Bystander","primary","Two-sided Tobit","factor_session_fixed_effect","cluster_robust_id","survival::Surv(lower_endpoint, upper_endpoint, type = ""interval2"") ~ iri_fs + iri_ec + iri_pt + iri_pd + bystander_victim_group + bystander_target_group + bystander_other_group + victim_target_group + victim_other_group + bystander_target_group:bystander_other_group + victim_target_group:victim_other_group + target_other_same_faculty + iri_fs:bystander_victim_group + iri_fs:bystander_target_group + iri_fs:bystander_other_group + iri_ec:bystander_victim_group + iri_ec:bystander_target_group + iri_ec:bystander_other_group +      iri_pt:bystander_victim_group + iri_pt:bystander_target_group + iri_pt:bystander_other_group + iri_pd:bystander_victim_group + iri_pd:bystander_target_group + iri_pd:bystander_other_group + age + ses + sex_female + faculty_player_factor + factor(session)","","0.307"
0.359296710234666,0.101388725568575,0.0769128040581693,3.54375408330438,0.000394473003258124,"age",0.160574808120258,0.558018612349074,"Age","H3","Bystander","primary","Two-sided Tobit","factor_session_fixed_effect","cluster_robust_id","survival::Surv(lower_endpoint, upper_endpoint, type = ""interval2"") ~ iri_fs + iri_ec + iri_pt + iri_pd + bystander_victim_group + bystander_target_group + bystander_other_group + victim_target_group + victim_other_group + bystander_target_group:bystander_other_group + victim_target_group:victim_other_group + target_other_same_faculty + iri_fs:bystander_victim_group + iri_fs:bystander_target_group + iri_fs:bystander_other_group + iri_ec:bystander_victim_group + iri_ec:bystander_target_group + iri_ec:bystander_other_group +      iri_pt:bystander_victim_group + iri_pt:bystander_target_group + iri_pt:bystander_other_group + iri_pd:bystander_victim_group + iri_pd:bystander_target_group + iri_pd:bystander_other_group + age + ses + sex_female + faculty_player_factor + factor(session)","***","<0.001***"
0.397303623174394,0.295215858000415,0.223229150460915,1.34580718619064,0.178364707278526,"ses",-0.18131945850642,0.975926704855208,"Socioeconomic status","H3","Bystander","primary","Two-sided Tobit","factor_session_fixed_effect","cluster_robust_id","survival::Surv(lower_endpoint, upper_endpoint, type = ""interval2"") ~ iri_fs + iri_ec + iri_pt + iri_pd + bystander_victim_group + bystander_target_group + bystander_other_group + victim_target_group + victim_other_group + bystander_target_group:bystander_other_group + victim_target_group:victim_other_group + target_other_same_faculty + iri_fs:bystander_victim_group + iri_fs:bystander_target_group + iri_fs:bystander_other_group + iri_ec:bystander_victim_group + iri_ec:bystander_target_group + iri_ec:bystander_other_group +      iri_pt:bystander_victim_group + iri_pt:bystander_target_group + iri_pt:bystander_other_group + iri_pd:bystander_victim_group + iri_pd:bystander_target_group + iri_pd:bystander_other_group + age + ses + sex_female + faculty_player_factor + factor(session)","","0.178"
-0.818787139916414,0.699351375929953,0.507702164803648,-1.17078076643182,0.241686910781708,"sex_female",-2.18951583673912,0.551941556906293,"Woman participant","H3","Bystander","primary","Two-sided Tobit","factor_session_fixed_effect","cluster_robust_id","survival::Surv(lower_endpoint, upper_endpoint, type = ""interval2"") ~ iri_fs + iri_ec + iri_pt + iri_pd + bystander_victim_group + bystander_target_group + bystander_other_group + victim_target_group + victim_other_group + bystander_target_group:bystander_other_group + victim_target_group:victim_other_group + target_other_same_faculty + iri_fs:bystander_victim_group + iri_fs:bystander_target_group + iri_fs:bystander_other_group + iri_ec:bystander_victim_group + iri_ec:bystander_target_group + iri_ec:bystander_other_group +      iri_pt:bystander_victim_group + iri_pt:bystander_target_group + iri_pt:bystander_other_group + iri_pd:bystander_victim_group + iri_pd:bystander_target_group + iri_pd:bystander_other_group + age + ses + sex_female + faculty_player_factor + factor(session)","","0.242"
0.870682963825864,0.62260886010297,0.525331246585068,1.39844293844753,0.161980096615989,"faculty_player_factorEngineering",-0.349630401975958,2.09099632962769,"Participant faculty: Engineering vs Humanities","H3","Bystander","primary","Two-sided Tobit","factor_session_fixed_effect","cluster_robust_id","survival::Surv(lower_endpoint, upper_endpoint, type = ""interval2"") ~ iri_fs + iri_ec + iri_pt + iri_pd + bystander_victim_group + bystander_target_group + bystander_other_group + victim_target_group + victim_other_group + bystander_target_group:bystander_other_group + victim_target_group:victim_other_group + target_other_same_faculty + iri_fs:bystander_victim_group + iri_fs:bystander_target_group + iri_fs:bystander_other_group + iri_ec:bystander_victim_group + iri_ec:bystander_target_group + iri_ec:bystander_other_group +      iri_pt:bystander_victim_group + iri_pt:bystander_target_group + iri_pt:bystander_other_group + iri_pd:bystander_victim_group + iri_pd:bystander_target_group + iri_pd:bystander_other_group + age + ses + sex_female + faculty_player_factor + factor(session)","","0.162"
-1.41442075027923,2.23379989253122,1.52065241476543,-0.633190446023563,0.526609283968432,"factor(session)2",-5.79266853964043,2.96382703908196,"Session 2","H3","Bystander","primary","Two-sided Tobit","factor_session_fixed_effect","cluster_robust_id","survival::Surv(lower_endpoint, upper_endpoint, type = ""interval2"") ~ iri_fs + iri_ec + iri_pt + iri_pd + bystander_victim_group + bystander_target_group + bystander_other_group + victim_target_group + victim_other_group + bystander_target_group:bystander_other_group + victim_target_group:victim_other_group + target_other_same_faculty + iri_fs:bystander_victim_group + iri_fs:bystander_target_group + iri_fs:bystander_other_group + iri_ec:bystander_victim_group + iri_ec:bystander_target_group + iri_ec:bystander_other_group +      iri_pt:bystander_victim_group + iri_pt:bystander_target_group + iri_pt:bystander_other_group + iri_pd:bystander_victim_group + iri_pd:bystander_target_group + iri_pd:bystander_other_group + age + ses + sex_female + faculty_player_factor + factor(session)","","0.527"
-1.75132477070075,1.93152360407763,1.4023198043334,-0.90670637780638,0.364562089845327,"factor(session)3",-5.5371110346929,2.0344614932914,"Session 3","H3","Bystander","primary","Two-sided Tobit","factor_session_fixed_effect","cluster_robust_id","survival::Surv(lower_endpoint, upper_endpoint, type = ""interval2"") ~ iri_fs + iri_ec + iri_pt + iri_pd + bystander_victim_group + bystander_target_group + bystander_other_group + victim_target_group + victim_other_group + bystander_target_group:bystander_other_group + victim_target_group:victim_other_group + target_other_same_faculty + iri_fs:bystander_victim_group + iri_fs:bystander_target_group + iri_fs:bystander_other_group + iri_ec:bystander_victim_group + iri_ec:bystander_target_group + iri_ec:bystander_other_group +      iri_pt:bystander_victim_group + iri_pt:bystander_target_group + iri_pt:bystander_other_group + iri_pd:bystander_victim_group + iri_pd:bystander_target_group + iri_pd:bystander_other_group + age + ses + sex_female + faculty_player_factor + factor(session)","","0.365"
-2.34648231718383,2.22125135272432,1.73171686257908,-1.05637856531001,0.290795294811495,"factor(session)4",-6.7001349685235,2.00717033415583,"Session 4","H3","Bystander","primary","Two-sided Tobit","factor_session_fixed_effect","cluster_robust_id","survival::Surv(lower_endpoint, upper_endpoint, type = ""interval2"") ~ iri_fs + iri_ec + iri_pt + iri_pd + bystander_victim_group + bystander_target_group + bystander_other_group + victim_target_group + victim_other_group + bystander_target_group:bystander_other_group + victim_target_group:victim_other_group + target_other_same_faculty + iri_fs:bystander_victim_group + iri_fs:bystander_target_group + iri_fs:bystander_other_group + iri_ec:bystander_victim_group + iri_ec:bystander_target_group + iri_ec:bystander_other_group +      iri_pt:bystander_victim_group + iri_pt:bystander_target_group + iri_pt:bystander_other_group + iri_pd:bystander_victim_group + iri_pd:bystander_target_group + iri_pd:bystander_other_group + age + ses + sex_female + faculty_player_factor + factor(session)","","0.291"
-2.80452616517694,1.9112252551477,1.65257047116025,-1.4673969787827,0.142268095887481,"factor(session)5",-6.55052766526644,0.941475334912556,"Session 5","H3","Bystander","primary","Two-sided Tobit","factor_session_fixed_effect","cluster_robust_id","survival::Surv(lower_endpoint, upper_endpoint, type = ""interval2"") ~ iri_fs + iri_ec + iri_pt + iri_pd + bystander_victim_group + bystander_target_group + bystander_other_group + victim_target_group + victim_other_group + bystander_target_group:bystander_other_group + victim_target_group:victim_other_group + target_other_same_faculty + iri_fs:bystander_victim_group + iri_fs:bystander_target_group + iri_fs:bystander_other_group + iri_ec:bystander_victim_group + iri_ec:bystander_target_group + iri_ec:bystander_other_group +      iri_pt:bystander_victim_group + iri_pt:bystander_target_group + iri_pt:bystander_other_group + iri_pd:bystander_victim_group + iri_pd:bystander_target_group + iri_pd:bystander_other_group + age + ses + sex_female + faculty_player_factor + factor(session)","","0.142"
2.88573003985317,3.38397357751623,2.34684529783889,0.852763762408346,0.393790323280537,"factor(session)6",-3.74685817207864,9.51831825178499,"Session 6","H3","Bystander","primary","Two-sided Tobit","factor_session_fixed_effect","cluster_robust_id","survival::Surv(lower_endpoint, upper_endpoint, type = ""interval2"") ~ iri_fs + iri_ec + iri_pt + iri_pd + bystander_victim_group + bystander_target_group + bystander_other_group + victim_target_group + victim_other_group + bystander_target_group:bystander_other_group + victim_target_group:victim_other_group + target_other_same_faculty + iri_fs:bystander_victim_group + iri_fs:bystander_target_group + iri_fs:bystander_other_group + iri_ec:bystander_victim_group + iri_ec:bystander_target_group + iri_ec:bystander_other_group +      iri_pt:bystander_victim_group + iri_pt:bystander_target_group + iri_pt:bystander_other_group + iri_pd:bystander_victim_group + iri_pd:bystander_target_group + iri_pd:bystander_other_group + age + ses + sex_female + faculty_player_factor + factor(session)","","0.394"
-4.73949162110093,2.02095955738852,1.44078067595655,-2.34516895886095,0.0190184590110246,"factor(session)7",-8.70057235358243,-0.778410888619427,"Session 7","H3","Bystander","primary","Two-sided Tobit","factor_session_fixed_effect","cluster_robust_id","survival::Surv(lower_endpoint, upper_endpoint, type = ""interval2"") ~ iri_fs + iri_ec + iri_pt + iri_pd + bystander_victim_group + bystander_target_group + bystander_other_group + victim_target_group + victim_other_group + bystander_target_group:bystander_other_group + victim_target_group:victim_other_group + target_other_same_faculty + iri_fs:bystander_victim_group + iri_fs:bystander_target_group + iri_fs:bystander_other_group + iri_ec:bystander_victim_group + iri_ec:bystander_target_group + iri_ec:bystander_other_group +      iri_pt:bystander_victim_group + iri_pt:bystander_target_group + iri_pt:bystander_other_group + iri_pd:bystander_victim_group + iri_pd:bystander_target_group + iri_pd:bystander_other_group + age + ses + sex_female + faculty_player_factor + factor(session)","*","0.019*"
-3.07087461416694,1.97732119073212,1.32682842032917,-1.5530479461609,0.12041168053392,"factor(session)8",-6.94642414800189,0.804674919668007,"Session 8","H3","Bystander","primary","Two-sided Tobit","factor_session_fixed_effect","cluster_robust_id","survival::Surv(lower_endpoint, upper_endpoint, type = ""interval2"") ~ iri_fs + iri_ec + iri_pt + iri_pd + bystander_victim_group + bystander_target_group + bystander_other_group + victim_target_group + victim_other_group + bystander_target_group:bystander_other_group + victim_target_group:victim_other_group + target_other_same_faculty + iri_fs:bystander_victim_group + iri_fs:bystander_target_group + iri_fs:bystander_other_group + iri_ec:bystander_victim_group + iri_ec:bystander_target_group + iri_ec:bystander_other_group +      iri_pt:bystander_victim_group + iri_pt:bystander_target_group + iri_pt:bystander_other_group + iri_pd:bystander_victim_group + iri_pd:bystander_target_group + iri_pd:bystander_other_group + age + ses + sex_female + faculty_player_factor + factor(session)","","0.120"
-1.10512169963878,1.7568294943394,1.24560754531083,-0.629043229977375,0.529320754885433,"factor(session)9",-4.54850750854401,2.33826410926645,"Session 9","H3","Bystander","primary","Two-sided Tobit","factor_session_fixed_effect","cluster_robust_id","survival::Surv(lower_endpoint, upper_endpoint, type = ""interval2"") ~ iri_fs + iri_ec + iri_pt + iri_pd + bystander_victim_group + bystander_target_group + bystander_other_group + victim_target_group + victim_other_group + bystander_target_group:bystander_other_group + victim_target_group:victim_other_group + target_other_same_faculty + iri_fs:bystander_victim_group + iri_fs:bystander_target_group + iri_fs:bystander_other_group + iri_ec:bystander_victim_group + iri_ec:bystander_target_group + iri_ec:bystander_other_group +      iri_pt:bystander_victim_group + iri_pt:bystander_target_group + iri_pt:bystander_other_group + iri_pd:bystander_victim_group + iri_pd:bystander_target_group + iri_pd:bystander_other_group + age + ses + sex_female + faculty_player_factor + factor(session)","","0.529"
-1.32600031095001,1.72615913773055,1.25793501261696,-0.768179643444321,0.442380465630873,"factor(session)10",-4.70927222090189,2.05727159900187,"Session 10","H3","Bystander","primary","Two-sided Tobit","factor_session_fixed_effect","cluster_robust_id","survival::Surv(lower_endpoint, upper_endpoint, type = ""interval2"") ~ iri_fs + iri_ec + iri_pt + iri_pd + bystander_victim_group + bystander_target_group + bystander_other_group + victim_target_group + victim_other_group + bystander_target_group:bystander_other_group + victim_target_group:victim_other_group + target_other_same_faculty + iri_fs:bystander_victim_group + iri_fs:bystander_target_group + iri_fs:bystander_other_group + iri_ec:bystander_victim_group + iri_ec:bystander_target_group + iri_ec:bystander_other_group +      iri_pt:bystander_victim_group + iri_pt:bystander_target_group + iri_pt:bystander_other_group + iri_pd:bystander_victim_group + iri_pd:bystander_target_group + iri_pd:bystander_other_group + age + ses + sex_female + faculty_player_factor + factor(session)","","0.442"
-3.36007392416097,1.73412470617568,1.23439749135841,-1.93761954500437,0.0526696561361032,"factor(session)11",-6.7589583482653,0.0388104999433736,"Session 11","H3","Bystander","primary","Two-sided Tobit","factor_session_fixed_effect","cluster_robust_id","survival::Surv(lower_endpoint, upper_endpoint, type = ""interval2"") ~ iri_fs + iri_ec + iri_pt + iri_pd + bystander_victim_group + bystander_target_group + bystander_other_group + victim_target_group + victim_other_group + bystander_target_group:bystander_other_group + victim_target_group:victim_other_group + target_other_same_faculty + iri_fs:bystander_victim_group + iri_fs:bystander_target_group + iri_fs:bystander_other_group + iri_ec:bystander_victim_group + iri_ec:bystander_target_group + iri_ec:bystander_other_group +      iri_pt:bystander_victim_group + iri_pt:bystander_target_group + iri_pt:bystander_other_group + iri_pd:bystander_victim_group + iri_pd:bystander_target_group + iri_pd:bystander_other_group + age + ses + sex_female + faculty_player_factor + factor(session)","+","0.053+"
-0.814003043868764,1.78745201858922,1.20027931677722,-0.455398542396249,0.64882254372032,"factor(session)12",-4.31740900030363,2.68940291256611,"Session 12","H3","Bystander","primary","Two-sided Tobit","factor_session_fixed_effect","cluster_robust_id","survival::Surv(lower_endpoint, upper_endpoint, type = ""interval2"") ~ iri_fs + iri_ec + iri_pt + iri_pd + bystander_victim_group + bystander_target_group + bystander_other_group + victim_target_group + victim_other_group + bystander_target_group:bystander_other_group + victim_target_group:victim_other_group + target_other_same_faculty + iri_fs:bystander_victim_group + iri_fs:bystander_target_group + iri_fs:bystander_other_group + iri_ec:bystander_victim_group + iri_ec:bystander_target_group + iri_ec:bystander_other_group +      iri_pt:bystander_victim_group + iri_pt:bystander_target_group + iri_pt:bystander_other_group + iri_pd:bystander_victim_group + iri_pd:bystander_target_group + iri_pd:bystander_other_group + age + ses + sex_female + faculty_player_factor + factor(session)","","0.649"
-2.3265936565671,1.76954420530548,1.24288371939042,-1.31479826815938,0.188577709655301,"factor(session)13",-5.79490029896583,1.14171298583163,"Session 13","H3","Bystander","primary","Two-sided Tobit","factor_session_fixed_effect","cluster_robust_id","survival::Surv(lower_endpoint, upper_endpoint, type = ""interval2"") ~ iri_fs + iri_ec + iri_pt + iri_pd + bystander_victim_group + bystander_target_group + bystander_other_group + victim_target_group + victim_other_group + bystander_target_group:bystander_other_group + victim_target_group:victim_other_group + target_other_same_faculty + iri_fs:bystander_victim_group + iri_fs:bystander_target_group + iri_fs:bystander_other_group + iri_ec:bystander_victim_group + iri_ec:bystander_target_group + iri_ec:bystander_other_group +      iri_pt:bystander_victim_group + iri_pt:bystander_target_group + iri_pt:bystander_other_group + iri_pd:bystander_victim_group + iri_pd:bystander_target_group + iri_pd:bystander_other_group + age + ses + sex_female + faculty_player_factor + factor(session)","","0.189"
-1.43941972820233,2.0751005844156,1.36127569055955,-0.693662629663666,0.487893807068135,"factor(session)14",-5.5066168736569,2.62777741725224,"Session 14","H3","Bystander","primary","Two-sided Tobit","factor_session_fixed_effect","cluster_robust_id","survival::Surv(lower_endpoint, upper_endpoint, type = ""interval2"") ~ iri_fs + iri_ec + iri_pt + iri_pd + bystander_victim_group + bystander_target_group + bystander_other_group + victim_target_group + victim_other_group + bystander_target_group:bystander_other_group + victim_target_group:victim_other_group + target_other_same_faculty + iri_fs:bystander_victim_group + iri_fs:bystander_target_group + iri_fs:bystander_other_group + iri_ec:bystander_victim_group + iri_ec:bystander_target_group + iri_ec:bystander_other_group +      iri_pt:bystander_victim_group + iri_pt:bystander_target_group + iri_pt:bystander_other_group + iri_pd:bystander_victim_group + iri_pd:bystander_target_group + iri_pd:bystander_other_group + age + ses + sex_female + faculty_player_factor + factor(session)","","0.488"
-2.80899945766786,2.24157436878308,1.80431469275267,-1.25313685630373,0.210155904957743,"factor(session)15",-7.20248522048269,1.58448630514698,"Session 15","H3","Bystander","primary","Two-sided Tobit","factor_session_fixed_effect","cluster_robust_id","survival::Surv(lower_endpoint, upper_endpoint, type = ""interval2"") ~ iri_fs + iri_ec + iri_pt + iri_pd + bystander_victim_group + bystander_target_group + bystander_other_group + victim_target_group + victim_other_group + bystander_target_group:bystander_other_group + victim_target_group:victim_other_group + target_other_same_faculty + iri_fs:bystander_victim_group + iri_fs:bystander_target_group + iri_fs:bystander_other_group + iri_ec:bystander_victim_group + iri_ec:bystander_target_group + iri_ec:bystander_other_group +      iri_pt:bystander_victim_group + iri_pt:bystander_target_group + iri_pt:bystander_other_group + iri_pd:bystander_victim_group + iri_pd:bystander_target_group + iri_pd:bystander_other_group + age + ses + sex_female + faculty_player_factor + factor(session)","","0.210"
-2.55748469532189,1.70746099788225,1.21609714244631,-1.49782905641412,0.134177669500617,"factor(session)16",-5.9041082511711,0.78913886052732,"Session 16","H3","Bystander","primary","Two-sided Tobit","factor_session_fixed_effect","cluster_robust_id","survival::Surv(lower_endpoint, upper_endpoint, type = ""interval2"") ~ iri_fs + iri_ec + iri_pt + iri_pd + bystander_victim_group + bystander_target_group + bystander_other_group + victim_target_group + victim_other_group + bystander_target_group:bystander_other_group + victim_target_group:victim_other_group + target_other_same_faculty + iri_fs:bystander_victim_group + iri_fs:bystander_target_group + iri_fs:bystander_other_group + iri_ec:bystander_victim_group + iri_ec:bystander_target_group + iri_ec:bystander_other_group +      iri_pt:bystander_victim_group + iri_pt:bystander_target_group + iri_pt:bystander_other_group + iri_pd:bystander_victim_group + iri_pd:bystander_target_group + iri_pd:bystander_other_group + age + ses + sex_female + faculty_player_factor + factor(session)","","0.134"
-2.34422114525727,1.39551086981388,1.44036646265293,-1.67983008657606,0.0929903795731113,"bystander_target_groupoutgroup:bystander_other_groupoutgroup",-5.07942245009247,0.390980159577925,"Bystander-target outgroup vs ingroup x Bystander-other outgroup vs ingroup","H3","Bystander","primary","Two-sided Tobit","factor_session_fixed_effect","cluster_robust_id","survival::Surv(lower_endpoint, upper_endpoint, type = ""interval2"") ~ iri_fs + iri_ec + iri_pt + iri_pd + bystander_victim_group + bystander_target_group + bystander_other_group + victim_target_group + victim_other_group + bystander_target_group:bystander_other_group + victim_target_group:victim_other_group + target_other_same_faculty + iri_fs:bystander_victim_group + iri_fs:bystander_target_group + iri_fs:bystander_other_group + iri_ec:bystander_victim_group + iri_ec:bystander_target_group + iri_ec:bystander_other_group +      iri_pt:bystander_victim_group + iri_pt:bystander_target_group + iri_pt:bystander_other_group + iri_pd:bystander_victim_group + iri_pd:bystander_target_group + iri_pd:bystander_other_group + age + ses + sex_female + faculty_player_factor + factor(session)","+","0.093+"
2.81024237556255,1.58529984463878,1.46991621148102,1.77268822996882,0.0762803825045758,"victim_target_groupoutgroup:victim_other_groupoutgroup",-0.29694531992945,5.91743007105455,"Victim-target outgroup vs ingroup x Victim-other outgroup vs ingroup","H3","Bystander","primary","Two-sided Tobit","factor_session_fixed_effect","cluster_robust_id","survival::Surv(lower_endpoint, upper_endpoint, type = ""interval2"") ~ iri_fs + iri_ec + iri_pt + iri_pd + bystander_victim_group + bystander_target_group + bystander_other_group + victim_target_group + victim_other_group + bystander_target_group:bystander_other_group + victim_target_group:victim_other_group + target_other_same_faculty + iri_fs:bystander_victim_group + iri_fs:bystander_target_group + iri_fs:bystander_other_group + iri_ec:bystander_victim_group + iri_ec:bystander_target_group + iri_ec:bystander_other_group +      iri_pt:bystander_victim_group + iri_pt:bystander_target_group + iri_pt:bystander_other_group + iri_pd:bystander_victim_group + iri_pd:bystander_target_group + iri_pd:bystander_other_group + age + ses + sex_female + faculty_player_factor + factor(session)","+","0.076+"
-1.40075062541478,0.755256903210277,0.619384288819681,-1.85466775538334,0.0636436860335804,"iri_fs:bystander_victim_groupoutgroup",-2.88105415570692,0.0795529048773671,"Empathy: Fantasy x Bystander-victim outgroup vs ingroup","H3","Bystander","primary","Two-sided Tobit","factor_session_fixed_effect","cluster_robust_id","survival::Surv(lower_endpoint, upper_endpoint, type = ""interval2"") ~ iri_fs + iri_ec + iri_pt + iri_pd + bystander_victim_group + bystander_target_group + bystander_other_group + victim_target_group + victim_other_group + bystander_target_group:bystander_other_group + victim_target_group:victim_other_group + target_other_same_faculty + iri_fs:bystander_victim_group + iri_fs:bystander_target_group + iri_fs:bystander_other_group + iri_ec:bystander_victim_group + iri_ec:bystander_target_group + iri_ec:bystander_other_group +      iri_pt:bystander_victim_group + iri_pt:bystander_target_group + iri_pt:bystander_other_group + iri_pd:bystander_victim_group + iri_pd:bystander_target_group + iri_pd:bystander_other_group + age + ses + sex_female + faculty_player_factor + factor(session)","+","0.064+"
-0.0323359366134467,0.684399977554344,0.649109710532716,-0.0472471327789883,0.962316262916104,"iri_fs:bystander_target_groupoutgroup",-1.37375989261996,1.30908801939307,"Empathy: Fantasy x Bystander-target outgroup vs ingroup","H3","Bystander","primary","Two-sided Tobit","factor_session_fixed_effect","cluster_robust_id","survival::Surv(lower_endpoint, upper_endpoint, type = ""interval2"") ~ iri_fs + iri_ec + iri_pt + iri_pd + bystander_victim_group + bystander_target_group + bystander_other_group + victim_target_group + victim_other_group + bystander_target_group:bystander_other_group + victim_target_group:victim_other_group + target_other_same_faculty + iri_fs:bystander_victim_group + iri_fs:bystander_target_group + iri_fs:bystander_other_group + iri_ec:bystander_victim_group + iri_ec:bystander_target_group + iri_ec:bystander_other_group +      iri_pt:bystander_victim_group + iri_pt:bystander_target_group + iri_pt:bystander_other_group + iri_pd:bystander_victim_group + iri_pd:bystander_target_group + iri_pd:bystander_other_group + age + ses + sex_female + faculty_player_factor + factor(session)","","0.962"
-0.833047967922091,0.662026151434568,0.649543631601464,-1.25833090749803,0.208272107857015,"iri_fs:bystander_other_groupoutgroup",-2.13061922473384,0.464523288889662,"Empathy: Fantasy x Bystander-other outgroup vs ingroup","H3","Bystander","primary","Two-sided Tobit","factor_session_fixed_effect","cluster_robust_id","survival::Surv(lower_endpoint, upper_endpoint, type = ""interval2"") ~ iri_fs + iri_ec + iri_pt + iri_pd + bystander_victim_group + bystander_target_group + bystander_other_group + victim_target_group + victim_other_group + bystander_target_group:bystander_other_group + victim_target_group:victim_other_group + target_other_same_faculty + iri_fs:bystander_victim_group + iri_fs:bystander_target_group + iri_fs:bystander_other_group + iri_ec:bystander_victim_group + iri_ec:bystander_target_group + iri_ec:bystander_other_group +      iri_pt:bystander_victim_group + iri_pt:bystander_target_group + iri_pt:bystander_other_group + iri_pd:bystander_victim_group + iri_pd:bystander_target_group + iri_pd:bystander_other_group + age + ses + sex_female + faculty_player_factor + factor(session)","","0.208"
1.09365649989923,1.06841030737386,0.917920562140808,1.02362967892684,0.306010221481181,"iri_ec:bystander_victim_groupoutgroup",-1.00042770255354,3.187740702352,"Empathy: Empathic concern x Bystander-victim outgroup vs ingroup","H3","Bystander","primary","Two-sided Tobit","factor_session_fixed_effect","cluster_robust_id","survival::Surv(lower_endpoint, upper_endpoint, type = ""interval2"") ~ iri_fs + iri_ec + iri_pt + iri_pd + bystander_victim_group + bystander_target_group + bystander_other_group + victim_target_group + victim_other_group + bystander_target_group:bystander_other_group + victim_target_group:victim_other_group + target_other_same_faculty + iri_fs:bystander_victim_group + iri_fs:bystander_target_group + iri_fs:bystander_other_group + iri_ec:bystander_victim_group + iri_ec:bystander_target_group + iri_ec:bystander_other_group +      iri_pt:bystander_victim_group + iri_pt:bystander_target_group + iri_pt:bystander_other_group + iri_pd:bystander_victim_group + iri_pd:bystander_target_group + iri_pd:bystander_other_group + age + ses + sex_female + faculty_player_factor + factor(session)","","0.306"
-0.239067219394238,0.807263746250124,0.966038245634259,-0.296145120482302,0.767119257383057,"iri_ec:bystander_target_groupoutgroup",-1.82130416204448,1.34316972325601,"Empathy: Empathic concern x Bystander-target outgroup vs ingroup","H3","Bystander","primary","Two-sided Tobit","factor_session_fixed_effect","cluster_robust_id","survival::Surv(lower_endpoint, upper_endpoint, type = ""interval2"") ~ iri_fs + iri_ec + iri_pt + iri_pd + bystander_victim_group + bystander_target_group + bystander_other_group + victim_target_group + victim_other_group + bystander_target_group:bystander_other_group + victim_target_group:victim_other_group + target_other_same_faculty + iri_fs:bystander_victim_group + iri_fs:bystander_target_group + iri_fs:bystander_other_group + iri_ec:bystander_victim_group + iri_ec:bystander_target_group + iri_ec:bystander_other_group +      iri_pt:bystander_victim_group + iri_pt:bystander_target_group + iri_pt:bystander_other_group + iri_pd:bystander_victim_group + iri_pd:bystander_target_group + iri_pd:bystander_other_group + age + ses + sex_female + faculty_player_factor + factor(session)","","0.767"
1.23618085014793,0.865920350370844,0.967098725715887,1.42759186756439,0.153409365738989,"iri_ec:bystander_other_groupoutgroup",-0.46102303657893,2.93338473687478,"Empathy: Empathic concern x Bystander-other outgroup vs ingroup","H3","Bystander","primary","Two-sided Tobit","factor_session_fixed_effect","cluster_robust_id","survival::Surv(lower_endpoint, upper_endpoint, type = ""interval2"") ~ iri_fs + iri_ec + iri_pt + iri_pd + bystander_victim_group + bystander_target_group + bystander_other_group + victim_target_group + victim_other_group + bystander_target_group:bystander_other_group + victim_target_group:victim_other_group + target_other_same_faculty + iri_fs:bystander_victim_group + iri_fs:bystander_target_group + iri_fs:bystander_other_group + iri_ec:bystander_victim_group + iri_ec:bystander_target_group + iri_ec:bystander_other_group +      iri_pt:bystander_victim_group + iri_pt:bystander_target_group + iri_pt:bystander_other_group + iri_pd:bystander_victim_group + iri_pd:bystander_target_group + iri_pd:bystander_other_group + age + ses + sex_female + faculty_player_factor + factor(session)","","0.153"
0.238057128543775,0.883501431635149,0.821376387982499,0.269447360264249,0.787585445046465,"iri_pt:bystander_victim_groupoutgroup",-1.49360567746112,1.96971993454867,"Empathy: Perspective taking x Bystander-victim outgroup vs ingroup","H3","Bystander","primary","Two-sided Tobit","factor_session_fixed_effect","cluster_robust_id","survival::Surv(lower_endpoint, upper_endpoint, type = ""interval2"") ~ iri_fs + iri_ec + iri_pt + iri_pd + bystander_victim_group + bystander_target_group + bystander_other_group + victim_target_group + victim_other_group + bystander_target_group:bystander_other_group + victim_target_group:victim_other_group + target_other_same_faculty + iri_fs:bystander_victim_group + iri_fs:bystander_target_group + iri_fs:bystander_other_group + iri_ec:bystander_victim_group + iri_ec:bystander_target_group + iri_ec:bystander_other_group +      iri_pt:bystander_victim_group + iri_pt:bystander_target_group + iri_pt:bystander_other_group + iri_pd:bystander_victim_group + iri_pd:bystander_target_group + iri_pd:bystander_other_group + age + ses + sex_female + faculty_player_factor + factor(session)","","0.788"
0.839495655633419,0.852240839365419,0.873816710160224,0.985045091547725,0.324601922486335,"iri_pt:bystander_target_groupoutgroup",-0.830896389522801,2.50988770078964,"Empathy: Perspective taking x Bystander-target outgroup vs ingroup","H3","Bystander","primary","Two-sided Tobit","factor_session_fixed_effect","cluster_robust_id","survival::Surv(lower_endpoint, upper_endpoint, type = ""interval2"") ~ iri_fs + iri_ec + iri_pt + iri_pd + bystander_victim_group + bystander_target_group + bystander_other_group + victim_target_group + victim_other_group + bystander_target_group:bystander_other_group + victim_target_group:victim_other_group + target_other_same_faculty + iri_fs:bystander_victim_group + iri_fs:bystander_target_group + iri_fs:bystander_other_group + iri_ec:bystander_victim_group + iri_ec:bystander_target_group + iri_ec:bystander_other_group +      iri_pt:bystander_victim_group + iri_pt:bystander_target_group + iri_pt:bystander_other_group + iri_pd:bystander_victim_group + iri_pd:bystander_target_group + iri_pd:bystander_other_group + age + ses + sex_female + faculty_player_factor + factor(session)","","0.325"
-0.192073415193662,0.83403006040244,0.873798763623268,-0.230295554456373,0.81786211481547,"iri_pt:bystander_other_groupoutgroup",-1.82677233358244,1.44262550319512,"Empathy: Perspective taking x Bystander-other outgroup vs ingroup","H3","Bystander","primary","Two-sided Tobit","factor_session_fixed_effect","cluster_robust_id","survival::Surv(lower_endpoint, upper_endpoint, type = ""interval2"") ~ iri_fs + iri_ec + iri_pt + iri_pd + bystander_victim_group + bystander_target_group + bystander_other_group + victim_target_group + victim_other_group + bystander_target_group:bystander_other_group + victim_target_group:victim_other_group + target_other_same_faculty + iri_fs:bystander_victim_group + iri_fs:bystander_target_group + iri_fs:bystander_other_group + iri_ec:bystander_victim_group + iri_ec:bystander_target_group + iri_ec:bystander_other_group +      iri_pt:bystander_victim_group + iri_pt:bystander_target_group + iri_pt:bystander_other_group + iri_pd:bystander_victim_group + iri_pd:bystander_target_group + iri_pd:bystander_other_group + age + ses + sex_female + faculty_player_factor + factor(session)","","0.818"
1.74336854432658,0.770644917718134,0.737761458238911,2.26222025766246,0.0236837983214037,"iri_pd:bystander_victim_groupoutgroup",0.232904505599042,3.25383258305413,"Empathy: Personal distress x Bystander-victim outgroup vs ingroup","H3","Bystander","primary","Two-sided Tobit","factor_session_fixed_effect","cluster_robust_id","survival::Surv(lower_endpoint, upper_endpoint, type = ""interval2"") ~ iri_fs + iri_ec + iri_pt + iri_pd + bystander_victim_group + bystander_target_group + bystander_other_group + victim_target_group + victim_other_group + bystander_target_group:bystander_other_group + victim_target_group:victim_other_group + target_other_same_faculty + iri_fs:bystander_victim_group + iri_fs:bystander_target_group + iri_fs:bystander_other_group + iri_ec:bystander_victim_group + iri_ec:bystander_target_group + iri_ec:bystander_other_group +      iri_pt:bystander_victim_group + iri_pt:bystander_target_group + iri_pt:bystander_other_group + iri_pd:bystander_victim_group + iri_pd:bystander_target_group + iri_pd:bystander_other_group + age + ses + sex_female + faculty_player_factor + factor(session)","*","0.024*"
0.823585517427576,0.695799506308197,0.778178029547,1.183653494952,0.236550255058029,"iri_pd:bystander_target_groupoutgroup",-0.540181514936491,2.18735254979164,"Empathy: Personal distress x Bystander-target outgroup vs ingroup","H3","Bystander","primary","Two-sided Tobit","factor_session_fixed_effect","cluster_robust_id","survival::Surv(lower_endpoint, upper_endpoint, type = ""interval2"") ~ iri_fs + iri_ec + iri_pt + iri_pd + bystander_victim_group + bystander_target_group + bystander_other_group + victim_target_group + victim_other_group + bystander_target_group:bystander_other_group + victim_target_group:victim_other_group + target_other_same_faculty + iri_fs:bystander_victim_group + iri_fs:bystander_target_group + iri_fs:bystander_other_group + iri_ec:bystander_victim_group + iri_ec:bystander_target_group + iri_ec:bystander_other_group +      iri_pt:bystander_victim_group + iri_pt:bystander_target_group + iri_pt:bystander_other_group + iri_pd:bystander_victim_group + iri_pd:bystander_target_group + iri_pd:bystander_other_group + age + ses + sex_female + faculty_player_factor + factor(session)","","0.237"
0.585416774821703,0.766205020634142,0.778021313808344,0.764047166301767,0.44483913549587,"iri_pd:bystander_other_groupoutgroup",-0.916345065621215,2.08717861526462,"Empathy: Personal distress x Bystander-other outgroup vs ingroup","H3","Bystander","primary","Two-sided Tobit","factor_session_fixed_effect","cluster_robust_id","survival::Surv(lower_endpoint, upper_endpoint, type = ""interval2"") ~ iri_fs + iri_ec + iri_pt + iri_pd + bystander_victim_group + bystander_target_group + bystander_other_group + victim_target_group + victim_other_group + bystander_target_group:bystander_other_group + victim_target_group:victim_other_group + target_other_same_faculty + iri_fs:bystander_victim_group + iri_fs:bystander_target_group + iri_fs:bystander_other_group + iri_ec:bystander_victim_group + iri_ec:bystander_target_group + iri_ec:bystander_other_group +      iri_pt:bystander_victim_group + iri_pt:bystander_target_group + iri_pt:bystander_other_group + iri_pd:bystander_victim_group + iri_pd:bystander_target_group + iri_pd:bystander_other_group + age + ses + sex_female + faculty_player_factor + factor(session)","","0.445"
2.32194336079634,0.056729504445083,0.0212906777877631,40.9300836224314,0,"Log(scale)",2.21075353208398,2.4331331895087,"Tobit log-scale","H3","Bystander","primary","Two-sided Tobit","factor_session_fixed_effect","cluster_robust_id","survival::Surv(lower_endpoint, upper_endpoint, type = ""interval2"") ~ iri_fs + iri_ec + iri_pt + iri_pd + bystander_victim_group + bystander_target_group + bystander_other_group + victim_target_group + victim_other_group + bystander_target_group:bystander_other_group + victim_target_group:victim_other_group + target_other_same_faculty + iri_fs:bystander_victim_group + iri_fs:bystander_target_group + iri_fs:bystander_other_group + iri_ec:bystander_victim_group + iri_ec:bystander_target_group + iri_ec:bystander_other_group +      iri_pt:bystander_victim_group + iri_pt:bystander_target_group + iri_pt:bystander_other_group + iri_pd:bystander_victim_group + iri_pd:bystander_target_group + iri_pd:bystander_other_group + age + ses + sex_female + faculty_player_factor + factor(session)","***","<0.001***"
