"session","id","age","economic_status","sex","faculty_player","ac1","ac2","treatment","campus","attention_pass","valid_treatment","analysis_include","iri_total","iri_fs","iri_ec","iri_pt","iri_pd","faculty_neg_1_s1","faculty_neg_2_s1","faculty_victim_s1","decision_neg1_s1","decision_neg2_s1","judgement_n1_s1","judgement_n2_s1","judgement_compare_s1","faculty_neg_1_s2","faculty_neg_2_s2","faculty_victim_s2","decision_neg1_s2","decision_neg2_s2","judgement_n1_s2","judgement_n2_s2","judgement_compare_s2","faculty_neg_1_s3","faculty_neg_2_s3","faculty_victim_s3","decision_neg1_s3","decision_neg2_s3","judgement_n1_s3","judgement_n2_s3","judgement_compare_s3","faculty_neg_1_s4","faculty_neg_2_s4","faculty_victim_s4","decision_neg1_s4","decision_neg2_s4","judgement_n1_s4","judgement_n2_s4","judgement_compare_s4","faculty_neg_1_s5","faculty_neg_2_s5","faculty_victim_s5","decision_neg1_s5","decision_neg2_s5","judgement_n1_s5","judgement_n2_s5","judgement_compare_s5","faculty_neg_1_s6","faculty_neg_2_s6","faculty_victim_s6","decision_neg1_s6","decision_neg2_s6","judgement_n1_s6","judgement_n2_s6","judgement_compare_s6","faculty_neg_1_s7","faculty_neg_2_s7","faculty_victim_s7","decision_neg1_s7","decision_neg2_s7","judgement_n1_s7","judgement_n2_s7","judgement_compare_s7","faculty_neg_1_s8","faculty_neg_2_s8","faculty_victim_s8","decision_neg1_s8","decision_neg2_s8","judgement_n1_s8","judgement_n2_s8","judgement_compare_s8","faculty_neg_1_s9","faculty_neg_2_s9","faculty_victim_s9","decision_neg1_s9","decision_neg2_s9","judgement_n1_s9","judgement_n2_s9","judgement_compare_s9","faculty_neg_1_s10","faculty_neg_2_s10","faculty_victim_s10","decision_neg1_s10","decision_neg2_s10","judgement_n1_s10","judgement_n2_s10","judgement_compare_s10"
1,1,22,4,2,1,,,2,"Version 2.0",TRUE,TRUE,TRUE,1.25,1.42857142857143,0.857142857142857,1.28571428571429,1.42857142857143,0,0,1,1,0,-9,9,1,1,1,2,0,1,9,9,3,0,0,2,1,0,-9,9,1,0,0,2,0,1,9,9,3,2,2,2,0,0,9,9,3,2,0,,0,1,9,-9,2,2,1,,1,0,-9,9,1,2,0,,1,0,0,0,3,0,2,,0,1,1,-9,2,2,2,,0,0,9,9,3
1,2,18,2,1,1,,,2,"Version 2.0",TRUE,TRUE,TRUE,2.42857142857142,2.57142857142857,2.71428571428571,2.71428571428571,1.71428571428571,2,2,1,0,1,5,5,3,1,2,2,0,0,9,9,3,0,2,1,1,1,-3,-3,3,0,2,1,1,0,4,-5,2,2,0,1,0,1,3,-5,2,0,0,,0,1,-5,-5,3,0,2,,0,0,-9,-9,3,1,1,,1,0,9,9,3,0,1,,0,1,1,-4,2,2,1,,0,0,5,5,3
1,3,18,3,1,1,,,1,"Version 2.0",TRUE,TRUE,TRUE,2.21428571428571,3.71428571428571,2,0.857142857142857,2.28571428571429,1,1,,0,1,5,-5,2,2,2,,1,1,0,0,3,2,0,,0,1,9,-9,2,2,0,,1,0,-9,9,1,1,2,,0,0,9,9,3,0,2,1,0,1,9,9,3,0,0,2,0,1,9,9,3,1,0,1,0,0,9,9,3,2,1,2,0,1,9,-9,2,2,0,1,1,1,9,9,3
1,4,45,2,1,1,,,1,"Version 2.0",TRUE,TRUE,TRUE,2.78571428571429,2.28571428571429,3.71428571428571,2.85714285714286,2.28571428571429,2,0,,1,1,-9,-9,3,0,0,,0,0,9,9,3,2,1,,0,0,9,9,3,0,1,,0,0,9,9,3,1,2,,0,1,9,-9,2,1,0,2,0,0,9,9,3,1,0,1,0,0,9,9,3,1,1,1,0,0,9,9,3,2,2,1,0,1,9,-9,2,1,2,2,1,0,-9,9,1
1,5,28,3,2,1,,,2,"Version 2.0",TRUE,TRUE,TRUE,2.46428571428571,2,3.28571428571429,2.71428571428571,1.85714285714286,0,2,2,0,1,-1,-1,3,0,0,2,1,0,-2,1,1,1,0,1,0,0,4,4,3,0,2,2,0,0,3,3,3,2,0,1,0,1,-4,-4,3,0,0,,1,0,-3,3,1,2,1,,0,0,5,5,3,2,1,,1,1,-2,-2,3,2,0,,1,0,-5,4,1,2,1,,0,1,3,-3,2
1,6,19,3,1,1,,,2,"Version 2.0",TRUE,TRUE,TRUE,2.53571428571429,2.28571428571429,2.85714285714286,3,2,0,2,2,0,1,-5,-5,3,2,0,1,1,1,5,5,3,0,2,1,0,0,9,9,3,1,0,2,0,1,-5,9,1,0,1,1,0,0,9,9,3,1,0,,1,1,-9,-9,3,2,2,,0,1,9,-9,2,1,2,,0,1,9,-9,2,1,1,,0,0,9,9,3,2,2,,0,1,9,-9,2
1,7,19,3,1,1,,,1,"Version 2.0",TRUE,TRUE,TRUE,2.89285714285714,3.42857142857143,3.14285714285714,2.71428571428571,2.28571428571429,1,2,,0,0,9,9,3,0,0,,0,1,9,-5,2,1,0,,0,0,9,9,3,0,2,,1,0,9,-9,2,0,1,,1,1,-9,-9,3,1,1,2,0,0,9,9,3,2,1,2,1,0,9,-9,2,1,0,2,0,1,9,-9,2,1,0,2,1,0,9,9,3,0,2,1,1,1,9,9,3
1,8,19,1,2,1,,,1,"Version 2.0",TRUE,TRUE,TRUE,1.75,1.28571428571429,2.71428571428571,2.14285714285714,0.857142857142857,2,0,,0,0,2,2,3,2,2,,0,0,2,2,3,2,2,,1,0,4,2,2,2,2,,1,1,5,5,3,2,2,,1,0,4,2,2,2,2,1,0,1,2,1,2,2,0,1,1,0,1,2,1,0,2,2,0,0,9,9,3,0,1,2,1,1,4,4,3,1,0,2,1,1,1,1,3
1,9,18,3,2,1,,,2,"Version 2.0",TRUE,TRUE,TRUE,2.92857142857143,3.14285714285714,2.85714285714286,2.57142857142857,3.14285714285714,0,0,2,0,0,9,9,3,1,0,2,0,1,-9,9,1,1,2,1,1,0,9,-9,2,2,0,1,0,0,9,9,3,1,1,2,1,0,9,-9,2,1,0,,1,0,9,-9,2,0,1,,0,0,9,9,3,2,0,,1,0,9,-9,2,0,0,,1,0,9,-9,2,0,0,,0,0,9,9,3
1,10,21,3,1,1,,,2,"Version 2.0",TRUE,TRUE,TRUE,2.67857142857143,3,3.14285714285714,3.28571428571429,1.28571428571429,2,1,2,1,1,-9,-9,3,1,2,2,1,1,-9,-9,3,2,2,2,1,0,-9,9,1,1,1,2,0,0,9,9,3,0,0,2,1,0,-9,9,1,0,1,,0,0,9,9,3,1,0,,0,0,9,9,3,2,0,,0,0,9,9,3,0,0,,0,0,9,9,3,1,1,,0,0,9,9,3
1,11,20,3,1,1,,,2,"Version 2.0",TRUE,TRUE,TRUE,2.85714285714286,3.42857142857143,2.85714285714286,3,2.14285714285714,0,1,1,1,1,1,1,3,0,0,1,0,0,3,3,3,0,2,2,0,1,5,1,2,0,2,1,0,0,5,5,3,1,0,1,0,0,5,5,3,2,0,,1,1,1,1,3,0,0,,0,1,5,1,2,1,2,,0,1,5,1,2,0,1,,0,0,3,3,3,1,0,,0,1,5,1,2
1,12,18,2,2,1,,,1,"Version 2.0",TRUE,TRUE,TRUE,1.39285714285714,0,2.14285714285714,3.28571428571429,0.142857142857143,0,1,,1,1,0,0,3,2,0,,1,1,-5,-5,3,0,2,,0,1,9,-9,2,1,1,,0,1,9,-5,2,2,0,,1,0,-9,9,1,0,0,2,1,1,-9,-9,3,1,2,1,0,1,-9,-9,3,1,2,2,0,0,9,9,3,0,2,2,0,0,9,9,3,2,0,2,0,1,-5,-5,3
1,13,19,4,1,1,,,1,"Version 2.0",TRUE,TRUE,TRUE,2.35714285714286,1.71428571428571,3.28571428571429,3.42857142857143,1,1,0,,1,1,1,1,3,1,2,,1,0,0,1,1,0,1,,0,1,1,0,2,1,1,,1,0,-1,1,1,1,1,,1,1,-1,-1,3,0,1,1,1,1,-1,-1,3,2,1,2,0,0,1,1,3,0,2,1,1,0,-1,1,1,1,1,1,0,0,1,1,3,2,2,2,1,1,-1,-1,3
1,14,24,2,1,1,,,2,"Version 2.0",TRUE,TRUE,TRUE,2.57142857142857,2.57142857142857,3.57142857142857,2.85714285714286,1.28571428571429,1,2,1,1,0,-1,2,1,1,0,2,1,0,-2,2,1,1,2,1,0,0,6,6,3,0,0,2,1,0,3,-3,2,0,0,2,1,0,-2,2,1,2,0,,0,0,9,9,3,2,0,,1,0,-6,7,1,0,1,,0,0,9,9,3,0,2,,1,1,-9,-9,3,0,2,,1,1,-3,-3,3
2,15,19,3,2,2,,,1,"Version 2.0",TRUE,TRUE,TRUE,1.75,1.28571428571429,2.42857142857143,2,1.28571428571429,2,2,,0,1,9,-9,2,0,2,,0,1,9,-9,2,0,1,,1,0,-9,9,1,1,2,,1,1,-9,-9,3,1,0,,0,0,9,9,3,2,2,2,1,0,-9,9,1,1,2,2,1,0,-9,9,1,0,0,2,0,1,9,-9,2,1,0,1,0,1,9,-9,2,2,0,1,0,1,9,-9,2
2,16,35,3,2,1,,,2,"Version 2.0",TRUE,TRUE,TRUE,2.42857142857143,3.42857142857143,3.14285714285714,2.71428571428571,0.428571428571428,2,0,2,0,0,9,9,3,1,0,1,1,0,9,9,3,0,1,1,1,1,9,9,3,1,1,1,0,0,9,9,3,2,1,1,1,1,9,9,3,2,2,,0,1,9,-9,2,0,2,,0,1,9,-9,2,1,0,,0,1,9,-9,2,1,0,,1,1,-9,-9,3,1,0,,0,0,9,9,3
2,17,20,1,1,1,,,2,"Version 2.0",TRUE,TRUE,TRUE,2.96428571428572,3.85714285714286,4,3.42857142857143,0.571428571428571,0,0,2,1,0,-9,9,1,0,1,1,0,0,9,9,3,0,2,2,1,0,-9,9,1,2,1,2,0,1,9,-9,2,0,2,2,0,1,9,-9,2,2,2,,0,1,9,-9,2,2,0,,1,1,-9,-9,3,2,1,,0,1,9,-9,2,1,0,,1,1,-9,-9,3,2,0,,0,1,9,-9,2
2,18,18,2,1,1,,,2,"Version 2.0",TRUE,TRUE,TRUE,2.42857142857143,2.28571428571429,3.14285714285714,2.85714285714286,1.42857142857143,0,0,2,0,1,2,-2,2,2,1,2,1,1,-2,-2,3,1,0,1,1,1,-2,-2,3,0,1,2,1,1,-4,-4,3,1,0,1,1,0,-6,4,1,1,1,,0,0,6,6,3,0,2,,1,1,-7,-7,3,1,0,,1,0,-6,6,1,0,1,,0,1,6,-6,2,1,2,,0,0,8,8,3
2,19,19,2,2,2,,,1,"Version 2.0",TRUE,TRUE,TRUE,2.71428571428571,3.57142857142857,2.85714285714286,3.42857142857143,1,2,1,,0,1,9,-9,2,0,1,,0,1,9,-9,2,2,0,,0,1,9,-9,2,1,0,,0,0,9,9,3,0,2,,1,0,-9,9,1,0,1,2,1,0,-9,9,1,1,2,2,1,1,-9,-9,3,2,0,2,1,0,-9,9,1,1,1,1,0,0,9,9,3,0,0,1,1,1,-9,-9,3
2,20,19,1,2,1,,,2,"Version 2.0",TRUE,TRUE,TRUE,1.82142857142857,1.14285714285714,1.71428571428571,3.28571428571429,1.14285714285714,2,1,2,0,0,9,9,3,0,1,2,0,0,9,9,3,0,2,2,1,0,-9,9,1,0,1,1,1,1,-9,-9,3,2,2,2,1,1,0,0,3,2,0,,0,0,9,9,3,0,1,,0,1,-9,9,1,1,1,,0,1,9,-9,2,0,2,,1,1,0,0,3,2,2,,0,0,9,9,3
2,21,19,2,2,2,,,1,"Version 2.0",TRUE,TRUE,TRUE,2,1.85714285714286,2,2.28571428571429,1.85714285714286,2,2,,1,1,-3,-3,3,2,2,,0,0,3,3,3,2,0,,0,1,5,-5,2,0,2,,1,0,-5,5,1,0,0,,1,0,-5,5,1,0,0,1,1,0,-3,3,1,1,1,1,1,0,-5,5,1,1,2,2,1,1,-5,-3,1,2,0,2,0,0,5,5,3,0,0,1,0,1,5,-5,2
2,22,18,3,2,2,,,2,"Version 2.0",TRUE,TRUE,TRUE,2.35714285714286,1.57142857142857,3,4,0.857142857142857,2,1,2,0,0,9,9,3,1,2,2,1,1,-9,-9,3,2,2,2,1,0,-9,9,1,2,0,2,0,0,9,9,3,2,2,1,0,0,9,9,3,1,1,,0,0,9,9,3,2,1,,0,0,9,9,3,0,2,,1,1,-9,-9,3,0,1,,1,0,-9,9,1,0,2,,1,1,-9,-9,3
2,23,18,3,1,2,,,2,"Version 2.0",TRUE,TRUE,TRUE,1.85714285714286,2.28571428571429,1.71428571428571,1.85714285714286,1.57142857142857,2,2,2,1,0,3,4,1,0,1,1,0,0,7,7,3,0,0,1,1,1,2,2,3,1,0,2,0,0,0,0,3,2,2,2,1,1,6,6,3,1,1,,0,1,4,7,1,2,1,,1,1,8,8,3,2,1,,0,0,-3,-3,3,0,0,,0,1,-1,5,1,2,0,,1,1,8,8,3
2,24,19,2,2,2,,,2,"Version 2.0",TRUE,TRUE,TRUE,1.78571428571429,1.42857142857143,2.28571428571429,2.14285714285714,1.28571428571429,1,2,2,1,0,-5,9,1,0,0,1,0,0,9,9,3,0,2,1,1,0,-9,9,1,2,2,2,1,0,-9,9,1,1,2,1,0,0,9,9,3,2,2,,0,0,9,9,3,1,0,,1,1,-9,-9,3,1,2,,1,0,-9,9,1,0,0,,0,0,9,9,3,0,2,,1,1,-9,-9,3
3,25,18,2,1,2,,,1,"Version 2.0",TRUE,TRUE,TRUE,2.96428571428572,3,3.42857142857143,3.42857142857143,2,2,2,,0,0,9,9,3,0,0,,0,1,9,0,2,2,1,,1,0,0,9,1,2,0,,0,0,9,9,3,2,1,,0,1,9,0,2,0,2,2,1,0,0,9,1,1,2,2,0,0,9,9,3,0,2,1,1,1,0,0,3,1,2,1,0,1,9,0,2,1,0,1,0,0,9,9,3
3,26,18,2,1,1,,,2,"Version 2.0",TRUE,TRUE,TRUE,2.67857142857143,2.71428571428571,3.42857142857143,3.28571428571429,1.28571428571429,2,0,1,0,1,8,-8,2,1,0,2,0,1,9,-8,2,2,2,2,1,1,-5,-5,3,2,0,1,1,0,-5,8,1,0,0,1,0,1,7,-7,2,0,1,,0,1,9,-8,2,0,1,,1,1,-5,-5,3,1,0,,0,0,9,9,3,0,0,,1,1,-9,-9,3,1,2,,1,0,-8,8,1
3,27,18,3,2,2,,,1,"Version 2.0",TRUE,TRUE,TRUE,1.96428571428571,3.57142857142857,1.42857142857143,2.85714285714286,0,0,1,,0,0,9,9,3,2,0,,1,0,-9,9,1,1,1,,1,1,-9,-9,3,0,1,,0,1,9,-9,2,0,0,,1,1,-9,-9,3,0,2,2,1,1,0,0,3,1,1,2,1,0,0,0,3,0,2,1,1,1,0,0,3,2,2,2,0,0,0,0,3,0,0,2,1,0,0,0,3
3,28,18,2,1,2,,,1,"Version 2.0",TRUE,TRUE,TRUE,1.71428571428571,1.57142857142857,2.28571428571429,0.857142857142857,2.14285714285714,2,2,,0,1,7,-6,2,2,1,,1,1,4,4,3,1,1,,0,1,6,-3,2,0,2,,1,1,5,5,3,1,1,,0,1,6,-3,2,1,0,2,1,0,-5,5,1,1,1,1,0,1,6,-4,2,1,0,1,0,1,4,-3,2,1,1,1,1,0,-6,7,1,0,0,2,1,0,-6,5,1
3,29,18,2,2,1,,,2,"Version 2.0",TRUE,TRUE,TRUE,2.14285714285714,2.57142857142857,1.85714285714286,3.28571428571429,0.857142857142857,1,1,1,0,0,-4,9,1,2,2,1,1,0,-4,9,1,2,1,2,0,0,9,9,3,2,1,2,1,1,-9,-9,3,0,1,1,0,0,9,9,3,0,0,,0,0,9,9,3,2,1,,1,0,-9,9,1,1,0,,1,1,-9,-9,3,1,2,,0,0,9,9,3,1,1,,1,0,-9,9,1
3,30,18,3,1,1,,,2,"Version 2.0",TRUE,TRUE,TRUE,1.71428571428571,1.57142857142857,2,1.57142857142857,1.71428571428571,2,2,1,0,1,2,5,1,1,0,1,1,1,1,1,3,2,2,1,1,0,1,5,1,2,1,2,1,1,1,1,3,2,0,1,0,0,7,7,3,2,0,,0,0,7,7,3,2,0,,1,1,-1,-1,3,2,0,,0,1,6,1,2,2,1,,0,0,7,7,3,2,1,,1,0,1,7,1
3,31,19,2,2,2,,,2,"Version 2.0",TRUE,TRUE,TRUE,2.32142857142857,3.42857142857143,2.14285714285714,2.42857142857143,1.28571428571429,1,1,1,1,0,-9,9,1,2,1,1,0,0,9,9,3,0,1,1,1,1,-9,-9,3,0,1,1,1,1,-9,-9,3,2,2,2,0,0,9,9,3,0,0,,0,1,9,-9,2,1,1,,1,1,-9,-9,3,2,0,,0,1,9,-9,2,0,2,,1,1,-9,-9,3,2,0,,1,1,-9,-9,3
3,32,18,3,1,1,,,1,"Version 2.0",TRUE,TRUE,TRUE,3.25,3.42857142857143,3.14285714285714,3.57142857142857,2.85714285714286,1,1,,1,1,0,0,3,0,0,,1,1,-1,-1,3,2,2,,1,1,0,0,3,2,2,,0,0,1,1,3,0,1,,1,0,-1,2,1,2,1,1,0,1,2,-2,2,0,2,1,0,1,2,-2,2,2,0,1,0,1,2,-2,2,1,0,1,1,0,-2,2,1,0,1,1,1,0,-3,2,1
3,33,23,3,2,1,,,2,"Version 2.0",TRUE,TRUE,TRUE,2.46428571428571,3.14285714285714,2,2.14285714285714,2.57142857142857,2,0,1,1,0,9,-9,2,2,0,2,0,1,-9,9,1,0,0,1,1,1,-9,-9,3,0,2,2,1,0,-9,9,1,2,1,1,0,0,9,9,3,1,2,,0,1,9,-9,2,0,1,,1,0,-9,9,1,0,0,,1,1,-9,-9,3,2,0,,0,0,9,9,3,2,0,,0,0,9,9,3
3,34,28,1,2,1,,,1,"Version 2.0",TRUE,TRUE,TRUE,1.92857142857143,1.28571428571429,3.14285714285714,2.71428571428571,0.571428571428571,0,0,,1,1,4,4,3,2,2,,1,0,4,-1,2,2,0,,1,0,5,5,3,0,0,,0,0,6,6,3,1,1,,1,0,1,6,1,1,0,2,1,1,6,6,3,2,2,1,0,0,6,6,3,2,2,2,0,0,8,8,3,2,2,2,0,1,7,1,2,0,0,2,1,1,1,1,3
3,35,22,2,2,2,,,2,"Version 2.0",TRUE,TRUE,TRUE,1.96428571428572,1.71428571428571,2.28571428571429,2.28571428571429,1.57142857142857,0,1,1,1,0,0,9,1,0,0,2,1,0,9,0,2,0,0,1,0,1,0,9,1,0,0,1,0,0,9,9,3,0,1,1,0,0,9,9,3,0,0,,1,1,9,9,3,2,2,,1,1,-9,-9,3,0,1,,1,0,-9,9,1,2,2,,1,0,0,0,3,1,2,,0,1,9,-9,2
3,36,18,2,2,2,,,1,"Version 2.0",TRUE,TRUE,TRUE,1.71428571428572,1.57142857142857,2.28571428571429,2,1,1,0,,1,1,1,1,3,2,1,,0,0,9,9,3,2,1,,0,0,9,9,3,0,2,,0,0,9,9,3,1,2,,0,1,9,1,2,0,0,2,0,1,9,1,2,0,2,1,1,1,1,1,3,1,2,2,0,0,9,9,3,1,2,2,1,1,1,1,3,2,2,2,1,1,1,1,3
4,37,18,3,2,2,,,2,"Version 2.0",TRUE,TRUE,TRUE,1.96428571428572,2.14285714285714,2.85714285714286,1.85714285714286,1,1,1,1,0,1,5,-5,2,1,1,1,1,0,-6,5,1,1,0,2,0,1,7,-7,2,2,0,2,0,1,5,-6,2,2,2,1,1,0,-6,7,1,2,2,,1,1,-7,-7,3,1,1,,1,0,-8,7,1,1,1,,0,1,7,-8,2,0,1,,1,0,-9,9,1,2,0,,0,1,9,-8,2
4,38,18,2,2,2,,,1,"Version 2.0",TRUE,TRUE,TRUE,2.42857142857143,2.71428571428571,2.57142857142857,2.57142857142857,1.85714285714286,1,1,,0,0,7,7,3,1,1,,0,0,7,7,3,2,0,,1,1,4,4,3,0,0,,1,1,2,2,3,0,0,,0,1,4,-2,2,0,0,2,1,1,-3,-3,3,2,1,2,0,0,7,7,3,2,0,1,1,0,-2,5,1,1,0,1,1,1,2,2,3,0,1,2,1,1,-2,-2,3
4,39,18,4,2,2,,,1,"Version 2.0",TRUE,TRUE,TRUE,1.35714285714286,0.857142857142857,1.85714285714286,2.42857142857143,0.285714285714286,0,1,,1,1,6,6,3,0,1,,1,1,6,6,3,0,2,,1,1,6,-2,2,0,0,,0,0,9,9,3,1,1,,1,1,3,3,3,1,0,1,0,0,-3,5,1,1,1,1,0,1,5,-4,2,0,1,2,0,0,9,5,2,2,1,2,0,0,8,2,2,2,2,2,0,1,6,-2,2
4,40,19,3,2,1,,,1,"Version 2.0",TRUE,TRUE,TRUE,1.03571428571429,0.714285714285714,1.57142857142857,0.571428571428571,1.28571428571429,0,2,,1,0,-8,8,1,1,0,,0,1,9,-9,2,1,1,,1,1,-9,-9,3,1,0,,1,0,-9,9,1,2,2,,1,1,-9,-9,3,2,2,2,0,1,-4,-4,3,0,1,2,1,1,-4,-4,3,1,0,1,1,0,-9,9,1,2,0,1,1,1,-5,-5,3,2,1,2,0,0,9,9,3
4,41,19,0,1,2,,,1,"Version 2.0",TRUE,TRUE,TRUE,2.27976190476191,2.42857142857143,1.85714285714286,2.66666666666667,2.16666666666667,2,1,,0,0,9,9,3,0,0,,0,1,9,4,2,2,0,,0,1,9,3,2,1,0,,0,0,9,9,3,2,2,,0,1,9,0,2,2,0,2,1,0,0,9,1,2,1,1,1,1,0,0,3,2,2,1,0,0,9,9,3,0,0,2,0,0,9,9,3,1,0,1,1,0,0,9,1
4,42,18,4,2,2,,,2,"Version 2.0",TRUE,TRUE,TRUE,1.96428571428571,1.57142857142857,2,2.57142857142857,1.71428571428571,2,0,1,0,0,5,5,3,2,2,1,1,1,0,0,3,2,2,1,1,1,0,0,3,0,2,2,0,0,5,5,3,1,0,2,1,1,0,0,3,2,1,,0,1,5,0,2,0,2,,1,0,0,5,1,1,1,,0,1,0,0,3,0,2,,0,1,5,0,2,0,0,,0,0,5,5,3
5,43,27,4,1,1,,,2,"Version 2.0",TRUE,TRUE,TRUE,2.39285714285714,3,3.28571428571429,1.57142857142857,1.71428571428571,1,2,1,1,1,-5,0,1,2,1,2,0,0,-1,1,1,1,1,1,0,1,2,-2,2,2,2,2,1,0,-2,3,1,0,0,1,0,0,4,4,3,2,1,,1,0,-3,0,1,0,2,,1,1,-1,-1,3,2,0,,0,1,0,-2,2,1,1,,1,0,-2,2,1,2,2,,1,0,-3,2,1
5,44,18,4,1,2,,,2,"Version 2.0",TRUE,TRUE,TRUE,1.89285714285714,1.14285714285714,2,3,1.42857142857143,1,1,2,1,0,-6,-6,3,0,2,1,0,1,-5,-5,3,1,0,2,1,1,9,9,3,1,1,2,0,0,9,9,3,1,2,1,1,0,-9,-6,1,0,2,,1,1,-9,-9,3,0,1,,1,0,-9,-9,3,0,1,,1,0,-9,-9,3,0,2,,0,0,9,9,3,1,2,,0,0,9,9,3
5,45,19,2,2,2,,,2,"Version 2.0",TRUE,TRUE,TRUE,2.03571428571429,1.14285714285714,2.14285714285714,3.42857142857143,1.42857142857143,2,1,1,1,0,-5,9,1,1,1,1,0,0,9,9,3,1,1,2,1,0,-5,8,1,2,2,2,1,1,-3,-3,3,0,2,1,1,0,-5,8,1,2,0,,0,0,5,5,3,2,0,,0,1,5,-5,2,1,0,,0,1,6,-6,2,2,0,,1,0,-5,5,1,1,1,,1,0,-5,8,1
5,46,18,2,2,2,,,1,"Version 2.0",TRUE,TRUE,TRUE,1.89285714285714,2.14285714285714,2.28571428571429,2,1.14285714285714,2,2,,1,1,4,4,3,1,0,,0,0,7,5,2,0,2,,0,1,0,-2,2,2,1,,0,1,3,0,2,1,0,,0,0,5,3,2,1,2,1,1,0,2,5,1,1,0,1,0,0,5,5,3,2,0,1,0,0,4,4,3,2,1,2,0,0,5,5,3,2,2,2,0,0,4,4,3
5,47,18,2,2,2,,,1,"Version 2.0",TRUE,TRUE,TRUE,1.96428571428572,1.57142857142857,2.42857142857143,2.57142857142857,1.28571428571429,1,2,,0,0,9,9,3,1,0,,0,1,6,-6,2,2,0,,0,1,6,-6,2,0,1,,0,0,9,9,3,0,2,,1,0,-9,9,1,1,0,2,0,1,9,-9,2,1,0,1,0,0,9,9,3,0,1,1,1,1,-9,-9,3,1,2,1,1,0,-9,9,1,2,1,2,0,0,9,9,3
5,48,18,1,2,2,,,2,"Version 2.0",TRUE,TRUE,TRUE,1.64285714285714,0.857142857142857,1.57142857142857,1.71428571428571,2.42857142857143,2,1,2,0,1,3,3,3,1,0,2,0,1,3,3,3,0,2,2,0,1,4,4,3,1,0,1,0,0,3,3,3,1,1,1,0,0,9,9,3,2,2,,1,1,5,5,3,0,0,,1,1,5,5,3,1,1,,1,1,5,5,3,2,2,,0,0,5,5,3,1,2,,0,1,4,4,3
5,49,18,3,2,2,,,1,"Version 2.0",TRUE,TRUE,TRUE,2.75,1.85714285714286,3.71428571428571,3.28571428571429,2.14285714285714,1,2,,1,1,-8,-8,3,2,1,,1,1,-8,-8,3,0,0,,1,0,-8,6,1,1,0,,0,0,8,8,3,1,1,,0,1,-8,8,1,1,0,2,0,0,8,8,3,0,2,2,1,1,-7,-7,3,2,2,1,1,0,-8,9,1,2,0,1,1,0,-9,9,1,2,1,1,1,1,-9,-9,3
6,50,18,2,2,2,,,2,"Version 2.0",TRUE,TRUE,TRUE,2.28571428571429,3,3,3,0.142857142857143,0,0,1,0,1,9,0,2,2,0,2,0,1,9,0,2,2,0,1,0,0,9,9,3,2,0,1,0,0,9,9,3,2,0,2,0,0,9,9,3,1,1,,1,1,0,0,3,1,2,,1,1,0,0,3,2,0,,0,0,9,9,3,1,0,,0,0,9,9,3,0,2,,1,0,0,9,1
6,51,18,2,1,2,,,1,"Version 2.0",TRUE,TRUE,TRUE,2.71428571428571,3.14285714285714,3,3,1.71428571428571,0,0,,1,0,2,8,1,1,2,,0,1,8,-1,2,2,1,,1,1,-3,-3,3,2,1,,1,1,-4,-4,3,2,0,,0,1,9,-3,2,2,0,2,0,0,8,8,3,1,2,1,0,1,8,-3,2,1,1,2,1,1,-5,-5,3,1,2,1,1,1,-6,-6,3,1,2,2,0,0,9,9,3
6,52,18,2,1,2,,,1,"Version 2.0",TRUE,TRUE,TRUE,2.07142857142857,1.42857142857143,3.42857142857143,2,1.42857142857143,2,2,,0,0,9,9,3,2,1,,0,0,9,9,3,2,0,,0,1,9,-9,2,1,2,,1,1,-5,-9,2,0,1,,0,1,9,-9,2,1,1,1,0,0,9,9,3,1,1,2,0,1,9,-4,2,2,2,2,1,1,-3,-3,3,0,0,2,1,0,-3,5,1,0,0,1,1,0,-3,5,1
7,53,18,4,2,2,,,2,"Version 2.0",TRUE,TRUE,TRUE,1.71428571428571,2,1.42857142857143,0.428571428571428,3,0,1,1,1,0,-5,7,1,0,0,1,0,1,2,-3,2,2,2,1,0,1,4,-5,2,0,2,1,1,1,-6,-6,3,0,1,2,1,1,-5,-5,3,1,1,,0,0,5,5,3,0,1,,1,0,-5,5,1,2,0,,1,0,-5,5,1,2,1,,0,0,5,5,3,0,1,,0,1,5,-6,2
7,54,18,4,2,2,,,1,"Version 2.0",TRUE,TRUE,TRUE,1.82142857142857,1.42857142857143,2.42857142857143,2.28571428571429,1.14285714285714,1,0,,1,1,-4,-9,2,0,1,,1,0,-9,9,1,1,0,,1,0,-9,9,1,1,2,,0,0,9,9,3,2,1,,1,1,-9,-9,3,2,1,2,1,0,-9,9,1,2,1,2,1,1,-9,-9,3,0,1,2,1,0,-9,9,1,2,1,2,0,0,9,9,3,2,0,1,1,1,-9,-9,3
7,55,18,4,1,2,,,1,"Version 2.0",TRUE,TRUE,TRUE,2.35714285714285,3.14285714285714,2.71428571428571,2,1.57142857142857,0,2,,0,1,5,-5,2,2,1,,0,0,9,9,3,1,1,,0,0,9,9,3,2,0,,0,0,9,9,3,0,0,,1,0,-5,5,1,1,2,1,1,1,-5,-5,3,1,1,2,0,1,5,-5,2,2,1,2,0,0,9,9,3,1,2,2,0,1,5,-5,2,0,2,1,1,1,-9,-9,3
7,56,18,4,1,2,,,2,"Version 2.0",TRUE,TRUE,TRUE,2.07142857142857,1.14285714285714,2.28571428571429,3.14285714285714,1.71428571428571,1,2,2,0,1,9,-9,2,1,2,2,0,1,9,-9,2,1,0,1,1,1,-9,-9,3,0,0,1,0,1,9,-9,2,1,1,2,1,1,-9,-9,3,2,2,,1,0,-9,9,1,1,0,,0,1,6,-7,2,1,0,,0,0,9,9,3,1,1,,0,0,9,9,3,1,1,,1,1,0,0,3
7,57,21,2,1,1,,,2,"Version 2.0",TRUE,TRUE,TRUE,2.07142857142857,2,2.42857142857143,1.71428571428571,2.14285714285714,1,1,1,0,0,9,9,3,2,1,2,1,1,3,3,3,2,0,1,0,1,8,-1,2,1,1,2,1,1,-2,-1,1,1,0,1,1,1,-2,-1,1,0,0,,1,0,-5,9,1,1,1,,1,1,-7,-5,1,1,0,,1,1,-7,-5,1,1,0,,1,1,-7,-5,1,2,0,,1,0,-7,7,1
7,58,18,5,2,2,,,1,"Version 2.0",TRUE,TRUE,TRUE,2.25,1.57142857142857,2.71428571428571,2.42857142857143,2.28571428571429,2,1,,1,1,0,0,3,2,2,,1,0,-5,5,1,1,0,,1,0,0,5,1,2,1,,1,0,-5,5,1,2,1,,0,1,5,-5,2,0,2,1,0,0,5,5,3,2,2,2,0,1,5,-5,2,2,2,2,0,1,9,9,3,1,1,1,0,0,9,9,3,2,0,1,0,0,5,5,3
7,59,19,4,1,1,,,2,"Version 2.0",TRUE,TRUE,TRUE,2.17857142857143,2.28571428571429,2.85714285714286,1.71428571428571,1.85714285714286,2,2,2,1,0,-3,1,1,0,1,2,0,1,1,-1,2,2,0,2,0,0,-1,1,1,2,1,1,0,0,1,-1,2,2,0,2,0,0,-2,1,1,1,2,,1,1,-6,1,1,0,1,,1,1,0,-4,2,2,1,,1,1,1,-1,2,1,2,,0,1,4,-1,2,1,1,,0,0,8,8,3
7,60,32,1,1,1,,,1,"Version 2.0",TRUE,TRUE,TRUE,2.39285714285714,2.57142857142857,3.28571428571429,1.57142857142857,2.14285714285714,0,1,,1,1,-9,-9,3,0,2,,0,1,-9,-9,3,2,1,,1,0,-9,-6,1,2,1,,1,1,-9,-9,3,1,0,,1,0,-9,-3,1,0,1,2,1,0,-2,9,1,0,0,2,1,0,-2,2,1,1,2,1,1,0,-2,2,1,1,0,2,0,0,9,9,3,0,2,2,1,0,-2,2,1
7,61,18,1,1,1,,,1,"Version 2.0",TRUE,TRUE,TRUE,2,1.71428571428571,2.57142857142857,2.57142857142857,1.14285714285714,0,1,,0,0,8,8,3,1,2,,1,0,-9,9,1,2,1,,1,0,-9,9,1,2,0,,1,0,-9,9,1,1,1,,0,0,9,9,3,2,2,1,1,0,-9,8,1,0,1,1,1,1,-9,-9,3,1,0,2,0,0,9,9,3,0,1,2,1,0,-9,9,1,0,1,2,1,1,-9,-9,3
7,62,18,2,1,1,,,2,"Version 2.0",TRUE,TRUE,TRUE,2.64285714285714,1.71428571428571,3.28571428571429,2.71428571428571,2.85714285714286,0,1,1,0,0,4,4,3,1,0,2,1,1,3,3,3,1,0,2,1,0,-5,4,1,1,0,2,1,0,-6,5,1,2,2,2,0,0,9,9,3,0,1,,1,0,-2,4,1,1,1,,0,1,4,-3,2,1,2,,1,1,-5,-5,3,1,2,,1,0,-4,4,1,2,0,,0,1,7,-5,2
7,63,25,2,2,1,,,1,"Version 2.0",TRUE,TRUE,TRUE,1.89285714285715,1.42857142857143,2.85714285714286,1.85714285714286,1.42857142857143,1,2,,1,1,0,0,3,2,1,,0,0,-9,9,1,1,1,,0,0,9,-9,2,2,2,,0,0,-4,7,1,0,1,,1,1,8,-8,2,2,0,2,0,0,0,0,3,0,0,1,1,0,9,-9,2,2,0,1,1,0,-9,3,1,1,1,1,0,1,0,0,3,0,1,1,1,1,9,-9,2
8,64,18,1,2,1,,,1,"Version 2.0",TRUE,TRUE,TRUE,3.28571428571429,3.85714285714286,4,3.28571428571429,2,1,1,,0,0,9,9,3,2,2,,1,1,-9,-9,3,0,1,,0,1,9,-9,2,1,0,,1,1,-9,-9,3,0,0,,1,1,-9,-9,3,2,1,2,0,0,9,9,3,2,1,1,0,1,9,-9,2,1,0,2,1,1,-9,-9,3,1,2,1,0,1,9,-9,2,2,0,1,1,1,-9,-9,3
8,65,42,2,2,1,,,2,"Version 2.0",TRUE,TRUE,TRUE,2.82142857142857,3.14285714285714,3.71428571428571,3.71428571428571,0.714285714285714,2,0,2,1,0,9,0,2,1,0,2,0,0,9,9,3,1,2,2,1,0,6,2,2,1,0,1,0,0,0,5,1,2,1,2,0,0,9,9,3,1,2,,1,1,9,9,3,0,2,,0,0,9,9,3,1,2,,1,0,9,-3,2,2,0,,0,1,-2,8,1,2,1,,1,0,-3,7,1
8,66,18,3,1,1,,,1,"Version 2.0",TRUE,TRUE,TRUE,2.64285714285714,3.14285714285714,3,2.57142857142857,1.85714285714286,2,1,,0,0,9,9,3,1,0,,1,1,-3,-3,3,2,1,,1,0,-7,9,1,1,0,,0,1,9,-5,2,2,0,,1,1,-9,-9,3,0,2,1,1,0,-8,9,1,0,0,1,1,1,-9,-9,3,1,2,1,1,1,-9,-9,3,2,0,2,1,1,-9,-9,3,1,1,1,0,1,9,-9,2
8,67,18,1,1,2,,,2,"Version 2.0",TRUE,TRUE,TRUE,2.75,3.28571428571429,3,2.57142857142857,2.14285714285714,0,0,2,1,1,5,5,3,1,0,2,0,0,9,9,3,1,2,2,1,1,4,4,3,0,0,1,1,0,0,9,1,0,2,2,0,1,9,0,2,1,1,,0,1,9,-3,2,2,1,,0,0,9,9,3,1,2,,1,1,-3,-3,3,0,0,,0,0,9,9,3,1,0,,0,0,9,9,3
8,68,18,3,2,2,,,1,"Version 2.0",TRUE,TRUE,TRUE,1.85714285714285,1.57142857142857,2.57142857142857,1.57142857142857,1.71428571428571,0,2,,1,0,1,9,1,2,2,,0,1,9,1,2,0,0,,0,0,9,9,3,1,1,,1,1,1,1,3,1,2,,0,0,9,9,3,0,0,2,1,0,2,9,1,1,1,2,0,0,9,9,3,1,0,2,1,1,2,2,3,2,2,1,0,1,9,2,2,2,2,2,0,0,8,8,3
8,69,18,3,1,2,,,2,"Version 2.0",TRUE,TRUE,TRUE,2.46428571428571,1.85714285714286,2.28571428571429,3.57142857142857,2.14285714285714,0,2,2,1,1,5,5,3,2,2,2,0,1,5,5,3,0,0,1,0,1,5,5,3,0,2,1,0,0,7,7,3,1,1,2,1,0,9,4,2,1,1,,0,1,5,9,1,1,2,,0,0,9,9,3,1,2,,0,1,5,8,1,0,1,,1,0,8,6,2,0,0,,0,1,5,7,1
8,70,18,2,1,2,,,1,"Version 2.0",TRUE,TRUE,TRUE,2.75,3,2.57142857142857,3.42857142857143,2,1,0,,1,0,-5,9,1,2,2,,0,0,9,9,3,0,0,,0,1,9,-9,2,1,1,,0,1,9,-9,2,0,1,,1,0,-7,7,1,2,1,2,1,1,-9,-9,3,1,0,2,0,0,9,9,3,2,0,1,1,1,-9,-9,3,2,2,2,1,0,3,9,1,1,0,1,1,0,-7,6,1
8,71,18,3,2,2,,,1,"Version 2.0",TRUE,TRUE,TRUE,1.42857142857143,1.57142857142857,1.28571428571429,2.28571428571429,0.571428571428571,1,2,,0,0,0,0,3,2,1,,0,1,0,0,3,0,0,,0,0,0,0,3,2,1,,0,0,0,0,3,1,1,,0,1,0,0,3,2,2,2,0,1,0,0,3,0,1,2,1,0,0,0,3,0,2,1,0,1,0,0,3,1,0,2,1,0,0,0,3,2,0,2,1,0,0,0,3
8,72,18,1,1,2,,,2,"Version 2.0",TRUE,TRUE,TRUE,1.67857142857143,1,2,2.85714285714286,0.857142857142857,1,0,1,1,0,-9,-9,3,1,2,2,1,0,-9,9,1,0,0,2,0,1,6,-5,2,1,1,2,0,1,9,-9,2,1,0,2,0,0,9,9,3,1,0,,0,1,7,-7,2,0,1,,1,1,-8,-8,3,1,2,,0,0,9,9,3,2,1,,0,1,9,-9,2,2,2,,1,0,-9,9,1
8,73,18,4,1,2,,,1,"Version 2.0",TRUE,TRUE,TRUE,1.85714285714286,1.28571428571429,2.14285714285714,2.14285714285714,1.85714285714286,1,2,,0,0,0,0,3,2,2,,1,1,-3,-3,3,1,1,,0,0,9,9,3,0,2,,0,0,9,9,3,0,2,,0,0,9,9,3,2,2,2,1,0,-5,5,1,2,2,2,1,1,-5,-5,3,0,2,1,0,1,5,-5,2,0,0,2,1,1,-5,-5,3,0,2,2,1,1,-5,-6,2
8,74,20,1,2,1,,,2,"Version 2.0",TRUE,TRUE,TRUE,2.21428571428571,2,2.85714285714286,2.42857142857143,1.57142857142857,1,2,2,0,1,7,-5,2,0,0,2,0,0,9,9,3,1,2,1,1,0,-8,8,1,1,1,2,0,1,4,-5,2,1,2,2,1,0,-8,8,1,0,0,,1,1,-9,-9,3,2,1,,1,1,-9,-9,3,1,1,,1,0,-9,-9,3,0,1,,0,0,9,9,3,1,1,,1,1,-9,-9,3
8,75,18,1,2,2,,,1,"Version 2.0",TRUE,TRUE,TRUE,2,0.571428571428571,3.14285714285714,2.14285714285714,2.14285714285714,1,2,,0,1,-6,0,1,0,1,,0,0,9,9,3,2,1,,1,1,-9,-9,3,1,2,,0,1,9,-9,2,0,1,,1,1,-9,-9,3,0,2,1,1,0,-9,9,1,1,1,2,1,0,-9,9,1,1,2,2,1,1,-9,-9,3,1,0,2,0,0,9,9,3,2,0,2,0,0,9,9,3
8,76,19,3,2,2,,,2,"Version 2.0",TRUE,TRUE,TRUE,1.64285714285714,2.71428571428571,1.57142857142857,2.14285714285714,0.142857142857143,1,1,2,1,0,9,9,3,0,0,2,0,0,9,9,3,2,2,2,0,0,5,5,3,2,0,2,0,0,9,9,3,2,2,2,1,1,8,8,3,1,1,,1,0,7,7,3,2,0,,1,1,8,8,3,0,2,,1,0,8,8,3,0,2,,0,0,9,9,3,1,2,,1,0,8,8,3
8,77,19,2,2,2,,,1,"Version 2.0",TRUE,TRUE,TRUE,1.64285714285714,1.42857142857143,2.14285714285714,2.71428571428571,0.285714285714286,1,2,,1,0,-9,6,1,1,1,,0,1,-6,7,1,2,0,,1,1,-6,-6,3,1,0,,1,0,-5,7,1,0,2,,0,0,7,7,3,2,1,1,0,0,7,7,3,0,1,2,1,0,-7,6,1,2,0,1,0,0,7,7,3,0,1,1,1,1,-6,-6,3,0,2,1,1,0,-7,6,1
8,78,19,4,2,2,,,2,"Version 2.0",TRUE,TRUE,TRUE,1.71428571428571,1,1.71428571428571,2.85714285714286,1.28571428571429,1,2,2,0,0,9,9,3,0,0,2,0,1,9,-9,2,2,0,1,1,0,-8,8,1,2,2,2,0,1,8,-9,2,1,0,1,1,1,-8,-8,3,0,2,,0,1,9,-9,2,1,1,,1,1,-9,-9,3,2,1,,0,0,9,9,3,1,0,,0,0,9,9,3,0,0,,0,1,9,-9,2
8,79,19,3,1,2,,,1,"Version 2.0",TRUE,TRUE,TRUE,2.35714285714286,1.85714285714286,3.14285714285714,3.28571428571429,1.14285714285714,1,2,,0,0,9,9,3,2,2,,0,0,9,9,3,1,0,,0,0,9,9,3,1,2,,0,0,9,9,3,1,1,,0,0,9,9,3,0,1,1,1,1,-6,-6,3,2,2,2,0,1,-6,-6,3,2,1,2,1,0,9,-6,2,0,2,2,1,1,-6,-6,3,1,0,1,1,1,-6,-6,3
8,80,18,4,2,2,,,1,"Version 2.0",TRUE,TRUE,TRUE,2.21428571428571,1.28571428571429,2.42857142857143,3.57142857142857,1.57142857142857,0,1,,0,0,9,9,3,2,2,,0,1,9,-7,2,0,0,,0,1,9,-7,2,0,2,,0,1,9,-7,2,2,2,,0,1,9,-7,2,1,1,1,0,0,9,9,3,0,1,1,0,1,9,-7,2,2,0,1,1,0,-7,9,1,1,1,1,1,0,-7,-7,3,2,0,1,0,0,9,9,3
9,81,18,3,1,1,,,1,"Version 2.0",TRUE,TRUE,TRUE,2.89285714285715,2.28571428571429,4,3.42857142857143,1.85714285714286,0,1,,1,1,9,9,3,0,1,,1,0,9,-9,2,2,1,,1,1,9,9,3,0,0,,0,0,9,-9,2,0,0,,0,1,-9,9,1,2,2,2,1,1,9,9,3,1,2,2,0,1,9,-9,2,1,1,1,0,1,9,-9,2,1,1,2,1,1,9,9,3,1,0,1,0,1,9,-9,2
9,82,18,1,1,1,,,2,"Version 2.0",TRUE,TRUE,TRUE,2.32142857142857,1.42857142857143,3.57142857142857,3.57142857142857,0.714285714285714,1,2,2,0,0,4,4,3,0,0,1,0,0,5,5,3,1,1,1,1,1,-5,-5,3,0,0,2,1,0,0,0,3,2,1,1,0,1,0,6,1,1,1,,1,0,-6,2,1,2,2,,1,0,-6,-6,3,1,2,,0,1,0,-5,2,0,0,,1,1,-5,-5,3,0,1,,0,0,9,9,3
9,83,18,1,2,1,,,2,"Version 2.0",TRUE,TRUE,TRUE,2.53571428571429,2.28571428571429,3.28571428571429,3.28571428571429,1.28571428571429,0,2,1,0,1,8,0,2,0,0,2,0,1,8,0,2,1,0,2,0,1,8,0,2,0,0,2,1,1,8,0,2,0,2,1,0,1,9,-9,2,2,1,,0,0,9,9,3,1,1,,0,1,9,-2,2,1,1,,1,1,0,0,3,1,2,,0,1,6,-7,2,1,2,,1,1,0,0,3
9,84,19,4,1,1,,,2,"Version 2.0",TRUE,TRUE,TRUE,2.21428571428572,1.57142857142857,2.42857142857143,3.28571428571429,1.57142857142857,1,2,1,1,1,3,3,3,0,1,1,0,1,6,-4,2,2,1,1,0,0,9,9,3,1,1,2,1,1,-2,-2,3,2,2,2,0,1,3,-3,2,2,2,,1,0,-2,2,1,2,0,,0,0,5,5,3,1,1,,1,1,-2,-2,3,1,2,,1,0,-2,5,1,0,2,,1,0,-2,5,1
9,85,18,2,1,1,,,2,"Version 2.0",TRUE,TRUE,TRUE,2.03571428571428,1.14285714285714,2.85714285714286,2.71428571428571,1.42857142857143,0,2,1,1,1,-4,-4,3,0,1,1,0,1,5,-5,2,0,1,1,1,0,-5,5,1,1,1,1,0,0,6,6,3,2,2,1,0,1,6,-5,2,0,1,,1,0,-5,6,1,2,0,,0,1,6,-5,2,2,0,,0,0,6,6,3,1,0,,1,1,-5,-5,3,1,2,,1,1,-5,-5,3
9,86,20,2,1,1,,,2,"Version 2.0",TRUE,TRUE,TRUE,2.07142857142857,1.28571428571429,3,3.71428571428571,0.285714285714286,2,1,2,0,0,9,9,3,2,1,2,0,0,9,9,3,2,1,1,0,1,9,-3,2,0,0,2,0,0,9,9,3,1,0,1,0,1,9,-3,2,1,0,,0,1,9,-5,2,2,0,,0,0,9,9,3,0,0,,1,0,-5,9,1,0,0,,1,0,-6,9,1,2,2,,1,0,-5,9,1
9,87,23,3,2,2,,,2,"Version 2.0",TRUE,TRUE,TRUE,2.35714285714286,1.28571428571429,3.42857142857143,3.71428571428571,1,1,2,2,0,1,0,0,3,1,2,1,1,1,0,0,3,1,2,2,1,1,0,0,3,1,2,1,0,1,0,0,3,2,2,2,0,0,0,0,3,0,1,,0,0,0,0,3,2,1,,0,0,0,0,3,0,2,,1,0,0,0,3,0,1,,1,0,0,0,3,0,1,,0,1,0,0,3
9,88,20,1,2,1,,,2,"Version 2.0",TRUE,TRUE,TRUE,2.35714285714286,3.14285714285714,2.42857142857143,2.85714285714286,1,0,1,2,0,1,7,-6,2,2,0,1,0,0,9,9,3,2,0,1,1,1,-9,-9,3,2,1,2,1,0,-9,9,1,1,1,1,1,1,-6,-6,3,1,1,,0,1,9,-9,2,2,0,,0,0,9,9,3,0,0,,0,1,9,-9,2,1,1,,0,1,9,-9,2,2,0,,0,0,9,9,3
9,89,20,1,1,1,,,1,"Version 2.0",TRUE,TRUE,TRUE,2.42857142857143,2.28571428571429,2.85714285714286,3.57142857142857,1,0,1,,1,0,8,-8,2,1,1,,0,1,9,-9,2,0,1,,1,0,-9,9,1,2,2,,1,1,-9,-9,3,2,0,,1,1,-9,-9,3,2,1,2,0,1,9,-9,2,0,2,1,0,1,9,-9,2,1,1,2,1,1,-9,-9,3,2,1,1,1,0,-9,9,1,0,1,2,1,1,-9,-9,3
9,90,23,1,2,1,,,1,"Version 2.0",TRUE,TRUE,TRUE,1.78571428571429,1.14285714285714,1.85714285714286,2.85714285714286,1.28571428571429,2,0,,1,0,3,9,1,1,0,,0,0,9,9,3,0,2,,1,0,3,9,1,0,0,,1,1,-1,-1,3,0,0,,0,0,9,9,3,1,1,2,1,1,-1,-1,3,0,2,2,1,1,-1,-1,3,1,0,2,1,0,-1,2,1,0,2,1,1,1,-1,-1,3,0,1,2,0,1,3,-1,2
9,91,19,3,2,1,,,2,"Version 2.0",TRUE,TRUE,TRUE,1.75,2,1.14285714285714,2.57142857142857,1.28571428571429,1,0,1,1,0,0,0,3,0,2,2,1,1,0,0,3,1,0,1,0,1,0,-2,2,0,2,2,0,0,9,9,3,1,2,1,0,0,9,9,3,1,1,,0,1,1,-2,2,2,2,,0,0,9,9,3,0,0,,0,1,0,0,3,1,0,,0,1,2,-3,2,0,1,,0,0,9,9,3
9,92,18,3,2,1,,,2,"Version 2.0",TRUE,TRUE,TRUE,1.96428571428572,1.85714285714286,2,2.28571428571429,1.71428571428571,0,2,2,0,1,4,2,2,2,1,2,1,1,-1,-1,3,0,1,1,0,1,4,2,2,1,2,1,0,0,9,9,3,0,0,2,1,1,-2,-2,3,2,1,,1,1,-5,-5,3,0,1,,1,0,-4,4,1,2,0,,0,1,4,-4,2,1,1,,0,0,9,9,3,1,0,,1,0,-4,4,1
9,93,20,2,2,1,,,1,"Version 2.0",TRUE,TRUE,TRUE,1.78571428571429,1.57142857142857,2.42857142857143,2.42857142857143,0.714285714285714,2,0,,1,1,-5,-5,3,1,1,,0,0,9,9,3,1,2,,1,0,-5,7,1,1,2,,0,1,8,-8,2,1,1,,0,1,6,-5,2,1,0,2,0,0,5,5,3,1,2,1,0,0,5,5,3,1,0,1,1,1,-4,-4,3,0,2,2,0,1,5,-5,2,2,1,2,1,1,0,0,3
9,94,22,1,1,2,,,1,"Version 2.0",TRUE,TRUE,TRUE,1.85714285714286,0.714285714285714,2.28571428571429,2.42857142857143,2,0,2,,1,1,-5,-5,3,1,2,,0,1,9,-5,2,2,2,,0,0,9,9,3,0,0,,1,1,-5,-5,3,2,0,,0,1,9,-5,2,2,0,1,0,0,9,9,3,0,0,1,0,0,9,9,3,1,0,1,0,0,9,9,3,0,1,2,1,1,-5,-7,2,2,0,1,1,0,-6,9,1
9,95,18,3,1,1,,,2,"Version 2.0",TRUE,TRUE,TRUE,2.28571428571429,1.71428571428571,2.85714285714286,2.42857142857143,2.14285714285714,2,0,2,1,1,-5,-5,3,1,1,2,1,0,-6,9,1,0,2,2,1,0,-6,9,1,0,2,2,0,0,9,9,3,2,1,1,1,1,-6,-6,3,2,1,,0,1,9,-6,2,2,1,,1,1,-6,-6,3,2,1,,1,0,-6,9,1,0,1,,0,0,9,9,3,1,2,,1,0,-6,9,1
9,96,21,3,1,2,,,1,"Version 2.0",TRUE,TRUE,TRUE,2.25,1.71428571428571,3,2.42857142857143,1.85714285714286,1,0,,0,0,2,2,3,0,1,,1,1,0,0,3,0,0,,1,1,0,0,3,0,2,,0,1,0,0,3,1,2,,1,1,0,0,3,0,0,1,0,1,0,0,3,2,0,2,1,0,-1,-1,3,0,0,2,0,1,-1,-1,3,1,1,2,1,0,0,0,3,1,2,2,1,1,0,0,3
9,97,18,1,1,1,,,2,"Version 2.0",TRUE,TRUE,TRUE,2.07142857142857,1.57142857142857,2.42857142857143,2.71428571428571,1.57142857142857,1,2,2,0,1,-5,-6,2,2,2,1,0,0,9,9,3,0,1,1,0,1,-5,-6,2,1,2,2,1,1,5,5,3,1,0,1,0,0,9,9,3,2,1,,1,0,-5,-6,2,2,0,,1,0,-7,4,1,0,1,,1,0,-6,3,1,1,0,,1,1,-5,-5,3,2,2,,1,1,-5,-5,3
9,98,21,1,2,2,,,2,"Version 2.0",TRUE,TRUE,TRUE,2.21428571428572,1.85714285714286,2.42857142857143,2.28571428571429,2.28571428571429,0,2,2,1,1,1,1,3,1,0,1,0,1,3,-1,2,0,2,2,1,1,-1,-1,3,2,0,1,1,0,-1,2,1,0,0,2,0,1,2,-2,2,1,0,,1,1,-2,-2,3,1,1,,1,0,-1,2,1,2,1,,0,1,2,-1,2,2,1,,0,1,2,-1,2,1,1,,0,0,5,5,3
9,99,19,3,2,1,,,1,"Version 2.0",TRUE,TRUE,TRUE,2.92857142857143,3.57142857142857,3.42857142857143,3.14285714285714,1.57142857142857,1,0,,1,1,0,0,3,0,0,,0,1,9,-3,2,0,0,,0,1,9,-3,2,2,0,,0,1,9,-3,2,1,2,,0,0,9,9,3,0,0,2,1,0,-3,9,1,2,0,1,0,0,9,9,3,1,2,2,1,1,-3,-3,3,2,1,2,0,0,9,9,3,2,0,1,1,0,-3,9,1
9,100,19,1,2,1,,,1,"Version 2.0",TRUE,TRUE,TRUE,1.85714285714286,1.57142857142857,2.57142857142857,2.71428571428571,0.571428571428571,1,2,,1,1,-1,-1,3,1,2,,1,0,-1,1,1,0,2,,1,1,-1,-1,3,0,0,,1,1,-1,-1,3,2,1,,1,1,-1,-1,3,0,1,1,0,1,9,-1,2,1,1,1,0,0,9,9,3,2,1,2,1,1,-1,-1,3,2,2,2,0,0,9,9,3,2,0,2,1,1,-1,-1,3
10,101,18,1,2,2,,,1,"Version 2.0",TRUE,TRUE,TRUE,1.82142857142857,1,2.57142857142857,2.85714285714286,0.857142857142857,1,2,,0,0,9,9,3,1,2,,0,1,9,-3,2,1,0,,1,1,-9,-9,3,0,1,,1,1,-9,-9,3,2,1,,1,0,-9,9,1,0,1,2,1,0,-9,9,1,1,2,2,1,0,-9,9,1,1,2,2,0,0,9,9,3,1,1,2,1,0,-9,9,1,2,1,1,1,0,-9,9,1
10,102,18,3,2,2,,,2,"Version 2.0",TRUE,TRUE,TRUE,1.92857142857143,0.714285714285714,2,2.14285714285714,2.85714285714286,1,1,2,1,0,2,4,1,0,2,1,0,1,6,2,2,1,2,2,1,0,2,6,1,2,2,2,0,1,6,2,2,2,1,1,1,1,2,2,3,0,1,,1,1,-7,-7,3,2,1,,1,0,-8,5,1,2,0,,0,1,3,-5,2,1,1,,0,1,2,-9,2,1,2,,1,0,-8,3,1
10,103,27,1,1,1,,,2,"Version 2.0",TRUE,TRUE,TRUE,2.92857142857143,2.71428571428571,3.71428571428571,2.85714285714286,2.42857142857143,1,1,1,1,0,3,9,1,0,0,1,0,1,9,3,2,1,2,2,0,0,9,9,3,0,1,1,0,1,9,3,2,2,2,1,0,1,9,3,2,0,0,,0,0,9,9,3,1,0,,0,0,9,9,3,2,1,,1,1,3,3,3,2,1,,1,1,3,3,3,1,1,,1,1,3,3,3
10,104,22,4,1,2,,,1,"Version 2.0",TRUE,TRUE,TRUE,2.67857142857143,2,4,3.57142857142857,1.14285714285714,1,0,,1,0,-3,3,1,0,2,,1,1,2,2,3,2,0,,1,1,-3,-3,3,2,1,,1,1,-4,-4,3,2,0,,1,1,-6,-6,3,2,2,2,0,0,9,9,3,0,0,1,0,0,9,9,3,1,1,2,1,0,-9,9,1,1,1,1,0,0,9,9,3,1,0,2,1,1,-9,-9,3
10,105,21,1,1,2,,,1,"Version 2.0",TRUE,TRUE,TRUE,2.60714285714286,2.14285714285714,3.28571428571429,3.14285714285714,1.85714285714286,2,2,,0,0,9,9,3,0,1,,1,0,-1,9,1,0,1,,0,0,9,9,3,0,0,,1,0,-2,9,1,2,0,,0,0,9,9,3,2,2,2,0,0,9,9,3,2,2,2,0,1,9,-2,2,1,0,1,1,0,-3,9,1,2,1,2,1,1,-4,-4,3,2,1,1,0,0,9,9,3
10,106,21,1,2,2,,,2,"Version 2.0",TRUE,TRUE,TRUE,2.42857142857143,1.57142857142857,3.14285714285714,3.57142857142857,1.42857142857143,0,1,1,0,1,-2,2,1,0,1,1,0,1,-3,2,1,1,2,2,1,1,3,3,3,2,0,1,1,1,3,3,3,0,1,2,1,1,4,4,3,2,2,,0,0,-3,-3,3,0,0,,0,0,1,1,3,1,1,,0,0,-1,2,1,1,1,,1,0,1,-2,2,1,2,,1,1,1,1,3
10,107,20,2,2,2,,,2,"Version 2.0",TRUE,TRUE,TRUE,2.07142857142857,2,2.71428571428571,2.14285714285714,1.42857142857143,0,2,1,0,0,9,9,3,1,1,1,1,1,-9,-9,3,2,2,2,0,0,9,9,3,0,1,1,0,1,9,-9,2,2,1,2,0,0,9,9,3,0,2,,0,0,9,9,3,1,0,,0,0,9,9,3,2,0,,1,0,-9,9,1,2,0,,1,1,-9,-9,3,0,2,,1,0,-9,9,1
10,108,23,2,1,2,,,1,"Version 2.0",TRUE,TRUE,TRUE,2.10714285714286,1.28571428571429,2.85714285714286,2.42857142857143,1.85714285714286,2,2,,0,0,9,9,3,1,0,,1,1,0,0,3,0,0,,1,1,-5,-5,3,0,2,,1,0,-5,9,1,2,0,,1,1,-9,-9,3,2,0,1,1,0,-9,9,1,2,2,2,1,1,-9,-9,3,1,1,2,0,0,9,9,3,0,0,1,0,0,9,9,3,0,1,2,1,0,-9,9,1
10,109,19,1,2,2,,,1,"Version 2.0",TRUE,TRUE,TRUE,1.46428571428571,0.857142857142857,2,1.57142857142857,1.42857142857143,0,1,,1,1,0,0,3,2,2,,0,1,0,0,3,2,0,,1,1,0,0,3,0,2,,0,1,0,0,3,0,1,,1,1,0,0,3,2,1,2,0,1,0,0,3,1,1,1,0,0,9,9,3,0,1,2,0,1,0,0,3,0,1,2,1,0,0,0,3,0,1,2,1,0,0,0,3
10,110,18,1,2,2,,,2,"Version 2.0",TRUE,TRUE,TRUE,2.14285714285715,1.85714285714286,2.57142857142857,2.85714285714286,1.28571428571429,2,1,2,1,0,-5,5,1,0,0,2,1,0,-2,2,1,1,1,1,0,1,4,-4,2,2,2,1,1,0,6,6,3,0,1,1,1,0,5,-5,2,1,1,,0,0,9,9,3,0,1,,1,0,-2,7,1,2,0,,1,1,9,9,3,0,1,,1,0,6,-3,2,0,0,,1,0,5,-4,2
10,111,19,1,2,1,,,2,"Version 2.0",TRUE,TRUE,TRUE,2.35714285714286,2.28571428571429,2.85714285714286,2.57142857142857,1.71428571428571,0,2,2,0,0,0,0,3,2,1,2,0,1,0,0,3,0,2,1,0,1,0,0,3,1,2,1,1,1,-1,-1,3,1,1,1,1,1,0,0,3,1,0,,1,0,-2,2,1,2,2,,0,0,1,1,3,1,2,,0,0,1,1,3,1,2,,0,0,2,2,3,1,1,,1,0,-1,1,1
10,112,20,2,2,2,,,2,"Version 2.0",TRUE,TRUE,TRUE,2.46428571428571,2.71428571428571,2.71428571428571,2.28571428571429,2.14285714285714,2,0,1,1,0,-9,9,1,0,1,2,0,1,9,-9,2,2,1,2,1,0,-9,9,1,0,0,2,0,0,9,9,3,0,1,2,0,0,9,9,3,1,1,,1,1,-9,-9,3,2,2,,0,1,9,-9,2,1,0,,1,1,-9,-9,3,0,2,,1,1,-9,-9,3,1,0,,0,1,9,-9,2
10,113,18,2,2,2,,,2,"Version 2.0",TRUE,TRUE,TRUE,2.67857142857143,2.14285714285714,3.14285714285714,2.71428571428571,2.71428571428571,2,0,2,0,1,9,-9,2,0,1,2,1,1,-9,-9,3,2,1,1,1,0,-4,4,1,0,0,2,1,1,-5,-5,3,1,0,2,0,0,9,9,3,0,0,,1,0,-9,9,1,2,0,,1,1,-9,-9,3,1,2,,0,0,9,9,3,0,0,,0,0,9,9,3,2,1,,0,0,9,9,3
10,114,18,1,2,2,,,1,"Version 2.0",TRUE,TRUE,TRUE,2.03571428571429,1.28571428571429,2.57142857142857,2.71428571428571,1.57142857142857,1,1,,0,0,0,0,3,0,2,,0,1,9,-9,2,1,0,,0,0,9,9,3,0,0,,0,0,9,9,3,2,2,,1,0,-6,8,1,0,1,1,0,0,9,9,3,2,0,1,0,1,-5,5,1,0,1,2,1,1,-9,-9,3,2,2,1,1,0,-2,4,1,0,1,2,1,1,-6,-9,2
10,115,18,4,1,1,,,2,"Version 2.0",TRUE,TRUE,TRUE,2.64285714285714,3,2.57142857142857,2.42857142857143,2.57142857142857,1,2,2,0,0,9,9,3,0,1,2,0,1,8,-7,2,2,1,1,1,1,-6,-6,3,1,1,2,1,1,-8,-8,3,0,2,2,0,0,8,8,3,1,0,,0,1,8,-8,2,1,0,,0,0,9,9,3,0,1,,0,1,9,-8,2,1,0,,1,0,-9,9,1,0,2,,1,1,-9,-9,3
10,116,18,2,1,1,,,1,"Version 2.0",TRUE,TRUE,TRUE,2.57142857142857,3,2,2.42857142857143,2.85714285714286,0,2,,0,0,9,9,3,2,1,,0,1,9,0,2,1,1,,1,0,0,9,1,0,0,,1,1,-9,-9,3,1,0,,1,0,-9,9,1,0,2,2,0,0,9,9,3,2,0,2,1,0,-9,9,1,0,0,2,1,0,-9,9,1,1,0,2,0,0,9,9,3,2,2,2,1,1,0,0,3
10,117,19,3,1,2,,,2,"Version 2.0",TRUE,TRUE,TRUE,2.89285714285715,2.85714285714286,3,2.42857142857143,3.28571428571429,0,2,1,0,0,9,9,3,1,2,2,1,1,-9,-9,3,1,0,1,1,1,-9,-9,3,0,1,1,1,0,-9,9,1,2,1,1,0,0,9,9,3,1,1,,0,0,9,9,3,0,2,,0,0,9,9,3,2,2,,1,1,-9,-9,3,2,1,,1,1,-9,-9,3,1,2,,1,0,-9,9,1
10,118,19,3,2,2,,,1,"Version 2.0",TRUE,TRUE,TRUE,2.71428571428572,2.28571428571429,3.14285714285714,3.42857142857143,2,2,0,,0,1,8,5,2,2,2,,0,0,9,9,3,0,0,,0,1,5,8,1,2,0,,0,1,8,4,2,1,2,,0,0,9,9,3,0,2,1,1,1,5,5,3,1,2,1,1,0,4,8,1,1,0,2,1,0,4,8,1,0,0,2,1,1,4,4,3,1,1,1,1,0,4,8,1
10,119,18,4,2,2,,,2,"Version 2.0",TRUE,TRUE,TRUE,1.78571428571429,1.71428571428571,2.28571428571429,1.85714285714286,1.28571428571429,0,2,2,1,0,-5,8,1,1,0,1,1,1,-8,-8,3,1,1,1,0,1,9,-9,2,1,2,1,1,1,-5,0,1,2,2,1,0,0,8,8,3,0,0,,0,1,5,-8,2,1,2,,0,1,8,-8,2,2,2,,0,0,8,8,3,2,2,,1,1,-8,-8,3,0,0,,1,0,-8,8,1
10,120,21,3,2,2,,,1,"Version 2.0",TRUE,TRUE,TRUE,2.32142857142857,1.71428571428571,3.14285714285714,2.85714285714286,1.57142857142857,0,1,,1,1,-7,-7,3,2,0,,0,1,-7,-7,3,1,0,,0,0,9,9,3,2,1,,0,1,9,-9,2,0,0,,0,1,9,-9,2,2,2,2,0,0,9,9,3,1,0,1,0,0,9,9,3,2,1,2,0,0,9,9,3,2,2,1,1,1,-9,-9,3,2,1,2,1,0,-9,-9,3
10,121,21,3,2,2,,,2,"Version 2.0",TRUE,TRUE,TRUE,1.92857142857143,1,2.71428571428571,3,1,2,1,2,1,1,-9,-9,3,0,0,1,0,1,9,-9,2,0,2,2,0,0,9,9,3,2,1,2,0,1,9,-9,2,1,0,2,1,0,-9,9,1,2,0,,1,1,-9,-9,3,1,1,,1,1,-9,-9,3,0,2,,1,0,-9,9,1,0,2,,1,1,-9,-9,3,1,2,,0,1,9,-9,2
10,122,21,3,2,2,,,1,"Version 2.0",TRUE,TRUE,TRUE,2.10714285714286,1.85714285714286,3,3.28571428571429,0.285714285714286,1,1,,0,0,9,9,3,2,1,,1,1,0,0,3,0,0,,0,0,9,9,3,1,0,,0,1,9,0,2,2,0,,0,1,9,0,2,0,0,1,1,1,0,0,3,0,1,2,0,0,9,9,3,0,0,2,1,0,0,9,1,2,1,1,0,0,9,9,3,2,1,2,1,0,0,9,1
10,123,24,3,,1,,,1,"Version 2.0",TRUE,TRUE,TRUE,2.28571428571429,2.57142857142857,3,1.57142857142857,2,2,0,,1,1,5,5,3,1,2,,1,1,9,9,3,0,2,,1,1,9,9,3,1,1,,0,1,9,-9,2,0,2,,0,1,9,9,3,1,1,2,0,0,9,9,3,2,2,2,1,0,9,-9,2,1,2,2,1,0,9,-9,2,1,1,2,0,0,9,9,3,0,0,2,0,0,9,9,3
10,124,19,1,2,2,,,2,"Version 2.0",TRUE,TRUE,TRUE,1.64285714285715,1.42857142857143,1.85714285714286,1.42857142857143,1.85714285714286,0,0,1,0,0,-4,-4,3,0,1,1,0,1,3,3,3,0,2,1,0,0,-2,2,1,0,1,2,0,0,3,-3,2,1,0,1,1,0,-4,-5,2,1,1,,0,0,-3,2,1,0,2,,0,0,-4,-3,1,2,1,,0,0,4,4,3,2,2,,1,0,-5,-5,3,1,1,,0,1,-3,3,1
10,125,21,3,2,2,,,2,"Version 2.0",TRUE,TRUE,TRUE,2.42857142857143,2.14285714285714,2.57142857142857,3,2,1,2,2,1,0,0,9,1,1,2,2,0,1,9,0,2,2,0,2,0,0,9,9,3,2,0,2,0,1,9,0,2,0,1,2,0,1,9,0,2,0,1,,1,1,0,0,3,1,1,,0,0,9,9,3,0,1,,1,1,0,0,3,0,0,,1,1,0,0,3,1,0,,0,0,9,9,3
10,126,21,2,2,2,,,1,"Version 2.0",TRUE,TRUE,TRUE,1.64285714285715,2.28571428571429,2,1,1.28571428571429,2,0,,0,1,-9,9,1,0,1,,1,0,9,-9,2,0,1,,1,1,-9,-9,3,1,0,,0,0,9,9,3,0,1,,0,0,9,9,3,1,1,1,0,0,9,9,3,2,1,2,1,0,-9,9,1,0,0,2,0,0,9,9,3,0,1,1,1,0,-9,9,1,2,2,2,1,0,-9,9,1
10,127,23,1,2,2,,,2,"Version 2.0",TRUE,TRUE,TRUE,1.89285714285714,1.71428571428571,2.14285714285714,2.57142857142857,1.14285714285714,0,0,1,1,1,-1,-1,3,2,1,2,1,1,-1,-1,3,0,1,1,1,1,-1,-1,3,1,0,2,0,0,9,9,3,0,2,1,1,1,-1,-1,3,0,0,,1,1,-4,-4,3,1,0,,0,1,-4,-4,3,2,1,,1,0,-4,-4,3,1,0,,1,0,-4,5,1,2,0,,0,0,7,7,3
11,128,21,1,2,2,,,1,"Version 2.0",TRUE,TRUE,TRUE,1.78571428571429,1.57142857142857,2,1.42857142857143,2.14285714285714,2,1,,1,0,4,-4,2,1,1,,1,1,-9,-9,3,1,1,,1,1,5,5,3,1,1,,0,1,-4,7,1,2,2,,0,1,-6,-5,1,1,1,2,0,0,-6,4,1,0,2,2,0,0,4,4,3,2,1,2,1,0,4,-3,2,2,0,1,0,0,0,0,3,0,0,1,1,0,-4,-3,1
11,129,21,3,2,2,,,2,"Version 2.0",TRUE,TRUE,TRUE,1.35714285714286,0.857142857142857,1.85714285714286,1.85714285714286,0.857142857142857,1,1,2,0,0,9,9,3,2,1,1,0,1,9,-9,2,1,0,2,0,1,9,-9,2,2,0,1,0,0,9,9,3,2,1,2,0,1,9,-9,2,1,2,,1,0,-9,9,1,0,1,,1,0,-9,9,1,0,2,,0,0,9,9,3,1,2,,1,1,-9,-9,3,0,2,,0,1,9,-9,2
11,130,19,2,2,2,,,1,"Version 2.0",TRUE,TRUE,TRUE,1.92857142857143,1.57142857142857,2.28571428571429,3,0.857142857142857,2,1,,0,1,5,-3,2,1,0,,1,1,-5,-5,3,2,0,,1,0,-4,6,1,2,2,,1,0,-9,9,1,2,0,,0,1,7,-4,2,0,2,1,0,0,5,5,3,0,2,2,0,0,5,5,3,2,1,2,0,1,5,-5,2,2,0,2,1,0,-9,9,1,0,1,2,0,1,8,-8,2
11,131,20,2,2,1,,,2,"Version 2.0",TRUE,TRUE,TRUE,1.67857142857143,1.28571428571429,2,2.42857142857143,1,0,2,2,1,0,0,0,3,1,1,1,0,0,5,5,3,1,2,1,0,0,5,5,3,1,1,2,0,0,5,5,3,0,0,2,0,0,5,5,3,1,0,,0,1,0,0,3,1,1,,1,0,-5,-5,3,1,2,,1,1,0,0,3,1,0,,0,0,5,5,3,2,0,,1,0,0,0,3
11,132,18,2,1,2,,,1,"Version 2.0",TRUE,TRUE,TRUE,2.42857142857143,2.14285714285714,3.14285714285714,2,2.42857142857143,2,0,,1,1,0,0,3,0,0,,0,1,0,-9,2,2,1,,1,0,-9,9,1,2,0,,1,1,-9,-9,3,2,0,,1,0,-9,0,1,2,1,1,0,0,9,9,3,0,1,1,0,1,0,-9,2,2,0,1,1,0,-7,0,1,0,2,2,1,1,-9,-9,3,2,2,2,1,1,-9,-9,3
11,133,21,1,2,1,,,1,"Version 2.0",TRUE,TRUE,TRUE,1.75,1,2.28571428571429,3.14285714285714,0.571428571428571,2,1,,1,0,-4,8,1,0,0,,0,1,7,-7,2,1,1,,1,1,0,0,3,1,0,,0,0,5,5,3,2,2,,1,0,-6,5,1,0,1,2,0,1,6,-6,2,0,2,2,1,0,-7,7,1,1,1,2,1,1,-5,-5,3,1,0,1,0,0,3,3,3,1,0,1,0,0,5,5,3
11,134,21,4,2,2,,,2,"Version 2.0",TRUE,TRUE,TRUE,2.57142857142857,1.57142857142857,3.14285714285714,3.71428571428571,1.85714285714286,0,0,2,0,0,9,9,3,0,2,1,1,1,-9,-9,3,0,2,1,0,0,9,9,3,2,2,2,1,0,-9,9,1,2,2,1,1,0,-9,9,1,2,0,,0,0,9,9,3,2,2,,0,1,9,-9,2,0,0,,1,0,-9,9,1,2,0,,1,0,-9,9,1,1,2,,1,1,-9,-9,3
11,135,21,3,1,2,,,2,"Version 2.0",TRUE,TRUE,TRUE,2.5,2.28571428571429,3.42857142857143,2.28571428571429,2,2,1,1,1,0,-4,4,1,2,1,1,0,1,5,-5,2,0,1,1,0,0,0,0,3,1,2,1,1,0,-2,2,1,1,1,2,0,0,0,0,3,1,1,,0,1,6,2,2,1,0,,1,0,-1,6,1,2,2,,1,0,1,4,1,1,0,,1,1,-3,-3,3,1,0,,0,0,1,1,3
11,136,18,2,2,1,,,1,"Version 2.0",TRUE,TRUE,TRUE,1.78571428571429,1.57142857142857,2,2,1.57142857142857,2,1,,1,0,-1,3,1,2,0,,1,1,-7,-7,3,0,2,,1,1,-6,-6,3,2,1,,0,0,6,6,3,1,1,,1,0,-6,6,1,0,2,1,1,1,0,0,3,1,2,2,1,1,0,0,3,0,1,2,1,1,-1,-1,3,2,0,2,1,1,-2,-2,3,1,2,2,0,0,6,6,3
11,137,20,4,1,2,,,1,"Version 2.0",TRUE,TRUE,TRUE,2.28571428571429,1.42857142857143,2.85714285714286,2.71428571428571,2.14285714285714,0,1,,0,1,4,-3,2,0,1,,1,0,-5,2,1,0,0,,0,0,4,4,3,1,2,,1,1,-7,-7,3,0,1,,0,1,3,-5,2,1,0,2,1,1,7,7,3,2,0,1,1,1,2,2,3,1,1,2,0,0,9,9,3,0,0,1,0,1,1,-5,2,1,0,2,1,1,-4,-4,3
11,138,21,2,1,2,,,1,"Version 2.0",TRUE,TRUE,TRUE,2.39285714285714,1.42857142857143,2.28571428571429,3.14285714285714,2.71428571428571,1,2,,1,1,-6,-6,3,2,0,,0,0,9,9,3,1,0,,1,0,-9,9,1,0,2,,1,0,-9,9,1,0,1,,0,1,-9,9,1,1,0,1,0,0,9,9,3,0,0,1,0,0,9,9,3,1,0,2,1,1,4,4,3,0,0,1,1,1,5,5,3,0,2,2,0,0,9,9,3
11,139,19,2,2,1,,,1,"Version 2.0",TRUE,TRUE,TRUE,2.32142857142857,2.42857142857143,2.57142857142857,2.85714285714286,1.42857142857143,2,0,,0,0,9,9,3,0,1,,1,0,-5,6,1,2,1,,1,0,-5,5,1,0,0,,0,0,7,7,3,0,1,,0,0,7,7,3,1,1,2,0,1,-3,5,1,1,0,1,0,1,-3,5,1,0,1,2,0,1,5,-3,2,0,2,2,1,0,-3,5,1,2,0,1,0,1,5,-3,2
11,140,19,1,1,2,,,2,"Version 2.0",TRUE,TRUE,TRUE,3.17857142857143,3,4,4,1.71428571428571,2,1,2,1,1,5,5,3,2,0,1,0,0,9,9,3,1,2,1,1,1,-5,-5,3,2,0,1,0,1,-2,5,1,2,1,2,0,0,5,5,3,1,0,,0,0,9,9,3,1,0,,1,0,-1,1,1,2,2,,0,1,1,-1,2,1,1,,0,0,9,9,3,2,1,,1,0,-5,0,1
11,141,20,2,2,2,,,1,"Version 2.0",TRUE,TRUE,TRUE,2.25,1.71428571428571,2.85714285714286,3.14285714285714,1.28571428571429,0,1,,0,1,5,5,3,1,0,,1,0,5,5,3,0,1,,0,0,9,9,3,1,0,,0,0,5,5,3,2,0,,1,0,6,-3,2,2,1,2,1,0,5,-4,2,0,1,2,1,1,-3,6,1,0,2,1,1,1,6,6,3,1,2,2,0,0,-3,-3,3,0,0,2,1,1,5,5,3
11,142,23,1,2,1,,,2,"Version 2.0",TRUE,TRUE,TRUE,1.64285714285715,1.85714285714286,2.42857142857143,2.28571428571429,0,1,2,2,1,1,-9,-9,3,0,2,2,0,1,9,-9,2,1,2,2,0,0,9,9,3,0,0,1,1,1,-9,-9,3,1,0,2,1,0,-9,9,1,0,1,,0,0,9,9,3,0,2,,0,0,9,9,3,0,2,,0,1,9,-9,2,0,2,,1,0,-9,9,1,2,2,,0,1,9,-9,2
11,143,19,1,1,2,,,2,"Version 2.0",TRUE,TRUE,TRUE,3.07142857142857,3.28571428571429,3.57142857142857,3.71428571428571,1.71428571428571,1,2,2,0,0,0,0,3,2,2,2,0,1,-2,6,1,0,0,2,1,0,4,-2,2,1,0,1,0,1,-3,3,1,1,0,2,1,1,4,4,3,1,0,,0,1,-3,6,1,0,0,,0,1,-3,6,1,1,0,,1,1,5,5,3,1,0,,0,1,-3,5,1,1,1,,0,0,0,0,3
11,144,18,2,2,1,,,2,"Version 2.0",TRUE,TRUE,TRUE,1.92857142857143,2.14285714285714,2.71428571428571,2.42857142857143,0.428571428571428,0,0,2,1,1,-9,-9,3,1,2,1,0,0,9,9,3,1,0,1,1,0,-9,9,1,2,2,1,0,1,9,-9,2,1,2,1,1,1,-9,-9,3,1,0,,1,0,-9,9,1,1,2,,1,1,-9,-9,3,1,2,,0,1,9,-9,2,1,1,,1,0,-9,9,1,1,2,,0,0,9,9,3
11,145,22,3,2,1,,,2,"Version 2.0",TRUE,TRUE,TRUE,2.92857142857143,3.57142857142857,3.42857142857143,2.85714285714286,1.85714285714286,2,2,1,1,1,-9,-9,3,2,0,2,1,1,-9,-9,3,0,2,1,0,0,9,9,3,0,2,1,0,0,9,9,3,0,1,1,0,0,9,9,3,0,2,,1,0,-9,9,1,1,0,,0,1,9,-9,2,1,0,,0,0,9,9,3,2,1,,1,1,-9,-9,3,2,1,,0,0,9,9,3
11,146,24,2,2,2,,,1,"Version 2.0",TRUE,TRUE,TRUE,2.96428571428571,2.85714285714286,3.57142857142857,2.71428571428571,2.71428571428571,2,0,,1,0,-9,9,1,1,2,,0,0,9,9,3,2,0,,0,0,9,9,3,2,1,,1,1,-9,-9,3,0,1,,0,1,9,-9,2,2,0,1,1,0,-9,9,1,0,2,2,1,1,-9,-9,3,2,2,1,1,1,-9,-9,3,0,2,2,0,0,9,9,3,0,0,1,1,0,-9,9,1
11,147,22,3,1,1,,,1,"Version 2.0",TRUE,TRUE,TRUE,2.03571428571429,1.28571428571429,2.71428571428571,2.42857142857143,1.71428571428571,1,0,,0,1,4,-3,2,0,2,,0,0,5,5,3,1,2,,0,0,7,7,3,2,0,,0,1,9,9,3,1,1,,0,0,-3,-3,3,0,2,2,1,1,-7,-7,3,1,2,2,0,0,7,7,3,1,1,2,0,0,-3,-3,3,0,1,2,0,0,-5,-5,3,0,1,1,0,0,-4,-4,3
11,148,23,3,1,1,,,2,"Version 2.0",TRUE,TRUE,TRUE,2,1.42857142857143,2.71428571428571,2.42857142857143,1.42857142857143,1,0,2,1,0,7,7,3,1,0,2,1,0,7,7,3,0,2,1,0,0,9,9,3,1,0,2,0,0,9,9,3,2,0,2,1,0,7,7,3,1,0,,1,0,5,5,3,1,0,,1,1,5,5,3,0,0,,1,0,6,6,3,2,2,,1,0,6,6,3,0,2,,1,0,6,6,3
11,149,21,3,2,2,,,1,"Version 2.0",TRUE,TRUE,TRUE,1.96428571428572,1.42857142857143,2.42857142857143,3,1,2,2,,1,0,-3,9,1,2,0,,1,0,9,-3,2,1,0,,1,0,-3,9,1,1,1,,1,0,-4,6,1,2,2,,1,1,-3,-3,3,2,1,2,0,0,0,0,3,1,1,2,0,0,0,0,3,1,1,2,0,0,0,0,3,2,2,2,1,1,-3,-3,3,1,0,2,0,0,0,0,3
12,150,21,3,1,2,,,2,"Version 2.0",TRUE,TRUE,TRUE,2.32142857142857,2.85714285714286,3,2.28571428571429,1.14285714285714,2,1,1,0,1,3,-2,2,2,1,1,0,0,4,4,3,1,2,2,1,1,-3,-5,2,2,1,2,1,0,-5,-3,1,1,2,1,1,0,-3,4,1,0,1,,0,1,6,-7,2,2,1,,0,1,5,-6,2,2,0,,1,1,-7,-4,1,1,0,,0,1,4,-4,2,0,0,,0,0,8,8,3
12,151,21,4,1,2,,,1,"Version 2.0",TRUE,TRUE,TRUE,2.89285714285714,3.71428571428571,3.42857142857143,2.28571428571429,2.14285714285714,0,0,,1,1,-9,-9,3,2,1,,1,1,-2,-2,3,2,0,,0,1,9,-9,2,1,0,,1,1,-3,-3,3,0,0,,0,1,6,-1,2,2,2,2,1,0,-5,0,1,0,0,2,1,0,-3,3,1,2,1,2,0,1,0,-2,2,0,2,2,1,1,-5,-5,3,0,1,1,0,1,1,-3,2
12,152,21,3,1,2,,,1,"Version 2.0",TRUE,TRUE,TRUE,3.64285714285714,4,4,2.85714285714286,3.71428571428571,0,1,,1,0,-8,9,1,2,2,,1,0,-8,9,1,2,2,,1,0,-8,9,1,1,0,,1,1,-8,-8,3,0,0,,1,0,-7,9,1,2,0,2,0,1,9,-8,2,0,0,1,0,1,9,-8,2,2,1,2,0,1,9,-8,2,2,2,2,1,1,-8,-8,3,1,0,2,1,1,-8,-8,3
12,153,20,4,2,2,,,1,"Version 2.0",TRUE,TRUE,TRUE,2.25,2.42857142857143,2.57142857142857,2.71428571428571,1.28571428571429,2,2,,0,0,9,9,3,1,2,,0,1,9,-5,2,0,2,,1,1,-5,-5,3,2,1,,0,0,9,9,3,2,2,,0,0,9,9,3,1,1,1,0,0,9,9,3,2,2,2,0,0,9,9,3,0,1,1,1,1,-5,-5,3,0,0,2,0,0,9,9,3,0,1,2,1,0,-6,9,1
12,154,20,4,2,2,,,1,"Version 2.0",TRUE,TRUE,TRUE,1.71428571428572,1.14285714285714,1.85714285714286,2,1.85714285714286,0,1,,0,0,9,9,3,1,0,,0,0,9,9,3,2,0,,0,1,7,-4,2,2,2,,1,1,-9,-9,3,1,0,,1,0,-5,9,1,2,0,1,0,0,9,9,3,0,2,2,0,1,9,-5,2,0,0,2,1,1,-9,-9,3,1,0,1,0,0,9,9,3,2,0,1,1,0,-9,9,1
12,155,20,4,2,2,,,2,"Version 2.0",TRUE,TRUE,TRUE,2.35714285714286,2.14285714285714,2.42857142857143,2.57142857142857,2.28571428571429,2,2,2,0,1,9,-7,2,2,2,1,0,0,9,9,3,0,2,2,0,0,9,9,3,1,2,2,0,0,9,9,3,2,2,2,0,0,9,9,3,1,1,,1,1,-9,-9,3,0,0,,1,0,-7,8,1,2,0,,0,1,8,-8,2,1,2,,0,1,9,-9,2,0,0,,0,1,8,-8,2
12,156,19,3,1,1,,,2,"Version 2.0",TRUE,TRUE,TRUE,1.53571428571429,1.14285714285714,1.28571428571429,2.14285714285714,1.57142857142857,2,0,2,1,1,0,0,3,2,0,2,1,0,-2,5,1,0,2,2,1,0,-3,4,1,1,2,2,0,0,9,9,3,1,1,1,0,0,9,9,3,0,0,,0,0,9,9,3,1,0,,0,1,9,-9,2,0,0,,0,1,5,-9,2,0,2,,1,0,-9,9,1,0,2,,0,0,9,9,3
12,157,20,2,2,1,,,2,"Version 2.0",TRUE,TRUE,TRUE,1.89285714285714,1.42857142857143,2.57142857142857,2.14285714285714,1.42857142857143,2,0,1,0,0,9,9,3,1,0,2,1,0,-9,9,1,2,0,2,1,1,-9,-9,3,0,1,1,0,0,9,9,3,2,0,2,0,1,9,-9,2,2,1,,0,1,9,-9,2,0,0,,1,0,-9,9,1,2,1,,1,0,-9,9,1,2,2,,1,1,-9,-9,3,1,2,,0,1,9,-9,2
12,158,18,0,2,1,,,1,"Version 2.0",TRUE,TRUE,TRUE,1.21428571428571,0.857142857142857,1.71428571428571,1.28571428571429,1,1,1,,1,0,-3,9,1,0,1,,1,1,-5,-5,3,2,2,,0,0,9,9,3,1,0,,1,1,-5,-5,3,2,0,,1,1,-6,-6,3,0,1,1,0,0,8,8,3,0,0,1,0,1,8,-6,2,2,1,1,1,0,-5,8,1,2,1,2,1,0,-5,9,1,2,2,1,1,0,-5,8,1
12,159,26,2,2,1,,,1,"Version 2.0",TRUE,TRUE,TRUE,2.14285714285715,2.28571428571429,2.28571428571429,3,1,2,2,,0,1,9,0,2,1,1,,1,1,0,0,3,2,2,,0,0,4,4,3,1,0,,1,0,0,0,3,1,0,,0,0,1,1,3,1,0,1,1,0,0,2,1,1,0,1,0,0,1,1,3,2,2,2,1,0,0,0,3,1,1,2,0,0,0,0,3,0,2,1,0,0,0,0,3
12,160,19,0,1,1,,,1,"Version 2.0",TRUE,TRUE,TRUE,1.53571428571429,1.28571428571429,2.42857142857143,1.57142857142857,0.857142857142857,2,0,,1,0,-9,9,1,2,2,,0,1,9,-9,2,2,1,,0,1,9,-9,2,0,2,,1,1,-9,-9,3,0,2,,0,1,9,-9,2,0,1,2,1,0,-9,9,1,2,1,2,1,0,-9,9,1,0,0,2,1,0,-9,9,1,2,0,1,0,0,9,9,3,2,0,1,1,0,-9,9,1
12,161,18,3,1,1,,,2,"Version 2.0",TRUE,TRUE,TRUE,2.57142857142857,1.57142857142857,3.42857142857143,3.28571428571429,2,2,1,2,1,1,-3,-3,3,2,1,1,0,0,3,3,3,1,2,1,0,0,3,3,3,2,0,1,1,0,-5,2,1,1,0,2,1,0,-5,2,1,0,1,,0,0,3,3,3,2,1,,0,0,3,3,3,0,2,,0,0,3,3,3,0,2,,0,0,4,4,3,1,0,,0,1,2,-3,2
12,162,22,2,1,2,,,2,"Version 2.0",TRUE,TRUE,TRUE,2.85714285714286,3.42857142857143,2.85714285714286,3,2.14285714285714,0,0,2,0,0,9,9,3,2,2,1,1,0,-9,9,1,1,2,2,1,0,-9,9,1,0,1,2,0,0,9,9,3,1,1,1,0,1,9,-9,2,1,0,,1,1,-9,-9,3,1,1,,0,1,9,-9,2,0,1,,0,1,9,-9,2,2,0,,1,1,-9,-9,3,0,0,,1,0,-9,9,1
12,163,20,0,2,2,,,1,"Version 2.0",TRUE,TRUE,TRUE,2.78571428571429,2.71428571428571,3.28571428571429,2.42857142857143,2.71428571428571,2,2,,1,1,-5,-5,3,2,0,,1,1,-4,-4,3,0,0,,1,0,-3,8,1,0,0,,0,0,7,7,3,1,2,,0,1,7,-4,2,1,0,2,0,0,7,7,3,2,1,2,0,1,7,-4,2,2,2,2,1,1,-4,-4,3,1,0,1,0,0,7,7,3,2,1,1,0,1,7,-4,2
12,164,19,1,2,2,,,1,"Version 2.0",TRUE,TRUE,TRUE,2.32142857142857,1.57142857142857,2.71428571428571,2.85714285714286,2.14285714285714,1,2,,0,0,9,9,3,2,2,,0,0,9,9,3,0,2,,1,1,6,6,3,1,1,,0,0,9,9,3,1,0,,0,1,9,6,2,1,0,2,0,1,9,6,2,1,0,2,1,1,5,5,3,1,0,1,1,1,6,6,3,0,2,2,0,1,9,5,2,1,0,1,0,1,9,6,2
12,165,22,2,1,2,,,2,"Version 2.0",TRUE,TRUE,TRUE,2.35714285714286,2.14285714285714,3,2.28571428571429,2,0,0,2,1,1,4,4,3,2,2,1,0,1,5,-5,2,0,1,1,1,1,3,3,3,1,2,2,0,1,4,-3,2,1,0,2,1,1,4,4,3,2,1,,1,1,-3,-3,3,0,0,,1,0,-3,9,1,0,0,,1,0,-3,9,1,0,1,,1,1,4,4,3,0,2,,0,1,9,-4,2
12,166,19,2,2,2,,,2,"Version 2.0",TRUE,TRUE,TRUE,2.39285714285714,3.42857142857143,2.14285714285714,2.28571428571429,1.71428571428571,0,2,2,0,0,9,9,3,0,0,1,1,1,-5,-5,3,0,0,2,0,0,9,9,3,2,2,1,1,1,-6,-6,3,0,2,2,1,1,-5,-5,3,2,1,,1,1,-5,-5,3,2,2,,0,0,9,9,3,0,0,,0,0,9,9,3,0,2,,1,1,-6,-6,3,0,2,,0,0,9,9,3
12,167,21,1,1,2,,,1,"Version 2.0",TRUE,TRUE,TRUE,2.14285714285714,1.71428571428571,2.57142857142857,2.28571428571429,2,0,2,,0,1,8,-3,2,1,2,,0,1,-5,4,1,2,1,,0,1,6,-5,2,0,2,,0,1,5,-4,2,0,0,,0,1,5,-3,2,1,2,2,1,0,0,0,3,1,0,2,1,0,0,0,3,0,1,1,1,1,0,0,3,0,2,2,1,0,-2,4,1,0,0,2,1,1,0,0,3
12,168,24,2,1,1,,,2,"Version 2.0",TRUE,TRUE,TRUE,2.85714285714286,2.42857142857143,3.71428571428571,3.42857142857143,1.85714285714286,0,2,2,0,1,9,-9,2,2,1,1,0,0,9,9,3,2,0,1,1,1,-9,9,1,2,0,1,1,0,-9,9,1,2,2,1,1,0,-9,9,1,0,2,,1,1,-9,-9,3,1,1,,1,0,-9,9,1,0,2,,1,0,-9,9,1,1,0,,0,1,9,-9,2,2,0,,0,0,9,9,3
12,169,18,1,2,2,,,1,"Version 2.0",TRUE,TRUE,TRUE,2.21428571428571,1.57142857142857,2.57142857142857,3,1.71428571428571,2,1,,0,0,9,9,3,2,1,,0,1,9,-6,2,1,0,,1,1,-8,-8,3,0,2,,1,0,-8,8,1,1,1,,1,1,-8,-8,3,0,2,1,1,1,-8,-6,1,0,0,2,1,0,-6,6,1,0,1,2,1,1,-7,-7,3,0,2,2,0,0,8,8,3,2,0,2,1,0,-6,8,1
12,170,18,3,2,2,,,2,"Version 2.0",TRUE,TRUE,TRUE,1.53571428571429,0.714285714285714,2,1.85714285714286,1.57142857142857,0,1,2,0,1,5,-5,2,0,1,1,0,0,9,9,3,1,1,2,0,0,9,9,3,1,0,1,1,1,-7,-7,3,2,2,1,0,0,9,9,3,0,1,,1,0,-7,8,1,2,0,,0,0,9,9,3,0,2,,1,0,-9,7,1,2,0,,0,1,9,-5,2,0,0,,1,0,-8,7,1
12,171,23,3,1,1,,,1,"Version 2.0",TRUE,TRUE,TRUE,2.14285714285714,1.14285714285714,3.28571428571429,2.71428571428571,1.42857142857143,1,1,,0,0,0,0,3,2,2,,1,1,0,0,3,2,1,,1,0,0,0,3,1,1,,0,0,0,0,3,1,0,,0,1,0,0,3,1,2,2,0,1,0,0,3,2,2,1,0,0,5,5,3,0,2,2,0,1,0,0,3,0,0,1,1,1,0,0,3,2,1,1,1,1,0,0,3
12,172,18,3,2,2,,,1,"Version 2.0",TRUE,TRUE,TRUE,1.89285714285715,0.571428571428571,2.28571428571429,2.85714285714286,1.85714285714286,0,1,,0,1,-5,5,1,0,1,,0,1,9,9,3,2,2,,0,0,9,9,3,0,1,,1,1,-1,-1,3,2,0,,0,0,1,1,3,2,1,2,0,0,2,2,3,2,1,1,0,1,2,-2,2,0,2,1,1,1,-1,-1,3,0,2,1,1,1,-1,-1,3,0,0,2,0,0,1,1,3
12,173,18,3,1,2,,,2,"Version 2.0",TRUE,TRUE,TRUE,1.92857142857143,1.28571428571429,2.14285714285714,2.14285714285714,2.14285714285714,0,2,1,0,0,9,9,3,0,1,2,0,0,9,9,3,2,1,2,1,1,8,8,3,1,2,1,0,1,8,8,3,0,0,1,0,1,6,6,3,2,2,,0,0,9,9,3,2,1,,0,0,9,9,3,1,2,,0,0,8,8,3,1,0,,0,1,8,6,2,0,2,,0,0,9,9,3
12,174,18,3,2,2,,,2,"Version 2.0",TRUE,TRUE,TRUE,2.46428571428571,3.28571428571429,2.71428571428571,3,0.857142857142857,0,2,2,1,1,0,0,3,2,0,2,1,0,-1,0,1,1,1,2,0,1,0,-1,2,0,1,2,0,0,1,1,3,2,2,1,0,0,1,1,3,1,1,,0,0,1,1,3,2,0,,0,1,1,0,2,2,2,,0,1,1,-1,2,1,1,,1,1,-1,-1,3,2,1,,0,1,1,-1,2
12,175,22,1,2,2,,,1,"Version 2.0",TRUE,TRUE,TRUE,2.85714285714286,2.85714285714286,3.14285714285714,3,2.42857142857143,2,1,,0,1,9,9,3,2,2,,1,1,9,9,3,2,0,,0,0,9,9,3,0,0,,0,1,5,9,1,1,0,,0,1,9,9,3,2,2,2,1,0,9,9,3,2,1,1,1,1,9,9,3,2,0,1,0,0,9,9,3,0,0,1,0,0,9,9,3,1,0,1,0,1,9,9,3
12,176,23,3,2,2,,,2,"Version 2.0",TRUE,TRUE,TRUE,1.64285714285714,1.42857142857143,1.71428571428571,1.85714285714286,1.57142857142857,2,1,2,1,1,9,9,3,1,2,2,1,0,9,9,3,1,1,1,1,0,9,9,3,0,2,2,0,0,9,9,3,0,0,2,0,1,9,9,3,0,0,,1,1,9,9,3,2,1,,0,1,9,9,3,2,0,,0,1,9,9,3,0,2,,0,0,9,9,3,1,0,,1,1,9,9,3
12,177,20,3,2,2,,,1,"Version 2.0",TRUE,TRUE,TRUE,2.78571428571429,3.14285714285714,3.42857142857143,1.71428571428571,2.85714285714286,2,0,,0,0,9,9,3,0,0,,1,1,-2,-2,3,1,0,,0,0,9,9,3,1,1,,0,0,9,9,3,1,2,,1,1,-2,-2,3,1,2,1,1,0,-2,9,1,1,1,1,1,1,-2,-2,3,0,2,1,0,0,9,9,3,1,0,1,0,1,9,-1,2,2,2,1,0,1,-1,-1,3
12,178,22,3,1,2,,,2,"Version 2.0",TRUE,TRUE,TRUE,1.53571428571429,1,1.85714285714286,2.42857142857143,0.857142857142857,0,1,1,1,1,-9,-9,3,1,2,1,1,0,-9,9,1,0,2,2,0,1,9,-9,2,1,0,1,0,0,9,9,3,0,1,1,1,1,-9,-9,3,1,0,,0,1,9,-9,2,2,0,,1,1,0,0,3,1,1,,0,1,5,-5,2,1,0,,1,0,-5,6,1,0,1,,0,1,9,-9,2
13,179,23,3,2,2,,,1,"Version 2.0",TRUE,TRUE,TRUE,2.42857142857143,2.42857142857143,2.57142857142857,3.57142857142857,1.14285714285714,2,1,,0,1,9,9,3,1,1,,1,1,9,9,3,0,2,,1,1,-2,-2,3,1,2,,0,0,3,3,3,2,2,,0,0,3,3,3,1,2,2,1,0,-3,3,1,1,1,1,1,1,-5,-5,3,1,0,1,1,1,-8,-8,3,2,1,1,1,1,-7,-7,3,2,0,2,0,1,8,-8,2
13,180,18,2,2,2,,,1,"Version 2.0",TRUE,TRUE,TRUE,2.60714285714286,3,3.14285714285714,2.85714285714286,1.42857142857143,2,0,,1,1,-6,-6,3,2,2,,0,1,-4,-8,2,1,0,,0,1,8,-9,2,1,0,,1,1,-8,-8,3,0,0,,0,0,9,9,3,2,1,1,0,1,8,-7,2,2,1,1,0,1,7,-6,2,1,0,1,0,1,8,-6,2,2,1,2,0,0,8,8,3,1,0,1,1,1,-7,-7,3
13,181,20,3,2,2,,,2,"Version 2.0",TRUE,TRUE,TRUE,2.64285714285714,3.14285714285714,2.71428571428571,2.28571428571429,2.42857142857143,1,2,1,1,0,-1,-3,2,2,1,1,0,1,-3,-1,1,1,2,1,0,0,6,6,3,0,2,1,1,1,-3,-3,3,0,2,2,1,0,-4,-6,2,1,1,,0,0,4,4,3,0,1,,1,1,-9,-9,3,1,0,,0,1,2,-5,2,1,0,,0,1,2,-5,2,2,2,,1,0,-5,2,1
13,182,19,3,2,1,,,2,"Version 2.0",TRUE,TRUE,TRUE,1.60714285714286,1.28571428571429,1.85714285714286,2.42857142857143,0.857142857142857,0,0,2,1,1,-3,-3,3,2,2,2,0,0,9,9,3,1,0,2,1,1,-7,-4,1,1,1,1,0,0,9,9,3,2,1,2,0,1,9,-9,2,1,2,,0,0,9,9,3,1,2,,0,0,9,9,3,2,0,,1,0,-9,9,1,1,1,,1,1,-4,-4,3,0,1,,0,1,9,-9,2
13,183,18,4,2,1,,,2,"Version 2.0",TRUE,TRUE,TRUE,2.21428571428571,3,2.85714285714286,2.14285714285714,0.857142857142857,0,2,1,1,0,0,3,1,0,2,1,0,0,5,5,3,2,1,2,0,0,5,5,3,0,0,1,0,0,5,5,3,1,0,1,1,1,3,3,3,2,2,,1,0,0,0,3,0,2,,0,1,4,-2,2,0,2,,0,1,4,-2,2,1,1,,0,0,5,5,3,1,1,,0,0,5,5,3
13,184,18,2,2,2,,,1,"Version 2.0",TRUE,TRUE,TRUE,2.46428571428571,1.14285714285714,3.28571428571429,3.85714285714286,1.57142857142857,0,0,,1,1,0,0,3,2,0,,1,1,0,0,3,1,0,,0,0,9,9,3,1,1,,0,0,9,9,3,0,2,,0,0,9,9,3,1,1,2,0,0,9,9,3,0,1,1,1,1,0,0,3,2,0,2,0,0,9,9,3,2,1,2,1,1,0,0,3,2,2,1,1,0,-4,9,1
13,185,20,2,2,2,,,1,"Version 2.0",TRUE,TRUE,TRUE,1.60714285714286,1.42857142857143,1.71428571428571,2.71428571428571,0.571428571428571,0,2,,1,1,-1,-1,3,0,2,,1,1,-1,-1,3,0,2,,0,1,5,-4,2,2,0,,1,1,-2,-2,3,1,0,,0,0,7,7,3,2,0,1,1,1,-3,-3,3,1,2,2,1,0,-5,5,1,0,0,1,0,1,4,-2,2,0,0,1,0,0,7,7,3,0,1,1,1,0,-3,3,1
13,186,18,2,2,2,,,1,"Version 2.0",TRUE,TRUE,TRUE,3.17857142857143,2.85714285714286,3.85714285714286,3.42857142857143,2.57142857142857,1,0,,0,0,9,9,3,0,1,,0,0,9,9,3,2,0,,0,0,5,5,3,0,0,,0,1,8,-7,2,0,1,,1,1,-7,-7,3,0,0,2,1,0,-5,5,1,2,2,1,1,1,-6,-6,3,1,2,1,1,0,-7,7,1,1,0,1,1,0,-7,7,1,2,2,1,0,0,8,8,3
13,187,18,2,2,2,,,2,"Version 2.0",TRUE,TRUE,TRUE,2.96428571428571,3.28571428571429,3.57142857142857,2.14285714285714,2.85714285714286,0,0,1,0,0,9,9,3,2,1,2,1,1,-5,-6,2,0,1,1,0,0,9,9,3,0,2,2,0,1,9,-5,2,0,1,2,1,1,-5,-6,2,2,1,,1,0,-5,9,1,2,2,,1,0,-5,9,1,2,1,,0,0,9,9,3,0,0,,0,0,8,8,3,0,2,,0,0,9,9,3
13,188,18,2,1,1,,,2,"Version 2.0",TRUE,TRUE,TRUE,2.07142857142857,1.71428571428571,2.28571428571429,2.42857142857143,1.85714285714286,0,1,2,1,1,-3,-3,3,2,1,1,1,0,-3,3,1,0,0,2,0,0,3,0,2,0,1,2,1,1,-3,-3,3,0,1,1,1,0,-3,3,1,2,0,,1,1,-3,-3,3,1,1,,1,1,-3,-3,3,2,2,,0,0,0,2,1,2,1,,0,1,3,-3,2,1,2,,0,1,3,-2,2
13,189,18,3,1,1,,,1,"Version 2.0",TRUE,TRUE,TRUE,3.28571428571429,3.85714285714286,3.57142857142857,2.85714285714286,2.85714285714286,0,1,,0,1,9,-1,2,0,0,,1,1,-1,-1,3,2,2,,0,0,8,8,3,0,1,,0,0,9,9,3,2,0,,1,0,-1,8,1,0,2,1,0,1,9,-1,2,2,1,2,1,1,-1,-1,3,2,1,1,1,1,-1,-1,3,2,1,2,1,1,-1,-1,3,1,1,2,1,1,-1,-1,3
13,190,18,2,2,1,,,1,"Version 2.0",TRUE,TRUE,TRUE,2.07142857142857,1,2.42857142857143,2.42857142857143,2.42857142857143,0,2,,1,1,5,5,3,1,0,,0,0,-4,-4,3,0,0,,0,0,-5,-5,3,2,2,,1,0,-2,4,1,0,0,,0,1,4,-2,2,1,0,2,1,0,-2,2,1,1,1,1,0,1,3,-3,2,2,1,2,1,0,-3,3,1,2,1,1,0,0,4,4,3,1,1,1,1,0,-3,3,1
13,191,18,3,2,1,,,1,"Version 2.0",TRUE,TRUE,TRUE,3.10714285714286,2.57142857142857,3.57142857142857,3.85714285714286,2.42857142857143,0,0,,0,1,9,-9,2,1,0,,1,0,-9,9,1,2,1,,1,0,-9,9,1,2,0,,1,1,-9,-9,3,2,1,,1,0,-9,9,1,0,1,1,0,1,9,-9,2,1,0,2,0,0,9,9,3,1,2,1,1,1,-9,-9,3,1,1,2,1,0,-9,9,1,0,2,2,1,0,-9,9,1
13,192,22,1,1,1,,,1,"Version 2.0",TRUE,TRUE,TRUE,2.10714285714286,1.14285714285714,3.28571428571429,3,1,0,0,,1,1,-1,-1,3,2,2,,0,1,-3,-3,3,0,0,,1,0,-3,-3,3,2,1,,1,1,-2,-2,3,0,0,,1,0,-3,0,1,1,0,1,1,1,-3,-3,3,1,1,2,0,1,1,-3,2,2,2,1,0,0,5,5,3,0,2,1,1,1,-4,-4,3,2,1,1,0,1,3,-3,2
13,193,19,3,1,1,,,2,"Version 2.0",TRUE,TRUE,TRUE,2.35714285714286,2.14285714285714,2.85714285714286,2,2.42857142857143,2,0,1,0,1,-2,-8,2,0,1,2,0,1,-3,-8,2,0,2,1,1,0,-8,-8,3,1,1,1,0,1,-8,-8,3,2,2,2,0,0,9,9,3,2,0,,0,1,-1,-8,2,0,2,,0,1,0,-8,2,2,1,,0,0,7,7,3,1,0,,1,1,-8,-8,3,2,1,,0,1,-3,-9,2
13,194,20,1,2,1,,,1,"Version 2.0",TRUE,TRUE,TRUE,1.82142857142857,1,2.57142857142857,2.42857142857143,1.28571428571429,2,1,,1,0,-9,9,1,1,0,,1,0,0,0,3,1,0,,1,1,-9,-9,3,2,0,,0,1,9,-9,2,2,2,,0,1,9,-9,2,2,0,2,0,1,9,-9,2,2,1,2,0,0,9,9,3,1,1,2,1,0,9,-9,2,2,0,1,0,1,9,-9,2,2,0,1,0,1,9,-9,2
13,195,22,2,2,1,,,2,"Version 2.0",TRUE,TRUE,TRUE,1.92857142857143,1.28571428571429,2.85714285714286,2,1.57142857142857,1,2,1,0,1,9,-9,2,1,1,2,1,1,-1,-1,3,0,1,2,0,1,2,-2,2,1,2,1,0,0,4,4,3,1,1,2,1,0,-3,3,1,0,1,,0,1,2,-2,2,1,1,,0,1,2,-2,2,0,2,,0,1,2,-2,2,2,2,,1,0,-3,2,1,1,2,,1,1,-2,-2,3
13,196,21,4,1,1,,,1,"Version 2.0",TRUE,TRUE,TRUE,2.57142857142857,2.14285714285714,3.85714285714286,3.85714285714286,0.428571428571428,0,2,,0,1,9,0,2,0,2,,0,1,9,0,2,1,0,,0,1,9,0,2,2,0,,1,1,0,0,3,0,1,,0,0,9,9,3,2,2,2,0,0,9,9,3,2,0,2,1,0,0,9,1,2,0,2,0,0,9,9,3,0,0,2,0,1,9,0,2,1,1,1,0,0,9,9,3
13,197,23,3,2,2,,,2,"Version 2.0",TRUE,TRUE,TRUE,2.28571428571429,2.42857142857143,2.57142857142857,3.28571428571429,0.857142857142857,0,1,1,0,1,-1,6,1,1,2,1,0,1,6,-5,2,2,0,2,0,0,9,9,3,2,2,2,0,0,9,9,3,1,1,2,0,0,9,9,3,1,2,,0,0,9,9,3,2,1,,0,0,9,9,3,1,0,,0,1,9,-5,2,0,2,,1,0,-3,9,1,1,2,,0,1,9,-9,2
13,198,20,4,2,1,,,2,"Version 2.0",TRUE,TRUE,TRUE,1.67857142857143,1.42857142857143,2.28571428571429,2.14285714285714,0.857142857142857,1,2,2,1,0,-2,7,1,2,1,2,0,0,7,7,3,0,0,2,1,0,-4,5,1,2,0,2,0,1,7,-3,2,1,0,1,1,0,-7,8,1,2,0,,1,1,-6,-6,3,0,2,,0,0,7,7,3,2,1,,0,0,9,9,3,2,2,,1,0,-5,9,1,1,2,,1,0,-5,8,1
14,199,19,3,2,2,,,1,"Version 2.0",TRUE,TRUE,TRUE,1.57142857142857,1.57142857142857,1.28571428571429,2.28571428571429,1.14285714285714,2,1,,1,0,-9,9,1,1,1,,0,0,9,9,3,1,2,,0,0,9,9,3,0,2,,1,1,9,9,3,0,2,,1,1,-9,-9,3,1,2,1,0,1,9,9,3,2,0,1,1,0,9,9,3,1,0,1,0,0,9,9,3,2,0,1,1,1,9,9,3,0,1,2,0,1,9,9,3
14,200,18,3,2,2,,,1,"Version 2.0",TRUE,TRUE,TRUE,2.28571428571429,2.57142857142857,2.42857142857143,3,1.14285714285714,2,1,,1,0,-9,9,1,2,0,,1,0,-9,9,1,0,2,,1,0,-9,9,1,0,0,,0,1,9,-9,2,1,0,,1,0,-9,9,1,0,0,2,0,0,9,9,3,1,2,1,0,0,9,9,3,1,1,2,1,0,-9,9,1,2,2,2,1,0,-9,9,1,0,1,1,0,0,9,9,3
14,201,18,3,2,2,,,2,"Version 2.0",TRUE,TRUE,TRUE,2.07142857142857,1.14285714285714,2.57142857142857,3.14285714285714,1.42857142857143,2,0,2,1,0,4,4,3,2,1,1,1,1,-4,-4,3,2,0,2,1,0,-7,5,1,2,0,1,1,1,-7,-7,3,1,1,2,1,0,-9,-9,3,0,2,,1,1,-8,-8,3,2,1,,0,0,9,9,3,2,2,,1,1,-6,-6,3,0,2,,1,0,-9,6,1,2,0,,0,1,8,-8,2
14,202,18,1,2,1,,,1,"Version 2.0",TRUE,TRUE,TRUE,1.96428571428572,1.85714285714286,2.85714285714286,1.85714285714286,1.28571428571429,1,1,,0,0,0,9,1,2,1,,1,0,-5,5,1,1,2,,0,1,5,-5,2,0,1,,0,1,5,-5,2,2,0,,0,0,5,5,3,1,2,1,1,1,-9,-5,1,2,0,1,1,1,-8,-4,1,0,2,1,0,0,5,9,1,2,0,1,0,0,8,5,2,2,0,1,0,1,8,-4,2
14,203,24,2,1,2,,,2,"Version 2.0",TRUE,TRUE,TRUE,2.25,2.28571428571429,2.57142857142857,2.85714285714286,1.28571428571429,1,0,2,0,0,9,9,3,0,2,1,0,1,9,-6,2,1,1,2,1,1,-7,-7,3,2,0,2,0,0,9,9,3,1,2,1,1,1,-7,-7,3,0,0,,0,0,9,9,3,1,1,,1,0,-9,9,1,2,0,,1,0,-9,9,1,1,1,,0,1,9,-9,2,2,1,,1,1,-9,-9,3
14,204,23,3,1,2,,,1,"Version 2.0",TRUE,TRUE,TRUE,2.42857142857143,2.14285714285714,2.85714285714286,2.85714285714286,1.85714285714286,2,0,,0,0,9,9,3,2,0,,0,1,9,6,2,0,1,,0,0,9,9,3,1,2,,0,1,9,4,2,2,1,,0,0,9,9,3,1,0,1,1,0,1,9,1,1,2,2,1,0,1,9,1,0,1,2,0,1,9,1,2,0,1,1,1,0,1,9,1,1,1,2,1,0,1,9,1
14,205,23,1,1,2,,,1,"Version 2.0",TRUE,TRUE,TRUE,2.39285714285715,2,3.28571428571429,2.42857142857143,1.85714285714286,0,1,,0,0,9,9,3,1,2,,1,1,-3,-3,3,2,2,,1,1,-3,-3,3,1,2,,0,1,9,-3,2,2,2,,0,0,9,9,3,0,0,1,0,1,9,-3,2,2,2,1,1,1,-3,-3,3,1,0,2,0,1,9,-3,2,2,1,2,1,1,-3,-3,3,1,0,1,1,1,-3,-3,3
14,206,21,2,2,1,,,2,"Version 2.0",TRUE,TRUE,TRUE,1.92857142857143,1,3.14285714285714,2,1.57142857142857,2,0,2,0,1,9,-8,2,2,0,1,1,0,-9,9,1,1,1,1,0,0,9,9,3,1,0,2,1,1,-9,-9,3,2,1,1,0,0,9,9,3,1,1,,1,0,-9,9,1,1,0,,0,0,9,9,3,0,2,,1,1,-9,-9,3,2,0,,1,1,-9,-9,3,1,1,,1,1,-9,-9,3
14,207,22,1,2,2,,,2,"Version 2.0",TRUE,TRUE,TRUE,1.92857142857143,1.71428571428571,1.42857142857143,2.71428571428571,1.85714285714286,0,1,1,0,0,3,5,1,1,2,1,1,1,7,7,3,2,1,2,0,1,2,-3,2,0,0,1,0,0,8,8,3,2,1,1,0,1,-2,2,1,0,0,,1,1,-4,3,1,1,1,,1,1,2,3,1,2,2,,1,0,-7,-7,3,0,1,,0,0,-7,-7,3,0,2,,0,1,5,-5,2
14,208,18,3,2,1,,,1,"Version 2.0",TRUE,TRUE,TRUE,2.32142857142857,3,2.28571428571429,2,2,0,0,,0,0,9,9,3,0,2,,0,0,9,9,3,1,2,,1,0,-9,9,1,1,1,,0,0,9,9,3,2,0,,1,1,-9,-9,3,2,0,2,1,0,-9,2,1,1,1,1,0,0,9,9,3,0,2,1,1,1,-9,-9,3,1,1,1,0,0,9,9,3,2,1,2,0,0,9,9,3
14,209,19,1,2,1,,,2,"Version 2.0",TRUE,TRUE,TRUE,2.67857142857143,2.28571428571429,3.14285714285714,3.14285714285714,2.14285714285714,0,1,2,1,0,-3,0,1,2,2,1,1,0,-3,1,1,2,2,2,1,0,-1,1,1,1,2,1,1,0,-1,1,1,2,0,1,1,1,-4,-4,3,0,1,,1,1,-2,-2,3,1,0,,1,1,-2,-2,3,1,0,,1,0,-2,4,1,2,2,,1,1,-3,-3,3,1,0,,1,0,-2,2,1
14,210,18,3,1,2,,,2,"Version 2.0",TRUE,TRUE,TRUE,2.71428571428571,3.28571428571429,3,1.85714285714286,2.71428571428571,1,0,1,1,1,-5,-5,3,1,1,2,0,1,9,-9,2,2,1,1,0,0,9,9,3,0,1,2,1,0,-5,9,1,1,2,2,1,0,-9,9,1,1,2,,0,0,9,9,3,2,0,,1,1,-9,9,1,0,1,,1,0,-5,9,1,1,1,,1,1,-9,-9,3,0,1,,1,0,-5,9,1
14,211,18,3,2,1,,,1,"Version 2.0",TRUE,TRUE,TRUE,2.46428571428571,3.57142857142857,3.14285714285714,1.85714285714286,1.28571428571429,1,0,,1,1,0,0,3,1,0,,0,0,8,8,3,0,1,,0,0,9,9,3,0,0,,1,0,-2,-2,3,0,0,,1,0,-8,8,1,2,1,2,0,0,9,9,3,2,1,1,1,1,-4,-7,2,1,2,2,1,0,-9,0,1,0,0,2,1,0,-2,0,1,0,1,2,1,1,-3,-6,2
14,212,18,3,1,1,,,2,"Version 2.0",TRUE,TRUE,TRUE,2.03571428571429,2.14285714285714,1.85714285714286,2,2.14285714285714,0,2,1,1,0,-9,9,1,0,1,1,1,1,-9,-9,3,0,2,1,1,0,-9,9,1,2,2,2,1,0,-9,9,1,2,2,2,1,0,-9,9,1,1,2,,1,0,-9,9,1,2,2,,0,0,9,9,3,2,0,,1,0,-9,9,1,1,2,,0,0,9,9,3,0,0,,0,0,9,9,3
15,213,27,3,2,2,,,2,"Version 2.0",TRUE,TRUE,TRUE,1.78571428571429,1.42857142857143,1.85714285714286,2.28571428571429,1.57142857142857,1,1,1,0,1,0,0,3,2,1,1,1,1,0,0,3,2,2,2,0,0,9,9,3,1,0,1,0,0,9,9,3,2,0,2,1,0,-9,-9,3,2,1,,1,0,-9,-9,3,2,1,,1,1,-9,-9,3,0,1,,0,1,0,-9,2,1,2,,1,1,-9,-9,3,2,2,,1,0,-9,0,1
15,214,19,4,1,1,,,2,"Version 2.0",TRUE,TRUE,TRUE,1.89285714285715,1.28571428571429,2.28571428571429,2.42857142857143,1.57142857142857,1,1,1,0,0,9,9,3,0,2,1,1,1,-4,-4,3,0,0,1,0,0,9,9,3,1,1,2,1,1,-3,-3,3,2,1,2,0,0,9,9,3,1,0,,0,1,9,-3,2,1,0,,0,0,9,9,3,0,2,,0,0,9,9,3,0,0,,1,1,-2,-2,3,0,0,,0,0,9,9,3
15,215,19,2,2,2,,,1,"Version 2.0",TRUE,TRUE,TRUE,2.82142857142857,2.71428571428571,3.42857142857143,3,2.14285714285714,1,1,,0,1,9,-4,2,1,2,,0,0,9,9,3,0,1,,1,0,-5,4,1,2,0,,1,0,-4,4,1,0,0,,0,0,9,9,3,0,2,1,1,0,-5,5,1,1,1,2,0,0,5,5,3,2,1,1,0,0,4,4,3,2,0,2,0,1,3,-4,2,1,2,2,0,1,3,-4,2
15,216,23,3,2,1,,,2,"Version 2.0",TRUE,TRUE,TRUE,2.42857142857143,2.85714285714286,2.57142857142857,2.57142857142857,1.71428571428571,1,2,2,1,0,-3,3,1,0,0,2,1,0,-3,3,1,0,0,2,0,0,4,4,3,2,1,1,0,1,3,-5,2,2,2,2,1,0,-6,4,1,1,1,,0,0,6,6,3,1,2,,1,1,-5,4,1,0,1,,1,1,7,-7,2,2,1,,1,1,3,-4,2,1,0,,0,1,8,4,2
15,217,21,1,2,1,,,1,"Version 2.0",TRUE,TRUE,TRUE,1.28571428571429,2.28571428571429,1.14285714285714,1.28571428571429,0.428571428571428,1,1,,1,0,4,4,3,1,0,,1,1,-5,-5,3,0,0,,1,0,0,0,3,2,1,,0,0,7,7,3,1,1,,1,0,-3,-3,3,2,0,2,0,1,2,-2,2,0,2,2,0,0,3,3,3,2,2,2,1,1,-3,-3,3,0,1,2,1,1,-3,-3,3,2,0,2,1,1,-4,-4,3
16,218,23,1,1,2,,,1,"Version 2.0",TRUE,TRUE,TRUE,2.57142857142857,2.42857142857143,2.57142857142857,3.57142857142857,1.71428571428571,1,1,,1,1,9,9,3,2,2,,0,0,0,0,3,1,0,,0,0,0,0,3,0,0,,1,0,-2,0,1,2,0,,1,1,0,0,3,2,1,1,0,1,0,0,3,0,2,1,0,1,0,0,3,0,0,1,1,0,-2,-2,3,1,0,2,0,1,-1,-1,3,2,2,2,0,0,0,0,3
16,219,20,2,1,1,,,1,"Version 2.0",TRUE,TRUE,TRUE,2.92857142857143,2.28571428571429,3.85714285714286,4,1.57142857142857,2,0,,0,0,9,9,3,1,1,,0,0,9,9,3,1,1,,1,1,5,5,3,2,1,,0,1,9,2,2,1,1,,0,1,9,2,2,0,2,2,1,0,1,9,1,2,2,1,1,1,2,2,3,2,1,2,1,1,-2,-2,3,0,2,2,1,1,-2,-2,3,1,2,1,1,1,-1,-1,3
16,220,21,2,1,1,,,1,"Version 2.0",TRUE,TRUE,TRUE,2.21428571428571,2.14285714285714,2.14285714285714,3.14285714285714,1.42857142857143,2,0,,0,0,2,2,3,0,0,,1,0,-3,2,1,2,0,,0,0,4,4,3,2,1,,1,0,-5,3,1,0,1,,0,0,5,5,3,1,2,2,1,1,-2,-2,3,0,1,1,1,0,-4,4,1,1,2,1,1,1,-3,-3,3,2,1,2,0,1,4,-3,2,0,2,2,0,1,4,-4,2
16,221,21,3,1,1,,,2,"Version 2.0",TRUE,TRUE,TRUE,2.10714285714286,1.28571428571429,3.14285714285714,3.14285714285714,0.857142857142857,0,2,2,1,0,-3,9,1,2,2,2,1,0,-3,9,1,0,0,2,1,1,-6,-6,3,2,2,2,0,0,9,9,3,1,0,1,0,0,9,9,3,0,2,,1,0,-5,9,1,2,0,,0,1,9,-6,2,0,2,,1,0,-5,9,1,0,0,,0,1,9,-3,2,1,0,,0,0,7,7,3
16,222,19,1,1,2,,,1,"Version 2.0",TRUE,TRUE,TRUE,2.21428571428571,2.14285714285714,2.57142857142857,2.57142857142857,1.57142857142857,0,0,,0,0,7,7,3,1,0,,1,1,2,2,3,1,2,,1,1,3,3,3,0,0,,0,1,5,1,2,1,2,,1,0,-1,3,1,2,1,2,0,1,5,0,2,1,2,2,1,0,-1,4,1,2,1,2,1,0,-2,4,1,1,1,1,0,1,5,-1,2,0,2,2,1,0,-1,4,1
16,223,20,2,1,2,,,2,"Version 2.0",TRUE,TRUE,TRUE,2.21428571428571,1.14285714285714,3.14285714285714,1.71428571428571,2.85714285714286,2,0,2,0,0,7,7,3,2,1,2,0,1,9,-2,2,0,1,2,0,0,8,8,3,1,2,1,1,0,-3,7,1,1,0,2,1,0,-3,8,1,1,2,,1,1,-5,-5,3,0,2,,1,0,-5,7,1,1,0,,1,1,-6,-6,3,0,0,,1,0,-5,-5,3,0,1,,1,0,-6,9,1
16,224,19,2,2,2,,,1,"Version 2.0",TRUE,TRUE,TRUE,2.25,1.57142857142857,2.85714285714286,3.42857142857143,1.14285714285714,1,0,,1,1,-4,-4,3,0,0,,0,0,9,9,3,2,2,,0,0,9,9,3,0,0,,1,0,-7,9,1,0,1,,1,1,8,-6,2,0,1,2,0,0,9,9,3,1,2,1,0,1,9,-7,2,1,0,2,0,0,9,9,3,0,0,1,0,0,9,9,3,1,1,1,1,0,-7,9,1
16,225,23,2,1,2,,,1,"Version 2.0",TRUE,TRUE,TRUE,1.35714285714286,0.571428571428571,1.85714285714286,2,1,0,1,,1,0,-4,8,1,1,2,,1,1,-5,-5,3,2,2,,1,0,-5,5,1,2,1,,0,1,5,-5,2,2,2,,0,1,5,-5,2,1,0,1,1,1,-5,-5,3,2,2,1,0,0,8,8,3,2,1,1,0,0,8,8,3,1,2,1,1,0,-6,6,1,2,2,2,0,1,8,-7,2
16,226,23,3,2,2,,,2,"Version 2.0",TRUE,TRUE,TRUE,1.85714285714285,1.14285714285714,2.71428571428571,2.57142857142857,1,1,0,2,0,1,9,-9,2,0,2,2,1,0,-9,9,1,2,1,2,1,0,-9,9,1,0,1,1,0,1,-9,9,1,1,2,1,1,0,-9,9,1,2,2,,1,0,-9,9,1,2,2,,0,0,9,9,3,0,0,,0,1,9,-9,2,1,2,,1,0,-9,9,1,0,1,,1,1,0,0,3
16,227,22,2,1,2,,,2,"Version 2.0",TRUE,TRUE,TRUE,2.28571428571429,1.42857142857143,3.28571428571429,2.42857142857143,2,0,0,1,1,1,-5,-5,3,0,2,1,1,1,-2,-2,3,2,2,1,0,1,3,-3,2,1,2,1,0,0,7,7,3,1,0,2,0,1,7,-2,2,2,2,,1,0,-7,7,1,0,2,,0,0,8,8,3,2,0,,1,0,-7,7,1,0,2,,1,1,-9,-9,3,1,2,,0,1,8,-9,2
16,228,22,1,1,2,,,1,"Version 2.0",TRUE,TRUE,TRUE,1.92857142857143,1.28571428571429,2.42857142857143,2.71428571428571,1.28571428571429,0,0,,1,1,0,0,3,0,0,,1,0,-1,0,1,0,0,,0,0,0,0,3,2,1,,1,0,1,1,3,0,1,,1,1,-1,-1,3,1,1,2,0,0,4,4,3,2,0,1,1,0,-1,1,1,1,1,1,0,1,0,-2,2,1,0,1,1,1,0,0,3,2,0,2,0,0,5,5,3
16,229,21,3,2,1,,,1,"Version 2.0",TRUE,TRUE,TRUE,1.89285714285715,1,2.85714285714286,2.28571428571429,1.42857142857143,1,0,,0,1,-4,4,1,1,2,,1,1,1,1,3,1,1,,0,1,-9,9,1,2,0,,0,0,9,9,3,0,1,,1,0,-1,-1,3,2,2,1,1,0,4,-5,2,2,2,1,0,0,1,1,3,2,2,2,0,1,-1,3,1,2,0,2,1,0,2,-1,2,1,2,2,1,1,2,2,3
16,230,18,3,1,1,,,2,"Version 2.0",TRUE,TRUE,TRUE,1.35714285714285,0.857142857142857,1.71428571428571,1.71428571428571,1.14285714285714,0,0,2,0,1,0,0,3,1,0,2,0,1,0,0,3,0,2,2,1,1,0,0,3,2,1,1,0,1,0,0,3,2,0,2,0,1,0,0,3,0,0,,0,1,0,-1,2,0,0,,1,0,-1,0,1,0,0,,0,0,0,0,3,0,2,,0,1,0,-1,2,2,2,,1,1,-1,-1,3
16,231,19,1,2,2,,,2,"Version 2.0",TRUE,TRUE,TRUE,1.89285714285714,1.57142857142857,2.28571428571429,2.57142857142857,1.14285714285714,1,2,1,1,1,0,0,3,2,1,2,1,0,2,2,3,2,2,2,1,0,0,0,3,0,2,1,0,1,1,1,3,0,0,2,1,0,0,0,3,2,1,,0,0,1,1,3,2,0,,0,1,0,0,3,1,2,,1,0,1,1,3,0,2,,0,1,0,0,3,2,0,,0,0,1,1,3
16,232,18,2,1,2,,,1,"Version 2.0",TRUE,TRUE,TRUE,2.32142857142857,2.57142857142857,2.85714285714286,3.14285714285714,0.714285714285714,1,0,,1,1,9,9,3,1,0,,0,0,9,9,3,1,1,,1,1,4,4,3,1,0,,1,1,3,3,3,2,0,,1,0,5,9,1,0,0,2,1,0,-2,9,1,2,0,2,0,1,9,2,2,1,0,2,1,0,2,9,1,2,2,1,1,1,5,5,3,0,0,2,0,1,9,3,2
16,233,20,1,1,1,,,1,"Version 2.0",TRUE,TRUE,TRUE,2.17857142857143,2,2.71428571428571,2.71428571428571,1.28571428571429,0,0,,1,0,-9,9,1,2,2,,1,1,-9,-9,3,1,1,,0,1,9,-9,2,2,1,,1,0,-9,9,1,1,0,,1,0,-9,9,1,1,2,2,1,1,-9,-9,3,2,2,1,1,1,-9,-9,3,0,0,1,0,0,9,9,3,2,0,2,1,1,-9,-9,3,0,2,2,1,1,-9,-9,3
16,234,19,1,1,1,,,1,"Version 2.0",TRUE,TRUE,TRUE,2.32142857142857,2.71428571428571,2.71428571428571,1.71428571428571,2.14285714285714,2,1,,1,1,-9,-9,3,0,0,,0,0,9,9,3,2,2,,1,1,-9,-9,3,1,2,,1,0,-9,9,1,1,1,,0,1,9,-9,2,0,1,2,1,1,-9,-9,3,2,1,2,1,1,-9,-9,3,1,1,2,0,0,9,9,3,0,0,1,1,0,-9,9,1,2,2,2,1,0,-9,9,1
16,235,19,4,2,2,,,2,"Version 2.0",TRUE,TRUE,TRUE,2.64285714285714,2.42857142857143,3.85714285714286,3.71428571428571,0.571428571428571,2,2,1,1,1,7,7,3,2,0,1,1,1,7,7,3,0,0,1,0,1,9,7,2,0,0,2,0,0,9,9,3,0,0,1,0,0,9,9,3,2,0,,0,1,9,7,2,0,1,,1,0,7,9,1,2,1,,1,0,7,9,1,0,2,,1,1,7,7,3,2,0,,1,1,7,7,3
16,236,21,1,2,2,,,2,"Version 2.0",TRUE,TRUE,TRUE,2.21428571428572,2.28571428571429,2.42857142857143,2.28571428571429,1.85714285714286,0,2,2,1,1,4,4,3,1,0,1,1,0,6,6,3,1,1,2,0,1,4,4,3,2,2,1,0,0,5,5,3,2,1,2,1,1,5,5,3,0,1,,1,0,5,5,3,0,1,,1,0,5,5,3,0,0,,1,0,4,4,3,2,0,,0,1,4,4,3,1,2,,0,1,5,5,3
16,237,18,5,1,2,,,2,"Version 2.0",TRUE,TRUE,TRUE,2.57142857142857,2,3.57142857142857,3.28571428571429,1.42857142857143,2,0,2,1,1,-1,-1,3,2,1,1,1,1,-1,-1,3,2,2,1,1,1,-1,-1,3,2,1,2,1,1,-1,-1,3,1,0,2,1,1,-1,-1,3,0,1,,0,0,5,5,3,2,2,,1,1,-1,-1,3,2,1,,0,0,5,5,3,2,1,,1,1,-1,-1,3,1,1,,0,0,5,5,3
16,238,19,3,1,1,,,1,"Version 2.0",TRUE,TRUE,TRUE,2.89285714285714,2.71428571428571,3.14285714285714,3.42857142857143,2.28571428571429,1,0,,1,1,-1,2,1,2,2,,1,0,-6,5,1,0,1,,1,0,-3,-2,1,2,0,,0,0,9,9,3,0,0,,1,1,-6,-6,3,1,2,2,0,1,4,-5,2,1,0,2,0,0,8,8,3,2,0,2,1,0,-4,8,1,2,0,2,1,0,-4,7,1,1,1,1,0,1,4,-3,2
16,239,19,2,2,1,,,2,"Version 2.0",TRUE,TRUE,TRUE,2.32142857142857,2.57142857142857,2.85714285714286,2.85714285714286,1,0,2,1,0,1,9,-9,2,1,0,2,0,0,9,9,3,0,2,2,1,0,-9,9,1,0,2,1,0,1,9,-9,2,0,1,2,0,1,9,-9,2,0,2,,1,1,-9,-9,3,2,0,,1,0,-9,9,1,0,0,,0,0,9,9,3,0,2,,1,0,-9,9,1,2,0,,1,1,-9,9,1
16,240,18,2,1,2,,,2,"Version 2.0",TRUE,TRUE,TRUE,2.03571428571429,1.85714285714286,2.28571428571429,1.71428571428571,2.28571428571429,0,0,1,0,1,9,-9,2,1,2,2,0,1,9,-9,2,0,1,1,0,0,9,9,3,2,2,2,1,1,-9,-9,3,1,2,1,1,0,-9,9,1,1,1,,0,0,9,9,3,1,0,,1,0,-9,9,1,1,0,,1,0,-9,9,1,0,1,,0,1,9,-9,2,2,1,,1,1,-9,-9,3
16,241,19,2,1,2,,,1,"Version 2.0",TRUE,TRUE,TRUE,2.32142857142857,1.57142857142857,3.28571428571429,2.28571428571429,2.14285714285714,0,1,,0,0,9,9,3,0,1,,1,0,0,8,1,1,1,,0,0,8,8,3,0,1,,0,0,9,9,3,1,0,,1,0,-4,9,1,1,2,2,0,1,9,-2,2,0,1,2,1,1,-5,-5,3,0,1,1,0,1,9,-2,2,2,2,2,1,1,-4,-4,3,2,1,2,1,1,-5,-5,3
16,242,19,2,2,2,,,2,"Version 2.0",TRUE,TRUE,TRUE,2.17857142857143,1.71428571428571,2.71428571428571,2.14285714285714,2.14285714285714,0,2,2,0,0,8,8,3,0,1,2,0,0,8,8,3,2,0,2,0,1,8,-8,2,1,1,1,1,0,-9,8,1,0,0,2,0,1,9,-8,2,0,1,,1,0,-6,7,1,1,2,,0,0,8,8,3,1,1,,0,0,8,8,3,1,1,,1,0,-7,7,1,1,1,,0,0,8,8,3
16,243,19,1,1,1,,,1,"Version 2.0",TRUE,TRUE,TRUE,3.03571428571429,3.42857142857143,2.85714285714286,2.28571428571429,3.57142857142857,2,1,,1,1,0,0,3,1,2,,0,0,9,9,3,1,1,,1,0,-9,9,1,1,1,,0,1,9,-9,2,2,0,,0,1,9,-9,2,1,0,1,0,0,9,9,3,2,0,1,1,1,-9,-9,3,2,2,1,0,1,9,-9,2,1,1,2,0,1,9,-9,2,0,0,1,1,0,-9,9,1
