"id","stage","negotiator_slot","role","role_observer","age","economic_status","sex","sex_man","participant_faculty","participant_engineering","treatment","attention_pass","analysis_include","iri_total","iri_total_z","iri_fs","iri_ec","iri_pt","iri_pd","faculty_negotiator","faculty_victim","negotiator_alignment","perp_outgroup","perp_control","victim_outgroup","same_group_harm","decision_accept","comparative_judgement","judgement","severity","condemnation"
3,1,2,"victim",0,18,3,1,0,1,0,1,TRUE,TRUE,2.21428571428571,0.0489196240369302,3,1.625,2,2.33333333333333,1,1,"ingroup",0,0,0,1,1,2,-5,14,5
3,2,1,"victim",0,18,3,1,0,1,0,1,TRUE,TRUE,2.21428571428571,0.0489196240369302,3,1.625,2,2.33333333333333,2,1,"outgroup",1,0,0,0,1,3,0,9,0
3,2,2,"victim",0,18,3,1,0,1,0,1,TRUE,TRUE,2.21428571428571,0.0489196240369302,3,1.625,2,2.33333333333333,2,1,"outgroup",1,0,0,0,1,3,0,9,0
3,3,2,"victim",0,18,3,1,0,1,0,1,TRUE,TRUE,2.21428571428571,0.0489196240369302,3,1.625,2,2.33333333333333,3,1,"control",0,1,0,,1,2,-9,18,9
3,4,1,"victim",0,18,3,1,0,1,0,1,TRUE,TRUE,2.21428571428571,0.0489196240369302,3,1.625,2,2.33333333333333,2,1,"outgroup",1,0,0,0,1,1,-9,18,9
3,6,2,"observer",1,18,3,1,0,1,0,1,TRUE,TRUE,2.21428571428571,0.0489196240369302,3,1.625,2,2.33333333333333,2,1,"outgroup",1,0,0,0,1,3,9,0,-9
3,7,2,"observer",1,18,3,1,0,1,0,1,TRUE,TRUE,2.21428571428571,0.0489196240369302,3,1.625,2,2.33333333333333,3,2,"control",0,1,1,,1,3,9,0,-9
3,9,2,"observer",1,18,3,1,0,1,0,1,TRUE,TRUE,2.21428571428571,0.0489196240369302,3,1.625,2,2.33333333333333,1,2,"ingroup",0,0,1,0,1,2,-9,18,9
3,10,1,"observer",1,18,3,1,0,1,0,1,TRUE,TRUE,2.21428571428571,0.0489196240369302,3,1.625,2,2.33333333333333,2,1,"outgroup",1,0,0,0,1,3,9,0,-9
3,10,2,"observer",1,18,3,1,0,1,0,1,TRUE,TRUE,2.21428571428571,0.0489196240369302,3,1.625,2,2.33333333333333,3,1,"control",0,1,0,,1,3,9,0,-9
4,1,1,"victim",0,45,2,1,0,1,0,1,TRUE,TRUE,2.78571428571429,1.29851563452412,2.42857142857143,3,2.71428571428571,3,2,1,"outgroup",1,0,0,0,1,3,-9,18,9
4,1,2,"victim",0,45,2,1,0,1,0,1,TRUE,TRUE,2.78571428571429,1.29851563452412,2.42857142857143,3,2.71428571428571,3,3,1,"control",0,1,0,,1,3,-9,18,9
4,5,2,"victim",0,45,2,1,0,1,0,1,TRUE,TRUE,2.78571428571429,1.29851563452412,2.42857142857143,3,2.71428571428571,3,2,1,"outgroup",1,0,0,0,1,2,-9,18,9
4,9,2,"observer",1,45,2,1,0,1,0,1,TRUE,TRUE,2.78571428571429,1.29851563452412,2.42857142857143,3,2.71428571428571,3,2,1,"outgroup",1,0,0,0,1,2,-9,18,9
4,10,1,"observer",1,45,2,1,0,1,0,1,TRUE,TRUE,2.78571428571429,1.29851563452412,2.42857142857143,3,2.71428571428571,3,1,2,"ingroup",0,0,1,0,1,1,-9,18,9
5,1,2,"observer",1,28,3,2,1,1,0,2,TRUE,TRUE,2.46428571428571,0.595617878625076,2.14285714285714,2.875,2.28571428571429,2.5,2,2,"outgroup",1,0,1,1,1,3,-1,10,1
5,2,1,"observer",1,28,3,2,1,1,0,2,TRUE,TRUE,2.46428571428571,0.595617878625076,2.14285714285714,2.875,2.28571428571429,2.5,3,2,"control",0,1,1,,1,1,-2,11,2
5,5,2,"observer",1,28,3,2,1,1,0,2,TRUE,TRUE,2.46428571428571,0.595617878625076,2.14285714285714,2.875,2.28571428571429,2.5,3,1,"control",0,1,0,,1,3,-4,13,4
5,6,1,"victim",0,28,3,2,1,1,0,2,TRUE,TRUE,2.46428571428571,0.595617878625076,2.14285714285714,2.875,2.28571428571429,2.5,3,1,"control",0,1,0,,1,1,-3,12,3
5,8,1,"victim",0,28,3,2,1,1,0,2,TRUE,TRUE,2.46428571428571,0.595617878625076,2.14285714285714,2.875,2.28571428571429,2.5,2,1,"outgroup",1,0,0,0,1,3,-2,11,2
5,8,2,"victim",0,28,3,2,1,1,0,2,TRUE,TRUE,2.46428571428571,0.595617878625076,2.14285714285714,2.875,2.28571428571429,2.5,1,1,"ingroup",0,0,0,1,1,3,-2,11,2
5,9,1,"victim",0,28,3,2,1,1,0,2,TRUE,TRUE,2.46428571428571,0.595617878625076,2.14285714285714,2.875,2.28571428571429,2.5,2,1,"outgroup",1,0,0,0,1,1,-5,14,5
5,10,2,"victim",0,28,3,2,1,1,0,2,TRUE,TRUE,2.46428571428571,0.595617878625076,2.14285714285714,2.875,2.28571428571429,2.5,1,1,"ingroup",0,0,0,1,1,2,-3,12,3
6,1,2,"observer",1,19,3,1,0,1,0,2,TRUE,TRUE,2.53571428571429,0.751817379935974,2.85714285714286,2.625,2.28571428571429,2.33333333333333,2,2,"outgroup",1,0,1,1,1,3,-5,14,5
6,2,1,"observer",1,19,3,1,0,1,0,2,TRUE,TRUE,2.53571428571429,0.751817379935974,2.85714285714286,2.625,2.28571428571429,2.33333333333333,2,1,"outgroup",1,0,0,0,1,3,5,4,-5
6,2,2,"observer",1,19,3,1,0,1,0,2,TRUE,TRUE,2.53571428571429,0.751817379935974,2.85714285714286,2.625,2.28571428571429,2.33333333333333,3,1,"control",0,1,0,,1,3,5,4,-5
6,4,2,"observer",1,19,3,1,0,1,0,2,TRUE,TRUE,2.53571428571429,0.751817379935974,2.85714285714286,2.625,2.28571428571429,2.33333333333333,3,2,"control",0,1,1,,1,1,9,0,-9
6,6,1,"victim",0,19,3,1,0,1,0,2,TRUE,TRUE,2.53571428571429,0.751817379935974,2.85714285714286,2.625,2.28571428571429,2.33333333333333,1,1,"ingroup",0,0,0,1,1,3,-9,18,9
6,6,2,"victim",0,19,3,1,0,1,0,2,TRUE,TRUE,2.53571428571429,0.751817379935974,2.85714285714286,2.625,2.28571428571429,2.33333333333333,3,1,"control",0,1,0,,1,3,-9,18,9
6,7,2,"victim",0,19,3,1,0,1,0,2,TRUE,TRUE,2.53571428571429,0.751817379935974,2.85714285714286,2.625,2.28571428571429,2.33333333333333,2,1,"outgroup",1,0,0,0,1,2,-9,18,9
6,8,2,"victim",0,19,3,1,0,1,0,2,TRUE,TRUE,2.53571428571429,0.751817379935974,2.85714285714286,2.625,2.28571428571429,2.33333333333333,2,1,"outgroup",1,0,0,0,1,2,-9,18,9
6,10,2,"victim",0,19,3,1,0,1,0,2,TRUE,TRUE,2.53571428571429,0.751817379935974,2.85714285714286,2.625,2.28571428571429,2.33333333333333,2,1,"outgroup",1,0,0,0,1,2,-9,18,9
7,2,2,"victim",0,19,3,1,0,1,0,1,TRUE,TRUE,2.89285714285714,1.53281488649047,3,2.25,3.42857142857143,3,3,1,"control",0,1,0,,1,2,-5,14,5
7,4,1,"victim",0,19,3,1,0,1,0,1,TRUE,TRUE,2.89285714285714,1.53281488649047,3,2.25,3.42857142857143,3,3,1,"control",0,1,0,,1,2,9,0,-9
7,5,1,"victim",0,19,3,1,0,1,0,1,TRUE,TRUE,2.89285714285714,1.53281488649047,3,2.25,3.42857142857143,3,3,1,"control",0,1,0,,1,3,-9,18,9
7,5,2,"victim",0,19,3,1,0,1,0,1,TRUE,TRUE,2.89285714285714,1.53281488649047,3,2.25,3.42857142857143,3,1,1,"ingroup",0,0,0,1,1,3,-9,18,9
7,7,1,"observer",1,19,3,1,0,1,0,1,TRUE,TRUE,2.89285714285714,1.53281488649047,3,2.25,3.42857142857143,3,2,2,"outgroup",1,0,1,1,1,2,9,0,-9
7,8,2,"observer",1,19,3,1,0,1,0,1,TRUE,TRUE,2.89285714285714,1.53281488649047,3,2.25,3.42857142857143,3,3,2,"control",0,1,1,,1,2,-9,18,9
7,9,1,"observer",1,19,3,1,0,1,0,1,TRUE,TRUE,2.89285714285714,1.53281488649047,3,2.25,3.42857142857143,3,1,2,"ingroup",0,0,1,0,1,3,9,0,-9
7,10,1,"observer",1,19,3,1,0,1,0,1,TRUE,TRUE,2.89285714285714,1.53281488649047,3,2.25,3.42857142857143,3,3,1,"control",0,1,0,,1,3,9,0,-9
7,10,2,"observer",1,19,3,1,0,1,0,1,TRUE,TRUE,2.89285714285714,1.53281488649047,3,2.25,3.42857142857143,3,2,1,"outgroup",1,0,0,0,1,3,9,0,-9
8,3,1,"victim",0,19,1,2,1,1,0,1,TRUE,TRUE,1.75,-0.966377134483912,1.42857142857143,1.875,2.42857142857143,1.16666666666667,2,1,"outgroup",1,0,0,0,1,2,4,5,-4
8,4,1,"victim",0,19,1,2,1,1,0,1,TRUE,TRUE,1.75,-0.966377134483912,1.42857142857143,1.875,2.42857142857143,1.16666666666667,2,1,"outgroup",1,0,0,0,1,3,5,4,-5
8,4,2,"victim",0,19,1,2,1,1,0,1,TRUE,TRUE,1.75,-0.966377134483912,1.42857142857143,1.875,2.42857142857143,1.16666666666667,2,1,"outgroup",1,0,0,0,1,3,5,4,-5
8,5,1,"victim",0,19,1,2,1,1,0,1,TRUE,TRUE,1.75,-0.966377134483912,1.42857142857143,1.875,2.42857142857143,1.16666666666667,2,1,"outgroup",1,0,0,0,1,2,4,5,-4
8,6,2,"observer",1,19,1,2,1,1,0,1,TRUE,TRUE,1.75,-0.966377134483912,1.42857142857143,1.875,2.42857142857143,1.16666666666667,2,1,"outgroup",1,0,0,0,1,2,1,8,-1
8,7,1,"observer",1,19,1,2,1,1,0,1,TRUE,TRUE,1.75,-0.966377134483912,1.42857142857143,1.875,2.42857142857143,1.16666666666667,2,1,"outgroup",1,0,0,0,1,1,1,8,-1
8,9,1,"observer",1,19,1,2,1,1,0,1,TRUE,TRUE,1.75,-0.966377134483912,1.42857142857143,1.875,2.42857142857143,1.16666666666667,3,2,"control",0,1,1,,1,3,4,5,-4
8,9,2,"observer",1,19,1,2,1,1,0,1,TRUE,TRUE,1.75,-0.966377134483912,1.42857142857143,1.875,2.42857142857143,1.16666666666667,1,2,"ingroup",0,0,1,0,1,3,4,5,-4
8,10,1,"observer",1,19,1,2,1,1,0,1,TRUE,TRUE,1.75,-0.966377134483912,1.42857142857143,1.875,2.42857142857143,1.16666666666667,1,2,"ingroup",0,0,1,0,1,3,1,8,-1
8,10,2,"observer",1,19,1,2,1,1,0,1,TRUE,TRUE,1.75,-0.966377134483912,1.42857142857143,1.875,2.42857142857143,1.16666666666667,3,2,"control",0,1,1,,1,3,1,8,-1
10,1,1,"observer",1,21,3,1,0,1,0,2,TRUE,TRUE,2.67857142857143,1.06421638255777,2.57142857142857,2.375,3.57142857142857,2.16666666666667,2,2,"outgroup",1,0,1,1,1,3,-9,18,9
10,1,2,"observer",1,21,3,1,0,1,0,2,TRUE,TRUE,2.67857142857143,1.06421638255777,2.57142857142857,2.375,3.57142857142857,2.16666666666667,1,2,"ingroup",0,0,1,0,1,3,-9,18,9
10,2,1,"observer",1,21,3,1,0,1,0,2,TRUE,TRUE,2.67857142857143,1.06421638255777,2.57142857142857,2.375,3.57142857142857,2.16666666666667,1,2,"ingroup",0,0,1,0,1,3,-9,18,9
10,2,2,"observer",1,21,3,1,0,1,0,2,TRUE,TRUE,2.67857142857143,1.06421638255777,2.57142857142857,2.375,3.57142857142857,2.16666666666667,2,2,"outgroup",1,0,1,1,1,3,-9,18,9
10,3,1,"observer",1,21,3,1,0,1,0,2,TRUE,TRUE,2.67857142857143,1.06421638255777,2.57142857142857,2.375,3.57142857142857,2.16666666666667,2,2,"outgroup",1,0,1,1,1,1,-9,18,9
10,5,1,"observer",1,21,3,1,0,1,0,2,TRUE,TRUE,2.67857142857143,1.06421638255777,2.57142857142857,2.375,3.57142857142857,2.16666666666667,3,2,"control",0,1,1,,1,1,-9,18,9
11,1,1,"observer",1,20,3,1,0,1,0,2,TRUE,TRUE,2.85714285714286,1.45471513583502,3,2.625,3.28571428571429,2.5,3,1,"control",0,1,0,,1,3,1,8,-1
11,1,2,"observer",1,20,3,1,0,1,0,2,TRUE,TRUE,2.85714285714286,1.45471513583502,3,2.625,3.28571428571429,2.5,1,1,"ingroup",0,0,0,1,1,3,1,8,-1
11,3,2,"observer",1,20,3,1,0,1,0,2,TRUE,TRUE,2.85714285714286,1.45471513583502,3,2.625,3.28571428571429,2.5,2,2,"outgroup",1,0,1,1,1,2,1,8,-1
11,6,1,"victim",0,20,3,1,0,1,0,2,TRUE,TRUE,2.85714285714286,1.45471513583502,3,2.625,3.28571428571429,2.5,2,1,"outgroup",1,0,0,0,1,3,1,8,-1
11,6,2,"victim",0,20,3,1,0,1,0,2,TRUE,TRUE,2.85714285714286,1.45471513583502,3,2.625,3.28571428571429,2.5,3,1,"control",0,1,0,,1,3,1,8,-1
11,7,2,"victim",0,20,3,1,0,1,0,2,TRUE,TRUE,2.85714285714286,1.45471513583502,3,2.625,3.28571428571429,2.5,3,1,"control",0,1,0,,1,2,1,8,-1
11,8,2,"victim",0,20,3,1,0,1,0,2,TRUE,TRUE,2.85714285714286,1.45471513583502,3,2.625,3.28571428571429,2.5,2,1,"outgroup",1,0,0,0,1,2,1,8,-1
11,10,2,"victim",0,20,3,1,0,1,0,2,TRUE,TRUE,2.85714285714286,1.45471513583502,3,2.625,3.28571428571429,2.5,3,1,"control",0,1,0,,1,2,1,8,-1
12,1,1,"victim",0,18,2,2,1,1,0,1,TRUE,TRUE,1.39285714285714,-1.74737464103841,0.285714285714286,2,2.42857142857143,0.666666666666667,3,1,"control",0,1,0,,1,3,0,9,0
12,1,2,"victim",0,18,2,2,1,1,0,1,TRUE,TRUE,1.39285714285714,-1.74737464103841,0.285714285714286,2,2.42857142857143,0.666666666666667,1,1,"ingroup",0,0,0,1,1,3,0,9,0
12,2,1,"victim",0,18,2,2,1,1,0,1,TRUE,TRUE,1.39285714285714,-1.74737464103841,0.285714285714286,2,2.42857142857143,0.666666666666667,2,1,"outgroup",1,0,0,0,1,3,-5,14,5
12,2,2,"victim",0,18,2,2,1,1,0,1,TRUE,TRUE,1.39285714285714,-1.74737464103841,0.285714285714286,2,2.42857142857143,0.666666666666667,3,1,"control",0,1,0,,1,3,-5,14,5
12,3,2,"victim",0,18,2,2,1,1,0,1,TRUE,TRUE,1.39285714285714,-1.74737464103841,0.285714285714286,2,2.42857142857143,0.666666666666667,2,1,"outgroup",1,0,0,0,1,2,-9,18,9
12,4,2,"victim",0,18,2,2,1,1,0,1,TRUE,TRUE,1.39285714285714,-1.74737464103841,0.285714285714286,2,2.42857142857143,0.666666666666667,1,1,"ingroup",0,0,0,1,1,2,-5,14,5
12,5,1,"victim",0,18,2,2,1,1,0,1,TRUE,TRUE,1.39285714285714,-1.74737464103841,0.285714285714286,2,2.42857142857143,0.666666666666667,2,1,"outgroup",1,0,0,0,1,1,-9,18,9
12,6,1,"observer",1,18,2,2,1,1,0,1,TRUE,TRUE,1.39285714285714,-1.74737464103841,0.285714285714286,2,2.42857142857143,0.666666666666667,3,2,"control",0,1,1,,1,3,-9,18,9
12,6,2,"observer",1,18,2,2,1,1,0,1,TRUE,TRUE,1.39285714285714,-1.74737464103841,0.285714285714286,2,2.42857142857143,0.666666666666667,3,2,"control",0,1,1,,1,3,-9,18,9
12,7,2,"observer",1,18,2,2,1,1,0,1,TRUE,TRUE,1.39285714285714,-1.74737464103841,0.285714285714286,2,2.42857142857143,0.666666666666667,2,1,"outgroup",1,0,0,0,1,3,-9,18,9
12,10,2,"observer",1,18,2,2,1,1,0,1,TRUE,TRUE,1.39285714285714,-1.74737464103841,0.285714285714286,2,2.42857142857143,0.666666666666667,3,2,"control",0,1,1,,1,3,-5,14,5
13,1,1,"victim",0,19,4,1,0,1,0,1,TRUE,TRUE,2.35714285714286,0.361318626658728,1.85714285714286,2.625,3,1.83333333333333,1,1,"ingroup",0,0,0,1,1,3,1,8,-1
13,1,2,"victim",0,19,4,1,0,1,0,1,TRUE,TRUE,2.35714285714286,0.361318626658728,1.85714285714286,2.625,3,1.83333333333333,3,1,"control",0,1,0,,1,3,1,8,-1
13,2,1,"victim",0,19,4,1,0,1,0,1,TRUE,TRUE,2.35714285714286,0.361318626658728,1.85714285714286,2.625,3,1.83333333333333,1,1,"ingroup",0,0,0,1,1,1,0,9,0
13,3,2,"victim",0,19,4,1,0,1,0,1,TRUE,TRUE,2.35714285714286,0.361318626658728,1.85714285714286,2.625,3,1.83333333333333,1,1,"ingroup",0,0,0,1,1,2,0,9,0
13,4,1,"victim",0,19,4,1,0,1,0,1,TRUE,TRUE,2.35714285714286,0.361318626658728,1.85714285714286,2.625,3,1.83333333333333,1,1,"ingroup",0,0,0,1,1,1,-1,10,1
13,5,1,"victim",0,19,4,1,0,1,0,1,TRUE,TRUE,2.35714285714286,0.361318626658728,1.85714285714286,2.625,3,1.83333333333333,1,1,"ingroup",0,0,0,1,1,3,-1,10,1
13,5,2,"victim",0,19,4,1,0,1,0,1,TRUE,TRUE,2.35714285714286,0.361318626658728,1.85714285714286,2.625,3,1.83333333333333,1,1,"ingroup",0,0,0,1,1,3,-1,10,1
13,6,1,"observer",1,19,4,1,0,1,0,1,TRUE,TRUE,2.35714285714286,0.361318626658728,1.85714285714286,2.625,3,1.83333333333333,3,1,"control",0,1,0,,1,3,-1,10,1
13,6,2,"observer",1,19,4,1,0,1,0,1,TRUE,TRUE,2.35714285714286,0.361318626658728,1.85714285714286,2.625,3,1.83333333333333,1,1,"ingroup",0,0,0,1,1,3,-1,10,1
13,8,1,"observer",1,19,4,1,0,1,0,1,TRUE,TRUE,2.35714285714286,0.361318626658728,1.85714285714286,2.625,3,1.83333333333333,3,1,"control",0,1,0,,1,1,-1,10,1
13,10,1,"observer",1,19,4,1,0,1,0,1,TRUE,TRUE,2.35714285714286,0.361318626658728,1.85714285714286,2.625,3,1.83333333333333,2,2,"outgroup",1,0,1,1,1,3,-1,10,1
13,10,2,"observer",1,19,4,1,0,1,0,1,TRUE,TRUE,2.35714285714286,0.361318626658728,1.85714285714286,2.625,3,1.83333333333333,2,2,"outgroup",1,0,1,1,1,3,-1,10,1
14,1,1,"observer",1,24,2,1,0,1,0,2,TRUE,TRUE,2.57142857142857,0.829917130591424,2.71428571428571,2.5,2.71428571428571,2.33333333333333,1,1,"ingroup",0,0,0,1,1,1,-1,10,1
14,2,1,"observer",1,24,2,1,0,1,0,2,TRUE,TRUE,2.57142857142857,0.829917130591424,2.71428571428571,2.5,2.71428571428571,2.33333333333333,1,2,"ingroup",0,0,1,0,1,1,-2,11,2
14,4,1,"observer",1,24,2,1,0,1,0,2,TRUE,TRUE,2.57142857142857,0.829917130591424,2.71428571428571,2.5,2.71428571428571,2.33333333333333,3,2,"control",0,1,1,,1,2,3,6,-3
14,5,1,"observer",1,24,2,1,0,1,0,2,TRUE,TRUE,2.57142857142857,0.829917130591424,2.71428571428571,2.5,2.71428571428571,2.33333333333333,3,2,"control",0,1,1,,1,1,-2,11,2
14,7,1,"victim",0,24,2,1,0,1,0,2,TRUE,TRUE,2.57142857142857,0.829917130591424,2.71428571428571,2.5,2.71428571428571,2.33333333333333,2,1,"outgroup",1,0,0,0,1,1,-6,15,6
14,9,1,"victim",0,24,2,1,0,1,0,2,TRUE,TRUE,2.57142857142857,0.829917130591424,2.71428571428571,2.5,2.71428571428571,2.33333333333333,3,1,"control",0,1,0,,1,3,-9,18,9
14,9,2,"victim",0,24,2,1,0,1,0,2,TRUE,TRUE,2.57142857142857,0.829917130591424,2.71428571428571,2.5,2.71428571428571,2.33333333333333,2,1,"outgroup",1,0,0,0,1,3,-9,18,9
14,10,1,"victim",0,24,2,1,0,1,0,2,TRUE,TRUE,2.57142857142857,0.829917130591424,2.71428571428571,2.5,2.71428571428571,2.33333333333333,3,1,"control",0,1,0,,1,3,-3,12,3
14,10,2,"victim",0,24,2,1,0,1,0,2,TRUE,TRUE,2.57142857142857,0.829917130591424,2.71428571428571,2.5,2.71428571428571,2.33333333333333,2,1,"outgroup",1,0,0,0,1,3,-3,12,3
15,1,2,"victim",0,19,3,2,1,2,1,1,TRUE,TRUE,1.75,-0.966377134483912,1.28571428571429,1.875,2,1.83333333333333,2,2,"ingroup",0,0,0,1,1,2,-9,18,9
15,2,2,"victim",0,19,3,2,1,2,1,1,TRUE,TRUE,1.75,-0.966377134483912,1.28571428571429,1.875,2,1.83333333333333,2,2,"ingroup",0,0,0,1,1,2,-9,18,9
15,3,1,"victim",0,19,3,2,1,2,1,1,TRUE,TRUE,1.75,-0.966377134483912,1.28571428571429,1.875,2,1.83333333333333,3,2,"control",0,1,0,,1,1,-9,18,9
15,4,1,"victim",0,19,3,2,1,2,1,1,TRUE,TRUE,1.75,-0.966377134483912,1.28571428571429,1.875,2,1.83333333333333,1,2,"outgroup",1,0,0,0,1,3,-9,18,9
15,4,2,"victim",0,19,3,2,1,2,1,1,TRUE,TRUE,1.75,-0.966377134483912,1.28571428571429,1.875,2,1.83333333333333,2,2,"ingroup",0,0,0,1,1,3,-9,18,9
15,6,1,"observer",1,19,3,2,1,2,1,1,TRUE,TRUE,1.75,-0.966377134483912,1.28571428571429,1.875,2,1.83333333333333,2,2,"ingroup",0,0,0,1,1,1,-9,18,9
15,7,1,"observer",1,19,3,2,1,2,1,1,TRUE,TRUE,1.75,-0.966377134483912,1.28571428571429,1.875,2,1.83333333333333,1,2,"outgroup",1,0,0,0,1,1,-9,18,9
15,8,2,"observer",1,19,3,2,1,2,1,1,TRUE,TRUE,1.75,-0.966377134483912,1.28571428571429,1.875,2,1.83333333333333,3,2,"control",0,1,0,,1,2,-9,18,9
15,9,2,"observer",1,19,3,2,1,2,1,1,TRUE,TRUE,1.75,-0.966377134483912,1.28571428571429,1.875,2,1.83333333333333,3,1,"control",0,1,1,,1,2,-9,18,9
15,10,2,"observer",1,19,3,2,1,2,1,1,TRUE,TRUE,1.75,-0.966377134483912,1.28571428571429,1.875,2,1.83333333333333,3,1,"control",0,1,1,,1,2,-9,18,9
16,2,1,"observer",1,35,3,2,1,1,0,2,TRUE,TRUE,2.42857142857143,0.517518127969626,3,2.375,2.71428571428571,1.5,1,1,"ingroup",0,0,0,1,1,3,9,0,-9
16,3,1,"observer",1,35,3,2,1,1,0,2,TRUE,TRUE,2.42857142857143,0.517518127969626,3,2.375,2.71428571428571,1.5,3,1,"control",0,1,0,,1,3,9,0,-9
16,3,2,"observer",1,35,3,2,1,1,0,2,TRUE,TRUE,2.42857142857143,0.517518127969626,3,2.375,2.71428571428571,1.5,1,1,"ingroup",0,0,0,1,1,3,9,0,-9
16,5,1,"observer",1,35,3,2,1,1,0,2,TRUE,TRUE,2.42857142857143,0.517518127969626,3,2.375,2.71428571428571,1.5,2,1,"outgroup",1,0,0,0,1,3,9,0,-9
16,5,2,"observer",1,35,3,2,1,1,0,2,TRUE,TRUE,2.42857142857143,0.517518127969626,3,2.375,2.71428571428571,1.5,1,1,"ingroup",0,0,0,1,1,3,9,0,-9
16,6,2,"victim",0,35,3,2,1,1,0,2,TRUE,TRUE,2.42857142857143,0.517518127969626,3,2.375,2.71428571428571,1.5,2,1,"outgroup",1,0,0,0,1,2,-9,18,9
16,7,2,"victim",0,35,3,2,1,1,0,2,TRUE,TRUE,2.42857142857143,0.517518127969626,3,2.375,2.71428571428571,1.5,2,1,"outgroup",1,0,0,0,1,2,-9,18,9
16,8,2,"victim",0,35,3,2,1,1,0,2,TRUE,TRUE,2.42857142857143,0.517518127969626,3,2.375,2.71428571428571,1.5,3,1,"control",0,1,0,,1,2,-9,18,9
16,9,1,"victim",0,35,3,2,1,1,0,2,TRUE,TRUE,2.42857142857143,0.517518127969626,3,2.375,2.71428571428571,1.5,1,1,"ingroup",0,0,0,1,1,3,-9,18,9
16,9,2,"victim",0,35,3,2,1,1,0,2,TRUE,TRUE,2.42857142857143,0.517518127969626,3,2.375,2.71428571428571,1.5,3,1,"control",0,1,0,,1,3,-9,18,9
17,1,1,"observer",1,20,1,1,0,1,0,2,TRUE,TRUE,2.96428571428571,1.68901438780137,4,2.75,3.28571428571429,1.66666666666667,3,2,"control",0,1,1,,1,1,-9,18,9
17,3,1,"observer",1,20,1,1,0,1,0,2,TRUE,TRUE,2.96428571428571,1.68901438780137,4,2.75,3.28571428571429,1.66666666666667,3,2,"control",0,1,1,,1,1,-9,18,9
17,4,2,"observer",1,20,1,1,0,1,0,2,TRUE,TRUE,2.96428571428571,1.68901438780137,4,2.75,3.28571428571429,1.66666666666667,1,2,"ingroup",0,0,1,0,1,2,-9,18,9
17,5,2,"observer",1,20,1,1,0,1,0,2,TRUE,TRUE,2.96428571428571,1.68901438780137,4,2.75,3.28571428571429,1.66666666666667,2,2,"outgroup",1,0,1,1,1,2,-9,18,9
17,6,2,"victim",0,20,1,1,0,1,0,2,TRUE,TRUE,2.96428571428571,1.68901438780137,4,2.75,3.28571428571429,1.66666666666667,2,1,"outgroup",1,0,0,0,1,2,-9,18,9
17,7,1,"victim",0,20,1,1,0,1,0,2,TRUE,TRUE,2.96428571428571,1.68901438780137,4,2.75,3.28571428571429,1.66666666666667,2,1,"outgroup",1,0,0,0,1,3,-9,18,9
17,7,2,"victim",0,20,1,1,0,1,0,2,TRUE,TRUE,2.96428571428571,1.68901438780137,4,2.75,3.28571428571429,1.66666666666667,3,1,"control",0,1,0,,1,3,-9,18,9
17,8,2,"victim",0,20,1,1,0,1,0,2,TRUE,TRUE,2.96428571428571,1.68901438780137,4,2.75,3.28571428571429,1.66666666666667,1,1,"ingroup",0,0,0,1,1,2,-9,18,9
17,9,1,"victim",0,20,1,1,0,1,0,2,TRUE,TRUE,2.96428571428571,1.68901438780137,4,2.75,3.28571428571429,1.66666666666667,1,1,"ingroup",0,0,0,1,1,3,-9,18,9
17,9,2,"victim",0,20,1,1,0,1,0,2,TRUE,TRUE,2.96428571428571,1.68901438780137,4,2.75,3.28571428571429,1.66666666666667,3,1,"control",0,1,0,,1,3,-9,18,9
17,10,2,"victim",0,20,1,1,0,1,0,2,TRUE,TRUE,2.96428571428571,1.68901438780137,4,2.75,3.28571428571429,1.66666666666667,3,1,"control",0,1,0,,1,2,-9,18,9
18,1,2,"observer",1,18,2,1,0,1,0,2,TRUE,TRUE,2.42857142857143,0.517518127969626,2.28571428571429,2.75,2.71428571428571,1.83333333333333,3,2,"control",0,1,1,,1,2,-2,11,2
18,2,1,"observer",1,18,2,1,0,1,0,2,TRUE,TRUE,2.42857142857143,0.517518127969626,2.28571428571429,2.75,2.71428571428571,1.83333333333333,2,2,"outgroup",1,0,1,1,1,3,-2,11,2
18,2,2,"observer",1,18,2,1,0,1,0,2,TRUE,TRUE,2.42857142857143,0.517518127969626,2.28571428571429,2.75,2.71428571428571,1.83333333333333,1,2,"ingroup",0,0,1,0,1,3,-2,11,2
18,3,1,"observer",1,18,2,1,0,1,0,2,TRUE,TRUE,2.42857142857143,0.517518127969626,2.28571428571429,2.75,2.71428571428571,1.83333333333333,1,1,"ingroup",0,0,0,1,1,3,-2,11,2
18,3,2,"observer",1,18,2,1,0,1,0,2,TRUE,TRUE,2.42857142857143,0.517518127969626,2.28571428571429,2.75,2.71428571428571,1.83333333333333,3,1,"control",0,1,0,,1,3,-2,11,2
18,4,1,"observer",1,18,2,1,0,1,0,2,TRUE,TRUE,2.42857142857143,0.517518127969626,2.28571428571429,2.75,2.71428571428571,1.83333333333333,3,2,"control",0,1,1,,1,3,-4,13,4
18,4,2,"observer",1,18,2,1,0,1,0,2,TRUE,TRUE,2.42857142857143,0.517518127969626,2.28571428571429,2.75,2.71428571428571,1.83333333333333,1,2,"ingroup",0,0,1,0,1,3,-4,13,4
18,5,1,"observer",1,18,2,1,0,1,0,2,TRUE,TRUE,2.42857142857143,0.517518127969626,2.28571428571429,2.75,2.71428571428571,1.83333333333333,1,1,"ingroup",0,0,0,1,1,1,-6,15,6
18,7,1,"victim",0,18,2,1,0,1,0,2,TRUE,TRUE,2.42857142857143,0.517518127969626,2.28571428571429,2.75,2.71428571428571,1.83333333333333,3,1,"control",0,1,0,,1,3,-7,16,7
18,7,2,"victim",0,18,2,1,0,1,0,2,TRUE,TRUE,2.42857142857143,0.517518127969626,2.28571428571429,2.75,2.71428571428571,1.83333333333333,2,1,"outgroup",1,0,0,0,1,3,-7,16,7
18,8,1,"victim",0,18,2,1,0,1,0,2,TRUE,TRUE,2.42857142857143,0.517518127969626,2.28571428571429,2.75,2.71428571428571,1.83333333333333,1,1,"ingroup",0,0,0,1,1,1,-6,15,6
18,9,2,"victim",0,18,2,1,0,1,0,2,TRUE,TRUE,2.42857142857143,0.517518127969626,2.28571428571429,2.75,2.71428571428571,1.83333333333333,1,1,"ingroup",0,0,0,1,1,2,-6,15,6
19,1,2,"victim",0,19,2,2,1,2,1,1,TRUE,TRUE,2.71428571428571,1.14231613321322,3,2,3.71428571428571,2.16666666666667,1,2,"outgroup",1,0,0,0,1,2,-9,18,9
19,2,2,"victim",0,19,2,2,1,2,1,1,TRUE,TRUE,2.71428571428571,1.14231613321322,3,2,3.71428571428571,2.16666666666667,1,2,"outgroup",1,0,0,0,1,2,-9,18,9
19,3,2,"victim",0,19,2,2,1,2,1,1,TRUE,TRUE,2.71428571428571,1.14231613321322,3,2,3.71428571428571,2.16666666666667,3,2,"control",0,1,0,,1,2,-9,18,9
19,5,1,"victim",0,19,2,2,1,2,1,1,TRUE,TRUE,2.71428571428571,1.14231613321322,3,2,3.71428571428571,2.16666666666667,3,2,"control",0,1,0,,1,1,-9,18,9
19,6,1,"observer",1,19,2,2,1,2,1,1,TRUE,TRUE,2.71428571428571,1.14231613321322,3,2,3.71428571428571,2.16666666666667,3,2,"control",0,1,0,,1,1,-9,18,9
19,7,1,"observer",1,19,2,2,1,2,1,1,TRUE,TRUE,2.71428571428571,1.14231613321322,3,2,3.71428571428571,2.16666666666667,1,2,"outgroup",1,0,0,0,1,3,-9,18,9
19,7,2,"observer",1,19,2,2,1,2,1,1,TRUE,TRUE,2.71428571428571,1.14231613321322,3,2,3.71428571428571,2.16666666666667,2,2,"ingroup",0,0,0,1,1,3,-9,18,9
19,8,1,"observer",1,19,2,2,1,2,1,1,TRUE,TRUE,2.71428571428571,1.14231613321322,3,2,3.71428571428571,2.16666666666667,2,2,"ingroup",0,0,0,1,1,1,-9,18,9
19,10,1,"observer",1,19,2,2,1,2,1,1,TRUE,TRUE,2.71428571428571,1.14231613321322,3,2,3.71428571428571,2.16666666666667,3,1,"control",0,1,1,,1,3,-9,18,9
19,10,2,"observer",1,19,2,2,1,2,1,1,TRUE,TRUE,2.71428571428571,1.14231613321322,3,2,3.71428571428571,2.16666666666667,3,1,"control",0,1,1,,1,3,-9,18,9
20,3,1,"observer",1,19,1,2,1,1,0,2,TRUE,TRUE,1.82142857142857,-0.810177633173014,1.57142857142857,1.25,2.85714285714286,1.66666666666667,3,2,"control",0,1,1,,1,1,-9,18,9
20,4,1,"observer",1,19,1,2,1,1,0,2,TRUE,TRUE,1.82142857142857,-0.810177633173014,1.57142857142857,1.25,2.85714285714286,1.66666666666667,3,1,"control",0,1,0,,1,3,-9,18,9
20,4,2,"observer",1,19,1,2,1,1,0,2,TRUE,TRUE,1.82142857142857,-0.810177633173014,1.57142857142857,1.25,2.85714285714286,1.66666666666667,1,1,"ingroup",0,0,0,1,1,3,-9,18,9
20,5,1,"observer",1,19,1,2,1,1,0,2,TRUE,TRUE,1.82142857142857,-0.810177633173014,1.57142857142857,1.25,2.85714285714286,1.66666666666667,2,2,"outgroup",1,0,1,1,1,3,0,9,0
20,5,2,"observer",1,19,1,2,1,1,0,2,TRUE,TRUE,1.82142857142857,-0.810177633173014,1.57142857142857,1.25,2.85714285714286,1.66666666666667,2,2,"outgroup",1,0,1,1,1,3,0,9,0
20,7,2,"victim",0,19,1,2,1,1,0,2,TRUE,TRUE,1.82142857142857,-0.810177633173014,1.57142857142857,1.25,2.85714285714286,1.66666666666667,1,1,"ingroup",0,0,0,1,1,1,9,0,-9
20,8,2,"victim",0,19,1,2,1,1,0,2,TRUE,TRUE,1.82142857142857,-0.810177633173014,1.57142857142857,1.25,2.85714285714286,1.66666666666667,1,1,"ingroup",0,0,0,1,1,2,-9,18,9
20,9,1,"victim",0,19,1,2,1,1,0,2,TRUE,TRUE,1.82142857142857,-0.810177633173014,1.57142857142857,1.25,2.85714285714286,1.66666666666667,3,1,"control",0,1,0,,1,3,0,9,0
20,9,2,"victim",0,19,1,2,1,1,0,2,TRUE,TRUE,1.82142857142857,-0.810177633173014,1.57142857142857,1.25,2.85714285714286,1.66666666666667,2,1,"outgroup",1,0,0,0,1,3,0,9,0
21,1,1,"victim",0,19,2,2,1,2,1,1,TRUE,TRUE,2,-0.419678879895767,2.14285714285714,2,2.14285714285714,1.66666666666667,2,2,"ingroup",0,0,0,1,1,3,-3,12,3
21,1,2,"victim",0,19,2,2,1,2,1,1,TRUE,TRUE,2,-0.419678879895767,2.14285714285714,2,2.14285714285714,1.66666666666667,2,2,"ingroup",0,0,0,1,1,3,-3,12,3
21,3,2,"victim",0,19,2,2,1,2,1,1,TRUE,TRUE,2,-0.419678879895767,2.14285714285714,2,2.14285714285714,1.66666666666667,3,2,"control",0,1,0,,1,2,-5,14,5
21,4,1,"victim",0,19,2,2,1,2,1,1,TRUE,TRUE,2,-0.419678879895767,2.14285714285714,2,2.14285714285714,1.66666666666667,3,2,"control",0,1,0,,1,1,-5,14,5
21,5,1,"victim",0,19,2,2,1,2,1,1,TRUE,TRUE,2,-0.419678879895767,2.14285714285714,2,2.14285714285714,1.66666666666667,3,2,"control",0,1,0,,1,1,-5,14,5
21,6,1,"observer",1,19,2,2,1,2,1,1,TRUE,TRUE,2,-0.419678879895767,2.14285714285714,2,2.14285714285714,1.66666666666667,3,1,"control",0,1,1,,1,1,-3,12,3
21,7,1,"observer",1,19,2,2,1,2,1,1,TRUE,TRUE,2,-0.419678879895767,2.14285714285714,2,2.14285714285714,1.66666666666667,1,1,"outgroup",1,0,1,1,1,1,-5,14,5
21,8,1,"observer",1,19,2,2,1,2,1,1,TRUE,TRUE,2,-0.419678879895767,2.14285714285714,2,2.14285714285714,1.66666666666667,1,2,"outgroup",1,0,0,0,1,1,-5,14,5
21,8,2,"observer",1,19,2,2,1,2,1,1,TRUE,TRUE,2,-0.419678879895767,2.14285714285714,2,2.14285714285714,1.66666666666667,2,2,"ingroup",0,0,0,1,1,1,-3,12,3
21,10,2,"observer",1,19,2,2,1,2,1,1,TRUE,TRUE,2,-0.419678879895767,2.14285714285714,2,2.14285714285714,1.66666666666667,3,1,"control",0,1,1,,1,2,-5,14,5
22,2,1,"observer",1,18,3,2,1,2,1,2,TRUE,TRUE,2.35714285714286,0.361318626658728,2,2.25,3.28571428571429,1.83333333333333,1,2,"outgroup",1,0,0,0,1,3,-9,18,9
22,2,2,"observer",1,18,3,2,1,2,1,2,TRUE,TRUE,2.35714285714286,0.361318626658728,2,2.25,3.28571428571429,1.83333333333333,2,2,"ingroup",0,0,0,1,1,3,-9,18,9
22,3,1,"observer",1,18,3,2,1,2,1,2,TRUE,TRUE,2.35714285714286,0.361318626658728,2,2.25,3.28571428571429,1.83333333333333,2,2,"ingroup",0,0,0,1,1,1,-9,18,9
22,8,1,"victim",0,18,3,2,1,2,1,2,TRUE,TRUE,2.35714285714286,0.361318626658728,2,2.25,3.28571428571429,1.83333333333333,3,2,"control",0,1,0,,1,3,-9,18,9
22,8,2,"victim",0,18,3,2,1,2,1,2,TRUE,TRUE,2.35714285714286,0.361318626658728,2,2.25,3.28571428571429,1.83333333333333,2,2,"ingroup",0,0,0,1,1,3,-9,18,9
22,9,1,"victim",0,18,3,2,1,2,1,2,TRUE,TRUE,2.35714285714286,0.361318626658728,2,2.25,3.28571428571429,1.83333333333333,3,2,"control",0,1,0,,1,1,-9,18,9
22,10,1,"victim",0,18,3,2,1,2,1,2,TRUE,TRUE,2.35714285714286,0.361318626658728,2,2.25,3.28571428571429,1.83333333333333,3,2,"control",0,1,0,,1,3,-9,18,9
22,10,2,"victim",0,18,3,2,1,2,1,2,TRUE,TRUE,2.35714285714286,0.361318626658728,2,2.25,3.28571428571429,1.83333333333333,2,2,"ingroup",0,0,0,1,1,3,-9,18,9
23,1,1,"observer",1,18,3,1,0,2,1,2,TRUE,TRUE,1.85714285714286,-0.732077882517564,1.85714285714286,1.5,2.28571428571429,1.83333333333333,2,2,"ingroup",0,0,0,1,1,1,3,6,-3
23,3,1,"observer",1,18,3,1,0,2,1,2,TRUE,TRUE,1.85714285714286,-0.732077882517564,1.85714285714286,1.5,2.28571428571429,1.83333333333333,3,1,"control",0,1,1,,1,3,2,7,-2
23,3,2,"observer",1,18,3,1,0,2,1,2,TRUE,TRUE,1.85714285714286,-0.732077882517564,1.85714285714286,1.5,2.28571428571429,1.83333333333333,3,1,"control",0,1,1,,1,3,2,7,-2
23,5,1,"observer",1,18,3,1,0,2,1,2,TRUE,TRUE,1.85714285714286,-0.732077882517564,1.85714285714286,1.5,2.28571428571429,1.83333333333333,2,2,"ingroup",0,0,0,1,1,3,6,3,-6
23,5,2,"observer",1,18,3,1,0,2,1,2,TRUE,TRUE,1.85714285714286,-0.732077882517564,1.85714285714286,1.5,2.28571428571429,1.83333333333333,2,2,"ingroup",0,0,0,1,1,3,6,3,-6
23,6,2,"victim",0,18,3,1,0,2,1,2,TRUE,TRUE,1.85714285714286,-0.732077882517564,1.85714285714286,1.5,2.28571428571429,1.83333333333333,1,2,"outgroup",1,0,0,0,1,1,7,2,-7
23,7,1,"victim",0,18,3,1,0,2,1,2,TRUE,TRUE,1.85714285714286,-0.732077882517564,1.85714285714286,1.5,2.28571428571429,1.83333333333333,2,2,"ingroup",0,0,0,1,1,3,8,1,-8
23,7,2,"victim",0,18,3,1,0,2,1,2,TRUE,TRUE,1.85714285714286,-0.732077882517564,1.85714285714286,1.5,2.28571428571429,1.83333333333333,1,2,"outgroup",1,0,0,0,1,3,8,1,-8
23,9,2,"victim",0,18,3,1,0,2,1,2,TRUE,TRUE,1.85714285714286,-0.732077882517564,1.85714285714286,1.5,2.28571428571429,1.83333333333333,3,2,"control",0,1,0,,1,1,5,4,-5
23,10,1,"victim",0,18,3,1,0,2,1,2,TRUE,TRUE,1.85714285714286,-0.732077882517564,1.85714285714286,1.5,2.28571428571429,1.83333333333333,2,2,"ingroup",0,0,0,1,1,3,8,1,-8
23,10,2,"victim",0,18,3,1,0,2,1,2,TRUE,TRUE,1.85714285714286,-0.732077882517564,1.85714285714286,1.5,2.28571428571429,1.83333333333333,3,2,"control",0,1,0,,1,3,8,1,-8
24,1,1,"observer",1,19,2,2,1,2,1,2,TRUE,TRUE,1.78571428571429,-0.888277383828463,1.71428571428571,2,1.71428571428571,1.66666666666667,1,2,"outgroup",1,0,0,0,1,1,-5,14,5
24,3,1,"observer",1,19,2,2,1,2,1,2,TRUE,TRUE,1.78571428571429,-0.888277383828463,1.71428571428571,2,1.71428571428571,1.66666666666667,3,1,"control",0,1,1,,1,1,-9,18,9
24,4,1,"observer",1,19,2,2,1,2,1,2,TRUE,TRUE,1.78571428571429,-0.888277383828463,1.71428571428571,2,1.71428571428571,1.66666666666667,2,2,"ingroup",0,0,0,1,1,1,-9,18,9
24,7,1,"victim",0,19,2,2,1,2,1,2,TRUE,TRUE,1.78571428571429,-0.888277383828463,1.71428571428571,2,1.71428571428571,1.66666666666667,1,2,"outgroup",1,0,0,0,1,3,-9,18,9
24,7,2,"victim",0,19,2,2,1,2,1,2,TRUE,TRUE,1.78571428571429,-0.888277383828463,1.71428571428571,2,1.71428571428571,1.66666666666667,3,2,"control",0,1,0,,1,3,-9,18,9
24,8,1,"victim",0,19,2,2,1,2,1,2,TRUE,TRUE,1.78571428571429,-0.888277383828463,1.71428571428571,2,1.71428571428571,1.66666666666667,1,2,"outgroup",1,0,0,0,1,1,-9,18,9
24,10,1,"victim",0,19,2,2,1,2,1,2,TRUE,TRUE,1.78571428571429,-0.888277383828463,1.71428571428571,2,1.71428571428571,1.66666666666667,3,2,"control",0,1,0,,1,3,-9,18,9
24,10,2,"victim",0,19,2,2,1,2,1,2,TRUE,TRUE,1.78571428571429,-0.888277383828463,1.71428571428571,2,1.71428571428571,1.66666666666667,2,2,"ingroup",0,0,0,1,1,3,-9,18,9
25,2,2,"victim",0,18,2,1,0,2,1,1,TRUE,TRUE,2.96428571428571,1.68901438780137,2.85714285714286,2.75,3.42857142857143,2.83333333333333,3,2,"control",0,1,0,,1,2,0,9,0
25,3,1,"victim",0,18,2,1,0,2,1,1,TRUE,TRUE,2.96428571428571,1.68901438780137,2.85714285714286,2.75,3.42857142857143,2.83333333333333,2,2,"ingroup",0,0,0,1,1,1,0,9,0
25,5,2,"victim",0,18,2,1,0,2,1,1,TRUE,TRUE,2.96428571428571,1.68901438780137,2.85714285714286,2.75,3.42857142857143,2.83333333333333,1,2,"outgroup",1,0,0,0,1,2,0,9,0
25,6,1,"observer",1,18,2,1,0,2,1,1,TRUE,TRUE,2.96428571428571,1.68901438780137,2.85714285714286,2.75,3.42857142857143,2.83333333333333,3,2,"control",0,1,0,,1,1,0,9,0
25,8,1,"observer",1,18,2,1,0,2,1,1,TRUE,TRUE,2.96428571428571,1.68901438780137,2.85714285714286,2.75,3.42857142857143,2.83333333333333,3,1,"control",0,1,1,,1,3,0,9,0
25,8,2,"observer",1,18,2,1,0,2,1,1,TRUE,TRUE,2.96428571428571,1.68901438780137,2.85714285714286,2.75,3.42857142857143,2.83333333333333,2,1,"ingroup",0,0,1,0,1,3,0,9,0
25,9,2,"observer",1,18,2,1,0,2,1,1,TRUE,TRUE,2.96428571428571,1.68901438780137,2.85714285714286,2.75,3.42857142857143,2.83333333333333,2,1,"ingroup",0,0,1,0,1,2,0,9,0
26,1,2,"observer",1,18,2,1,0,1,0,2,TRUE,TRUE,2.67857142857143,1.06421638255777,2.71428571428571,2.625,3.14285714285714,2.16666666666667,3,1,"control",0,1,0,,1,2,-8,17,8
26,2,2,"observer",1,18,2,1,0,1,0,2,TRUE,TRUE,2.67857142857143,1.06421638255777,2.71428571428571,2.625,3.14285714285714,2.16666666666667,3,2,"control",0,1,1,,1,2,-8,17,8
26,3,1,"observer",1,18,2,1,0,1,0,2,TRUE,TRUE,2.67857142857143,1.06421638255777,2.71428571428571,2.625,3.14285714285714,2.16666666666667,2,2,"outgroup",1,0,1,1,1,3,-5,14,5
26,3,2,"observer",1,18,2,1,0,1,0,2,TRUE,TRUE,2.67857142857143,1.06421638255777,2.71428571428571,2.625,3.14285714285714,2.16666666666667,2,2,"outgroup",1,0,1,1,1,3,-5,14,5
26,4,1,"observer",1,18,2,1,0,1,0,2,TRUE,TRUE,2.67857142857143,1.06421638255777,2.71428571428571,2.625,3.14285714285714,2.16666666666667,2,1,"outgroup",1,0,0,0,1,1,-5,14,5
26,5,2,"observer",1,18,2,1,0,1,0,2,TRUE,TRUE,2.67857142857143,1.06421638255777,2.71428571428571,2.625,3.14285714285714,2.16666666666667,3,1,"control",0,1,0,,1,2,-7,16,7
26,6,2,"victim",0,18,2,1,0,1,0,2,TRUE,TRUE,2.67857142857143,1.06421638255777,2.71428571428571,2.625,3.14285714285714,2.16666666666667,1,1,"ingroup",0,0,0,1,1,2,-8,17,8
26,7,1,"victim",0,18,2,1,0,1,0,2,TRUE,TRUE,2.67857142857143,1.06421638255777,2.71428571428571,2.625,3.14285714285714,2.16666666666667,3,1,"control",0,1,0,,1,3,-5,14,5
26,7,2,"victim",0,18,2,1,0,1,0,2,TRUE,TRUE,2.67857142857143,1.06421638255777,2.71428571428571,2.625,3.14285714285714,2.16666666666667,1,1,"ingroup",0,0,0,1,1,3,-5,14,5
26,9,1,"victim",0,18,2,1,0,1,0,2,TRUE,TRUE,2.67857142857143,1.06421638255777,2.71428571428571,2.625,3.14285714285714,2.16666666666667,3,1,"control",0,1,0,,1,3,-9,18,9
26,9,2,"victim",0,18,2,1,0,1,0,2,TRUE,TRUE,2.67857142857143,1.06421638255777,2.71428571428571,2.625,3.14285714285714,2.16666666666667,3,1,"control",0,1,0,,1,3,-9,18,9
26,10,1,"victim",0,18,2,1,0,1,0,2,TRUE,TRUE,2.67857142857143,1.06421638255777,2.71428571428571,2.625,3.14285714285714,2.16666666666667,1,1,"ingroup",0,0,0,1,1,1,-8,17,8
27,2,1,"victim",0,18,3,2,1,2,1,1,TRUE,TRUE,1.96428571428571,-0.497778630551216,3,1.75,2.85714285714286,0,2,2,"ingroup",0,0,0,1,1,1,-9,18,9
27,3,1,"victim",0,18,3,2,1,2,1,1,TRUE,TRUE,1.96428571428571,-0.497778630551216,3,1.75,2.85714285714286,0,1,2,"outgroup",1,0,0,0,1,3,-9,18,9
27,3,2,"victim",0,18,3,2,1,2,1,1,TRUE,TRUE,1.96428571428571,-0.497778630551216,3,1.75,2.85714285714286,0,1,2,"outgroup",1,0,0,0,1,3,-9,18,9
27,4,2,"victim",0,18,3,2,1,2,1,1,TRUE,TRUE,1.96428571428571,-0.497778630551216,3,1.75,2.85714285714286,0,1,2,"outgroup",1,0,0,0,1,2,-9,18,9
27,5,1,"victim",0,18,3,2,1,2,1,1,TRUE,TRUE,1.96428571428571,-0.497778630551216,3,1.75,2.85714285714286,0,3,2,"control",0,1,0,,1,3,-9,18,9
27,5,2,"victim",0,18,3,2,1,2,1,1,TRUE,TRUE,1.96428571428571,-0.497778630551216,3,1.75,2.85714285714286,0,3,2,"control",0,1,0,,1,3,-9,18,9
27,6,1,"observer",1,18,3,2,1,2,1,1,TRUE,TRUE,1.96428571428571,-0.497778630551216,3,1.75,2.85714285714286,0,3,2,"control",0,1,0,,1,3,0,9,0
27,6,2,"observer",1,18,3,2,1,2,1,1,TRUE,TRUE,1.96428571428571,-0.497778630551216,3,1.75,2.85714285714286,0,2,2,"ingroup",0,0,0,1,1,3,0,9,0
27,7,1,"observer",1,18,3,2,1,2,1,1,TRUE,TRUE,1.96428571428571,-0.497778630551216,3,1.75,2.85714285714286,0,1,2,"outgroup",1,0,0,0,1,3,0,9,0
27,8,1,"observer",1,18,3,2,1,2,1,1,TRUE,TRUE,1.96428571428571,-0.497778630551216,3,1.75,2.85714285714286,0,3,1,"control",0,1,1,,1,3,0,9,0
27,8,2,"observer",1,18,3,2,1,2,1,1,TRUE,TRUE,1.96428571428571,-0.497778630551216,3,1.75,2.85714285714286,0,2,1,"ingroup",0,0,1,0,1,3,0,9,0
27,10,1,"observer",1,18,3,2,1,2,1,1,TRUE,TRUE,1.96428571428571,-0.497778630551216,3,1.75,2.85714285714286,0,3,2,"control",0,1,0,,1,3,0,9,0
28,1,2,"victim",0,18,2,1,0,2,1,1,TRUE,TRUE,1.71428571428571,-1.04447688513936,1.28571428571429,1.75,1.57142857142857,2.33333333333333,2,2,"ingroup",0,0,0,1,1,2,-6,15,6
28,2,1,"victim",0,18,2,1,0,2,1,1,TRUE,TRUE,1.71428571428571,-1.04447688513936,1.28571428571429,1.75,1.57142857142857,2.33333333333333,2,2,"ingroup",0,0,0,1,1,3,4,5,-4
28,2,2,"victim",0,18,2,1,0,2,1,1,TRUE,TRUE,1.71428571428571,-1.04447688513936,1.28571428571429,1.75,1.57142857142857,2.33333333333333,1,2,"outgroup",1,0,0,0,1,3,4,5,-4
28,3,2,"victim",0,18,2,1,0,2,1,1,TRUE,TRUE,1.71428571428571,-1.04447688513936,1.28571428571429,1.75,1.57142857142857,2.33333333333333,1,2,"outgroup",1,0,0,0,1,2,-3,12,3
28,4,1,"victim",0,18,2,1,0,2,1,1,TRUE,TRUE,1.71428571428571,-1.04447688513936,1.28571428571429,1.75,1.57142857142857,2.33333333333333,3,2,"control",0,1,0,,1,3,5,4,-5
28,4,2,"victim",0,18,2,1,0,2,1,1,TRUE,TRUE,1.71428571428571,-1.04447688513936,1.28571428571429,1.75,1.57142857142857,2.33333333333333,2,2,"ingroup",0,0,0,1,1,3,5,4,-5
28,5,2,"victim",0,18,2,1,0,2,1,1,TRUE,TRUE,1.71428571428571,-1.04447688513936,1.28571428571429,1.75,1.57142857142857,2.33333333333333,1,2,"outgroup",1,0,0,0,1,2,-3,12,3
28,6,1,"observer",1,18,2,1,0,2,1,1,TRUE,TRUE,1.71428571428571,-1.04447688513936,1.28571428571429,1.75,1.57142857142857,2.33333333333333,1,2,"outgroup",1,0,0,0,1,1,-5,14,5
28,7,2,"observer",1,18,2,1,0,2,1,1,TRUE,TRUE,1.71428571428571,-1.04447688513936,1.28571428571429,1.75,1.57142857142857,2.33333333333333,1,1,"outgroup",1,0,1,1,1,2,-4,13,4
28,8,2,"observer",1,18,2,1,0,2,1,1,TRUE,TRUE,1.71428571428571,-1.04447688513936,1.28571428571429,1.75,1.57142857142857,2.33333333333333,3,1,"control",0,1,1,,1,2,-3,12,3
28,9,1,"observer",1,18,2,1,0,2,1,1,TRUE,TRUE,1.71428571428571,-1.04447688513936,1.28571428571429,1.75,1.57142857142857,2.33333333333333,1,1,"outgroup",1,0,1,1,1,1,-6,15,6
28,10,1,"observer",1,18,2,1,0,2,1,1,TRUE,TRUE,1.71428571428571,-1.04447688513936,1.28571428571429,1.75,1.57142857142857,2.33333333333333,3,2,"control",0,1,0,,1,1,-6,15,6
30,1,2,"observer",1,18,3,1,0,1,0,2,TRUE,TRUE,1.71428571428571,-1.04447688513936,1.57142857142857,1.625,1.71428571428571,2,2,1,"outgroup",1,0,0,0,1,1,5,4,-5
30,2,1,"observer",1,18,3,1,0,1,0,2,TRUE,TRUE,1.71428571428571,-1.04447688513936,1.57142857142857,1.625,1.71428571428571,2,1,1,"ingroup",0,0,0,1,1,3,1,8,-1
30,2,2,"observer",1,18,3,1,0,1,0,2,TRUE,TRUE,1.71428571428571,-1.04447688513936,1.57142857142857,1.625,1.71428571428571,2,3,1,"control",0,1,0,,1,3,1,8,-1
30,3,1,"observer",1,18,3,1,0,1,0,2,TRUE,TRUE,1.71428571428571,-1.04447688513936,1.57142857142857,1.625,1.71428571428571,2,2,1,"outgroup",1,0,0,0,1,1,1,8,-1
30,4,1,"observer",1,18,3,1,0,1,0,2,TRUE,TRUE,1.71428571428571,-1.04447688513936,1.57142857142857,1.625,1.71428571428571,2,2,2,"outgroup",1,0,1,1,1,3,1,8,-1
30,4,2,"observer",1,18,3,1,0,1,0,2,TRUE,TRUE,1.71428571428571,-1.04447688513936,1.57142857142857,1.625,1.71428571428571,2,1,2,"ingroup",0,0,1,0,1,3,1,8,-1
30,7,1,"victim",0,18,3,1,0,1,0,2,TRUE,TRUE,1.71428571428571,-1.04447688513936,1.57142857142857,1.625,1.71428571428571,2,2,1,"outgroup",1,0,0,0,1,3,-1,10,1
30,7,2,"victim",0,18,3,1,0,1,0,2,TRUE,TRUE,1.71428571428571,-1.04447688513936,1.57142857142857,1.625,1.71428571428571,2,3,1,"control",0,1,0,,1,3,-1,10,1
30,8,2,"victim",0,18,3,1,0,1,0,2,TRUE,TRUE,1.71428571428571,-1.04447688513936,1.57142857142857,1.625,1.71428571428571,2,3,1,"control",0,1,0,,1,2,1,8,-1
30,10,1,"victim",0,18,3,1,0,1,0,2,TRUE,TRUE,1.71428571428571,-1.04447688513936,1.57142857142857,1.625,1.71428571428571,2,2,1,"outgroup",1,0,0,0,1,1,1,8,-1
31,1,1,"observer",1,19,2,2,1,2,1,2,TRUE,TRUE,2.32142857142857,0.283218876003279,3.14285714285714,2,2.85714285714286,1.16666666666667,1,1,"outgroup",1,0,1,1,1,1,-9,18,9
31,3,1,"observer",1,19,2,2,1,2,1,2,TRUE,TRUE,2.32142857142857,0.283218876003279,3.14285714285714,2,2.85714285714286,1.16666666666667,3,1,"control",0,1,1,,1,3,-9,18,9
31,3,2,"observer",1,19,2,2,1,2,1,2,TRUE,TRUE,2.32142857142857,0.283218876003279,3.14285714285714,2,2.85714285714286,1.16666666666667,1,1,"outgroup",1,0,1,1,1,3,-9,18,9
31,4,1,"observer",1,19,2,2,1,2,1,2,TRUE,TRUE,2.32142857142857,0.283218876003279,3.14285714285714,2,2.85714285714286,1.16666666666667,3,1,"control",0,1,1,,1,3,-9,18,9
31,4,2,"observer",1,19,2,2,1,2,1,2,TRUE,TRUE,2.32142857142857,0.283218876003279,3.14285714285714,2,2.85714285714286,1.16666666666667,1,1,"outgroup",1,0,1,1,1,3,-9,18,9
31,6,2,"victim",0,19,2,2,1,2,1,2,TRUE,TRUE,2.32142857142857,0.283218876003279,3.14285714285714,2,2.85714285714286,1.16666666666667,3,2,"control",0,1,0,,1,2,-9,18,9
31,7,1,"victim",0,19,2,2,1,2,1,2,TRUE,TRUE,2.32142857142857,0.283218876003279,3.14285714285714,2,2.85714285714286,1.16666666666667,1,2,"outgroup",1,0,0,0,1,3,-9,18,9
31,7,2,"victim",0,19,2,2,1,2,1,2,TRUE,TRUE,2.32142857142857,0.283218876003279,3.14285714285714,2,2.85714285714286,1.16666666666667,1,2,"outgroup",1,0,0,0,1,3,-9,18,9
31,8,2,"victim",0,19,2,2,1,2,1,2,TRUE,TRUE,2.32142857142857,0.283218876003279,3.14285714285714,2,2.85714285714286,1.16666666666667,3,2,"control",0,1,0,,1,2,-9,18,9
31,9,1,"victim",0,19,2,2,1,2,1,2,TRUE,TRUE,2.32142857142857,0.283218876003279,3.14285714285714,2,2.85714285714286,1.16666666666667,3,2,"control",0,1,0,,1,3,-9,18,9
31,9,2,"victim",0,19,2,2,1,2,1,2,TRUE,TRUE,2.32142857142857,0.283218876003279,3.14285714285714,2,2.85714285714286,1.16666666666667,2,2,"ingroup",0,0,0,1,1,3,-9,18,9
31,10,1,"victim",0,19,2,2,1,2,1,2,TRUE,TRUE,2.32142857142857,0.283218876003279,3.14285714285714,2,2.85714285714286,1.16666666666667,2,2,"ingroup",0,0,0,1,1,3,-9,18,9
31,10,2,"victim",0,19,2,2,1,2,1,2,TRUE,TRUE,2.32142857142857,0.283218876003279,3.14285714285714,2,2.85714285714286,1.16666666666667,3,2,"control",0,1,0,,1,3,-9,18,9
32,1,1,"victim",0,18,3,1,0,1,0,1,TRUE,TRUE,3.25,2.31381239304496,3.28571428571429,3,3.71428571428571,3,1,1,"ingroup",0,0,0,1,1,3,0,9,0
32,1,2,"victim",0,18,3,1,0,1,0,1,TRUE,TRUE,3.25,2.31381239304496,3.28571428571429,3,3.71428571428571,3,1,1,"ingroup",0,0,0,1,1,3,0,9,0
32,2,1,"victim",0,18,3,1,0,1,0,1,TRUE,TRUE,3.25,2.31381239304496,3.28571428571429,3,3.71428571428571,3,3,1,"control",0,1,0,,1,3,-1,10,1
32,2,2,"victim",0,18,3,1,0,1,0,1,TRUE,TRUE,3.25,2.31381239304496,3.28571428571429,3,3.71428571428571,3,3,1,"control",0,1,0,,1,3,-1,10,1
32,3,1,"victim",0,18,3,1,0,1,0,1,TRUE,TRUE,3.25,2.31381239304496,3.28571428571429,3,3.71428571428571,3,2,1,"outgroup",1,0,0,0,1,3,0,9,0
32,3,2,"victim",0,18,3,1,0,1,0,1,TRUE,TRUE,3.25,2.31381239304496,3.28571428571429,3,3.71428571428571,3,2,1,"outgroup",1,0,0,0,1,3,0,9,0
32,5,1,"victim",0,18,3,1,0,1,0,1,TRUE,TRUE,3.25,2.31381239304496,3.28571428571429,3,3.71428571428571,3,3,1,"control",0,1,0,,1,1,-1,10,1
32,6,2,"observer",1,18,3,1,0,1,0,1,TRUE,TRUE,3.25,2.31381239304496,3.28571428571429,3,3.71428571428571,3,1,1,"ingroup",0,0,0,1,1,2,-2,11,2
32,7,2,"observer",1,18,3,1,0,1,0,1,TRUE,TRUE,3.25,2.31381239304496,3.28571428571429,3,3.71428571428571,3,2,1,"outgroup",1,0,0,0,1,2,-2,11,2
32,8,2,"observer",1,18,3,1,0,1,0,1,TRUE,TRUE,3.25,2.31381239304496,3.28571428571429,3,3.71428571428571,3,3,1,"control",0,1,0,,1,2,-2,11,2
32,9,1,"observer",1,18,3,1,0,1,0,1,TRUE,TRUE,3.25,2.31381239304496,3.28571428571429,3,3.71428571428571,3,1,1,"ingroup",0,0,0,1,1,1,-2,11,2
32,10,1,"observer",1,18,3,1,0,1,0,1,TRUE,TRUE,3.25,2.31381239304496,3.28571428571429,3,3.71428571428571,3,3,1,"control",0,1,0,,1,1,-3,12,3
33,1,1,"observer",1,23,3,2,1,1,0,2,TRUE,TRUE,2.46428571428571,0.595617878625076,2.85714285714286,2.125,2.42857142857143,2.5,2,1,"outgroup",1,0,0,0,1,2,9,0,-9
33,2,2,"observer",1,23,3,2,1,1,0,2,TRUE,TRUE,2.46428571428571,0.595617878625076,2.85714285714286,2.125,2.42857142857143,2.5,3,2,"control",0,1,1,,1,1,9,0,-9
33,3,1,"observer",1,23,3,2,1,1,0,2,TRUE,TRUE,2.46428571428571,0.595617878625076,2.85714285714286,2.125,2.42857142857143,2.5,3,1,"control",0,1,0,,1,3,-9,18,9
33,3,2,"observer",1,23,3,2,1,1,0,2,TRUE,TRUE,2.46428571428571,0.595617878625076,2.85714285714286,2.125,2.42857142857143,2.5,3,1,"control",0,1,0,,1,3,-9,18,9
33,4,1,"observer",1,23,3,2,1,1,0,2,TRUE,TRUE,2.46428571428571,0.595617878625076,2.85714285714286,2.125,2.42857142857143,2.5,3,2,"control",0,1,1,,1,1,-9,18,9
33,6,2,"victim",0,23,3,2,1,1,0,2,TRUE,TRUE,2.46428571428571,0.595617878625076,2.85714285714286,2.125,2.42857142857143,2.5,2,1,"outgroup",1,0,0,0,1,2,-9,18,9
33,7,1,"victim",0,23,3,2,1,1,0,2,TRUE,TRUE,2.46428571428571,0.595617878625076,2.85714285714286,2.125,2.42857142857143,2.5,3,1,"control",0,1,0,,1,1,-9,18,9
33,8,1,"victim",0,23,3,2,1,1,0,2,TRUE,TRUE,2.46428571428571,0.595617878625076,2.85714285714286,2.125,2.42857142857143,2.5,3,1,"control",0,1,0,,1,3,-9,18,9
33,8,2,"victim",0,23,3,2,1,1,0,2,TRUE,TRUE,2.46428571428571,0.595617878625076,2.85714285714286,2.125,2.42857142857143,2.5,3,1,"control",0,1,0,,1,3,-9,18,9
34,1,1,"victim",0,28,1,2,1,1,0,1,TRUE,TRUE,1.92857142857143,-0.575878381206665,1.71428571428571,2.25,2.14285714285714,1.5,3,1,"control",0,1,0,,1,3,4,5,-4
34,1,2,"victim",0,28,1,2,1,1,0,1,TRUE,TRUE,1.92857142857143,-0.575878381206665,1.71428571428571,2.25,2.14285714285714,1.5,3,1,"control",0,1,0,,1,3,4,5,-4
34,2,1,"victim",0,28,1,2,1,1,0,1,TRUE,TRUE,1.92857142857143,-0.575878381206665,1.71428571428571,2.25,2.14285714285714,1.5,2,1,"outgroup",1,0,0,0,1,2,4,5,-4
34,3,1,"victim",0,28,1,2,1,1,0,1,TRUE,TRUE,1.92857142857143,-0.575878381206665,1.71428571428571,2.25,2.14285714285714,1.5,2,1,"outgroup",1,0,0,0,1,3,5,4,-5
34,5,1,"victim",0,28,1,2,1,1,0,1,TRUE,TRUE,1.92857142857143,-0.575878381206665,1.71428571428571,2.25,2.14285714285714,1.5,1,1,"ingroup",0,0,0,1,1,1,1,8,-1
34,6,1,"observer",1,28,1,2,1,1,0,1,TRUE,TRUE,1.92857142857143,-0.575878381206665,1.71428571428571,2.25,2.14285714285714,1.5,1,2,"ingroup",0,0,1,0,1,3,6,3,-6
34,6,2,"observer",1,28,1,2,1,1,0,1,TRUE,TRUE,1.92857142857143,-0.575878381206665,1.71428571428571,2.25,2.14285714285714,1.5,3,2,"control",0,1,1,,1,3,6,3,-6
34,9,2,"observer",1,28,1,2,1,1,0,1,TRUE,TRUE,1.92857142857143,-0.575878381206665,1.71428571428571,2.25,2.14285714285714,1.5,2,2,"outgroup",1,0,1,1,1,2,1,8,-1
34,10,1,"observer",1,28,1,2,1,1,0,1,TRUE,TRUE,1.92857142857143,-0.575878381206665,1.71428571428571,2.25,2.14285714285714,1.5,3,2,"control",0,1,1,,1,3,1,8,-1
34,10,2,"observer",1,28,1,2,1,1,0,1,TRUE,TRUE,1.92857142857143,-0.575878381206665,1.71428571428571,2.25,2.14285714285714,1.5,3,2,"control",0,1,1,,1,3,1,8,-1
35,1,1,"observer",1,22,2,2,1,2,1,2,TRUE,TRUE,1.96428571428571,-0.497778630551216,1.57142857142857,2.125,2.42857142857143,1.66666666666667,3,1,"control",0,1,1,,1,1,0,9,0
35,2,1,"observer",1,22,2,2,1,2,1,2,TRUE,TRUE,1.96428571428571,-0.497778630551216,1.57142857142857,2.125,2.42857142857143,1.66666666666667,3,2,"control",0,1,0,,1,2,9,0,-9
35,3,2,"observer",1,22,2,2,1,2,1,2,TRUE,TRUE,1.96428571428571,-0.497778630551216,1.57142857142857,2.125,2.42857142857143,1.66666666666667,3,1,"control",0,1,1,,1,1,9,0,-9
35,6,1,"victim",0,22,2,2,1,2,1,2,TRUE,TRUE,1.96428571428571,-0.497778630551216,1.57142857142857,2.125,2.42857142857143,1.66666666666667,3,2,"control",0,1,0,,1,3,9,0,-9
35,6,2,"victim",0,22,2,2,1,2,1,2,TRUE,TRUE,1.96428571428571,-0.497778630551216,1.57142857142857,2.125,2.42857142857143,1.66666666666667,3,2,"control",0,1,0,,1,3,9,0,-9
35,7,1,"victim",0,22,2,2,1,2,1,2,TRUE,TRUE,1.96428571428571,-0.497778630551216,1.57142857142857,2.125,2.42857142857143,1.66666666666667,2,2,"ingroup",0,0,0,1,1,3,-9,18,9
35,7,2,"victim",0,22,2,2,1,2,1,2,TRUE,TRUE,1.96428571428571,-0.497778630551216,1.57142857142857,2.125,2.42857142857143,1.66666666666667,2,2,"ingroup",0,0,0,1,1,3,-9,18,9
35,8,1,"victim",0,22,2,2,1,2,1,2,TRUE,TRUE,1.96428571428571,-0.497778630551216,1.57142857142857,2.125,2.42857142857143,1.66666666666667,3,2,"control",0,1,0,,1,1,-9,18,9
35,9,1,"victim",0,22,2,2,1,2,1,2,TRUE,TRUE,1.96428571428571,-0.497778630551216,1.57142857142857,2.125,2.42857142857143,1.66666666666667,2,2,"ingroup",0,0,0,1,1,3,0,9,0
35,10,2,"victim",0,22,2,2,1,2,1,2,TRUE,TRUE,1.96428571428571,-0.497778630551216,1.57142857142857,2.125,2.42857142857143,1.66666666666667,2,2,"ingroup",0,0,0,1,1,2,-9,18,9
36,1,1,"victim",0,18,2,2,1,2,1,1,TRUE,TRUE,1.71428571428571,-1.04447688513936,1.57142857142857,1.375,2.14285714285714,1.83333333333333,1,2,"outgroup",1,0,0,0,1,3,1,8,-1
36,1,2,"victim",0,18,2,2,1,2,1,1,TRUE,TRUE,1.71428571428571,-1.04447688513936,1.57142857142857,1.375,2.14285714285714,1.83333333333333,3,2,"control",0,1,0,,1,3,1,8,-1
36,5,2,"victim",0,18,2,2,1,2,1,1,TRUE,TRUE,1.71428571428571,-1.04447688513936,1.57142857142857,1.375,2.14285714285714,1.83333333333333,2,2,"ingroup",0,0,0,1,1,2,1,8,-1
36,6,2,"observer",1,18,2,2,1,2,1,1,TRUE,TRUE,1.71428571428571,-1.04447688513936,1.57142857142857,1.375,2.14285714285714,1.83333333333333,3,2,"control",0,1,0,,1,2,1,8,-1
36,7,1,"observer",1,18,2,2,1,2,1,1,TRUE,TRUE,1.71428571428571,-1.04447688513936,1.57142857142857,1.375,2.14285714285714,1.83333333333333,3,1,"control",0,1,1,,1,3,1,8,-1
36,7,2,"observer",1,18,2,2,1,2,1,1,TRUE,TRUE,1.71428571428571,-1.04447688513936,1.57142857142857,1.375,2.14285714285714,1.83333333333333,2,1,"ingroup",0,0,1,0,1,3,1,8,-1
36,9,1,"observer",1,18,2,2,1,2,1,1,TRUE,TRUE,1.71428571428571,-1.04447688513936,1.57142857142857,1.375,2.14285714285714,1.83333333333333,1,2,"outgroup",1,0,0,0,1,3,1,8,-1
36,9,2,"observer",1,18,2,2,1,2,1,1,TRUE,TRUE,1.71428571428571,-1.04447688513936,1.57142857142857,1.375,2.14285714285714,1.83333333333333,2,2,"ingroup",0,0,0,1,1,3,1,8,-1
36,10,1,"observer",1,18,2,2,1,2,1,1,TRUE,TRUE,1.71428571428571,-1.04447688513936,1.57142857142857,1.375,2.14285714285714,1.83333333333333,2,2,"ingroup",0,0,0,1,1,3,1,8,-1
36,10,2,"observer",1,18,2,2,1,2,1,1,TRUE,TRUE,1.71428571428571,-1.04447688513936,1.57142857142857,1.375,2.14285714285714,1.83333333333333,2,2,"ingroup",0,0,0,1,1,3,1,8,-1
37,1,2,"observer",1,18,3,2,1,2,1,2,TRUE,TRUE,1.96428571428571,-0.497778630551216,2,2.125,2.14285714285714,1.5,1,1,"outgroup",1,0,1,1,1,2,-5,14,5
37,2,1,"observer",1,18,3,2,1,2,1,2,TRUE,TRUE,1.96428571428571,-0.497778630551216,2,2.125,2.14285714285714,1.5,1,1,"outgroup",1,0,1,1,1,1,-6,15,6
37,3,2,"observer",1,18,3,2,1,2,1,2,TRUE,TRUE,1.96428571428571,-0.497778630551216,2,2.125,2.14285714285714,1.5,3,2,"control",0,1,0,,1,2,-7,16,7
37,4,2,"observer",1,18,3,2,1,2,1,2,TRUE,TRUE,1.96428571428571,-0.497778630551216,2,2.125,2.14285714285714,1.5,3,2,"control",0,1,0,,1,2,-6,15,6
37,5,1,"observer",1,18,3,2,1,2,1,2,TRUE,TRUE,1.96428571428571,-0.497778630551216,2,2.125,2.14285714285714,1.5,2,1,"ingroup",0,0,1,0,1,1,-6,15,6
37,6,1,"victim",0,18,3,2,1,2,1,2,TRUE,TRUE,1.96428571428571,-0.497778630551216,2,2.125,2.14285714285714,1.5,2,2,"ingroup",0,0,0,1,1,3,-7,16,7
37,6,2,"victim",0,18,3,2,1,2,1,2,TRUE,TRUE,1.96428571428571,-0.497778630551216,2,2.125,2.14285714285714,1.5,2,2,"ingroup",0,0,0,1,1,3,-7,16,7
37,7,1,"victim",0,18,3,2,1,2,1,2,TRUE,TRUE,1.96428571428571,-0.497778630551216,2,2.125,2.14285714285714,1.5,1,2,"outgroup",1,0,0,0,1,1,-8,17,8
37,8,2,"victim",0,18,3,2,1,2,1,2,TRUE,TRUE,1.96428571428571,-0.497778630551216,2,2.125,2.14285714285714,1.5,1,2,"outgroup",1,0,0,0,1,2,-8,17,8
37,9,1,"victim",0,18,3,2,1,2,1,2,TRUE,TRUE,1.96428571428571,-0.497778630551216,2,2.125,2.14285714285714,1.5,3,2,"control",0,1,0,,1,1,-9,18,9
37,10,2,"victim",0,18,3,2,1,2,1,2,TRUE,TRUE,1.96428571428571,-0.497778630551216,2,2.125,2.14285714285714,1.5,3,2,"control",0,1,0,,1,2,-8,17,8
38,3,1,"victim",0,18,2,2,1,2,1,1,TRUE,TRUE,2.42857142857143,0.517518127969626,3,2.375,2.28571428571429,2,2,2,"ingroup",0,0,0,1,1,3,4,5,-4
38,3,2,"victim",0,18,2,2,1,2,1,1,TRUE,TRUE,2.42857142857143,0.517518127969626,3,2.375,2.28571428571429,2,3,2,"control",0,1,0,,1,3,4,5,-4
38,4,1,"victim",0,18,2,2,1,2,1,1,TRUE,TRUE,2.42857142857143,0.517518127969626,3,2.375,2.28571428571429,2,3,2,"control",0,1,0,,1,3,2,7,-2
38,4,2,"victim",0,18,2,2,1,2,1,1,TRUE,TRUE,2.42857142857143,0.517518127969626,3,2.375,2.28571428571429,2,3,2,"control",0,1,0,,1,3,2,7,-2
38,5,2,"victim",0,18,2,2,1,2,1,1,TRUE,TRUE,2.42857142857143,0.517518127969626,3,2.375,2.28571428571429,2,3,2,"control",0,1,0,,1,2,-2,11,2
38,6,1,"observer",1,18,2,2,1,2,1,1,TRUE,TRUE,2.42857142857143,0.517518127969626,3,2.375,2.28571428571429,2,3,2,"control",0,1,0,,1,3,-3,12,3
38,6,2,"observer",1,18,2,2,1,2,1,1,TRUE,TRUE,2.42857142857143,0.517518127969626,3,2.375,2.28571428571429,2,3,2,"control",0,1,0,,1,3,-3,12,3
38,8,1,"observer",1,18,2,2,1,2,1,1,TRUE,TRUE,2.42857142857143,0.517518127969626,3,2.375,2.28571428571429,2,2,1,"ingroup",0,0,1,0,1,1,-2,11,2
38,9,1,"observer",1,18,2,2,1,2,1,1,TRUE,TRUE,2.42857142857143,0.517518127969626,3,2.375,2.28571428571429,2,1,1,"outgroup",1,0,1,1,1,3,2,7,-2
38,9,2,"observer",1,18,2,2,1,2,1,1,TRUE,TRUE,2.42857142857143,0.517518127969626,3,2.375,2.28571428571429,2,3,1,"control",0,1,1,,1,3,2,7,-2
38,10,1,"observer",1,18,2,2,1,2,1,1,TRUE,TRUE,2.42857142857143,0.517518127969626,3,2.375,2.28571428571429,2,3,2,"control",0,1,0,,1,3,-2,11,2
38,10,2,"observer",1,18,2,2,1,2,1,1,TRUE,TRUE,2.42857142857143,0.517518127969626,3,2.375,2.28571428571429,2,1,2,"outgroup",1,0,0,0,1,3,-2,11,2
39,1,1,"victim",0,18,4,2,1,2,1,1,TRUE,TRUE,1.35714285714286,-1.82547439169386,0.714285714285714,1.125,2.57142857142857,1,3,2,"control",0,1,0,,1,3,6,3,-6
39,1,2,"victim",0,18,4,2,1,2,1,1,TRUE,TRUE,1.35714285714286,-1.82547439169386,0.714285714285714,1.125,2.57142857142857,1,1,2,"outgroup",1,0,0,0,1,3,6,3,-6
39,2,1,"victim",0,18,4,2,1,2,1,1,TRUE,TRUE,1.35714285714286,-1.82547439169386,0.714285714285714,1.125,2.57142857142857,1,3,2,"control",0,1,0,,1,3,6,3,-6
39,2,2,"victim",0,18,4,2,1,2,1,1,TRUE,TRUE,1.35714285714286,-1.82547439169386,0.714285714285714,1.125,2.57142857142857,1,1,2,"outgroup",1,0,0,0,1,3,6,3,-6
39,3,1,"victim",0,18,4,2,1,2,1,1,TRUE,TRUE,1.35714285714286,-1.82547439169386,0.714285714285714,1.125,2.57142857142857,1,3,2,"control",0,1,0,,1,2,6,3,-6
39,3,2,"victim",0,18,4,2,1,2,1,1,TRUE,TRUE,1.35714285714286,-1.82547439169386,0.714285714285714,1.125,2.57142857142857,1,2,2,"ingroup",0,0,0,1,1,2,-2,11,2
39,5,1,"victim",0,18,4,2,1,2,1,1,TRUE,TRUE,1.35714285714286,-1.82547439169386,0.714285714285714,1.125,2.57142857142857,1,1,2,"outgroup",1,0,0,0,1,3,3,6,-3
39,5,2,"victim",0,18,4,2,1,2,1,1,TRUE,TRUE,1.35714285714286,-1.82547439169386,0.714285714285714,1.125,2.57142857142857,1,1,2,"outgroup",1,0,0,0,1,3,3,6,-3
39,7,2,"observer",1,18,4,2,1,2,1,1,TRUE,TRUE,1.35714285714286,-1.82547439169386,0.714285714285714,1.125,2.57142857142857,1,1,1,"outgroup",1,0,1,1,1,2,-4,13,4
39,10,2,"observer",1,18,4,2,1,2,1,1,TRUE,TRUE,1.35714285714286,-1.82547439169386,0.714285714285714,1.125,2.57142857142857,1,2,2,"ingroup",0,0,0,1,1,2,-2,11,2
40,1,1,"victim",0,19,3,2,1,1,0,1,TRUE,TRUE,1.03571428571429,-2.5283721475929,0.857142857142857,1.75,0.571428571428571,0.833333333333333,3,1,"control",0,1,0,,1,1,-8,17,8
40,2,2,"victim",0,19,3,2,1,1,0,1,TRUE,TRUE,1.03571428571429,-2.5283721475929,0.857142857142857,1.75,0.571428571428571,0.833333333333333,3,1,"control",0,1,0,,1,2,-9,18,9
40,3,1,"victim",0,19,3,2,1,1,0,1,TRUE,TRUE,1.03571428571429,-2.5283721475929,0.857142857142857,1.75,0.571428571428571,0.833333333333333,1,1,"ingroup",0,0,0,1,1,3,-9,18,9
40,3,2,"victim",0,19,3,2,1,1,0,1,TRUE,TRUE,1.03571428571429,-2.5283721475929,0.857142857142857,1.75,0.571428571428571,0.833333333333333,1,1,"ingroup",0,0,0,1,1,3,-9,18,9
40,4,1,"victim",0,19,3,2,1,1,0,1,TRUE,TRUE,1.03571428571429,-2.5283721475929,0.857142857142857,1.75,0.571428571428571,0.833333333333333,1,1,"ingroup",0,0,0,1,1,1,-9,18,9
40,5,1,"victim",0,19,3,2,1,1,0,1,TRUE,TRUE,1.03571428571429,-2.5283721475929,0.857142857142857,1.75,0.571428571428571,0.833333333333333,2,1,"outgroup",1,0,0,0,1,3,-9,18,9
40,5,2,"victim",0,19,3,2,1,1,0,1,TRUE,TRUE,1.03571428571429,-2.5283721475929,0.857142857142857,1.75,0.571428571428571,0.833333333333333,2,1,"outgroup",1,0,0,0,1,3,-9,18,9
40,6,2,"observer",1,19,3,2,1,1,0,1,TRUE,TRUE,1.03571428571429,-2.5283721475929,0.857142857142857,1.75,0.571428571428571,0.833333333333333,2,2,"outgroup",1,0,1,1,1,3,-4,13,4
40,7,1,"observer",1,19,3,2,1,1,0,1,TRUE,TRUE,1.03571428571429,-2.5283721475929,0.857142857142857,1.75,0.571428571428571,0.833333333333333,3,2,"control",0,1,1,,1,3,-4,13,4
40,7,2,"observer",1,19,3,2,1,1,0,1,TRUE,TRUE,1.03571428571429,-2.5283721475929,0.857142857142857,1.75,0.571428571428571,0.833333333333333,1,2,"ingroup",0,0,1,0,1,3,-4,13,4
40,8,1,"observer",1,19,3,2,1,1,0,1,TRUE,TRUE,1.03571428571429,-2.5283721475929,0.857142857142857,1.75,0.571428571428571,0.833333333333333,1,1,"ingroup",0,0,0,1,1,1,-9,18,9
40,9,1,"observer",1,19,3,2,1,1,0,1,TRUE,TRUE,1.03571428571429,-2.5283721475929,0.857142857142857,1.75,0.571428571428571,0.833333333333333,2,1,"outgroup",1,0,0,0,1,3,-5,14,5
40,9,2,"observer",1,19,3,2,1,1,0,1,TRUE,TRUE,1.03571428571429,-2.5283721475929,0.857142857142857,1.75,0.571428571428571,0.833333333333333,3,1,"control",0,1,0,,1,3,-5,14,5
41,2,2,"victim",0,19,0,1,0,2,1,1,TRUE,TRUE,2.26923076923077,0.169073086583775,1.85714285714286,2,2.85714285714286,2.4,3,2,"control",0,1,0,,1,2,4,5,-4
41,3,2,"victim",0,19,0,1,0,2,1,1,TRUE,TRUE,2.26923076923077,0.169073086583775,1.85714285714286,2,2.85714285714286,2.4,3,2,"control",0,1,0,,1,2,3,6,-3
41,5,2,"victim",0,19,0,1,0,2,1,1,TRUE,TRUE,2.26923076923077,0.169073086583775,1.85714285714286,2,2.85714285714286,2.4,2,2,"ingroup",0,0,0,1,1,2,0,9,0
41,6,1,"observer",1,19,0,1,0,2,1,1,TRUE,TRUE,2.26923076923077,0.169073086583775,1.85714285714286,2,2.85714285714286,2.4,2,2,"ingroup",0,0,0,1,1,1,0,9,0
41,7,1,"observer",1,19,0,1,0,2,1,1,TRUE,TRUE,2.26923076923077,0.169073086583775,1.85714285714286,2,2.85714285714286,2.4,2,1,"ingroup",0,0,1,0,1,3,0,9,0
41,7,2,"observer",1,19,0,1,0,2,1,1,TRUE,TRUE,2.26923076923077,0.169073086583775,1.85714285714286,2,2.85714285714286,2.4,1,1,"outgroup",1,0,1,1,1,3,0,9,0
41,10,1,"observer",1,19,0,1,0,2,1,1,TRUE,TRUE,2.26923076923077,0.169073086583775,1.85714285714286,2,2.85714285714286,2.4,1,1,"outgroup",1,0,1,1,1,1,0,9,0
42,2,1,"observer",1,18,4,2,1,2,1,2,TRUE,TRUE,1.96428571428571,-0.497778630551216,1.42857142857143,2.25,2.71428571428571,1.33333333333333,2,1,"ingroup",0,0,1,0,1,3,0,9,0
42,2,2,"observer",1,18,4,2,1,2,1,2,TRUE,TRUE,1.96428571428571,-0.497778630551216,1.42857142857143,2.25,2.71428571428571,1.33333333333333,2,1,"ingroup",0,0,1,0,1,3,0,9,0
42,3,1,"observer",1,18,4,2,1,2,1,2,TRUE,TRUE,1.96428571428571,-0.497778630551216,1.42857142857143,2.25,2.71428571428571,1.33333333333333,2,1,"ingroup",0,0,1,0,1,3,0,9,0
42,3,2,"observer",1,18,4,2,1,2,1,2,TRUE,TRUE,1.96428571428571,-0.497778630551216,1.42857142857143,2.25,2.71428571428571,1.33333333333333,2,1,"ingroup",0,0,1,0,1,3,0,9,0
42,5,1,"observer",1,18,4,2,1,2,1,2,TRUE,TRUE,1.96428571428571,-0.497778630551216,1.42857142857143,2.25,2.71428571428571,1.33333333333333,1,2,"outgroup",1,0,0,0,1,3,0,9,0
42,5,2,"observer",1,18,4,2,1,2,1,2,TRUE,TRUE,1.96428571428571,-0.497778630551216,1.42857142857143,2.25,2.71428571428571,1.33333333333333,3,2,"control",0,1,0,,1,3,0,9,0
42,6,2,"victim",0,18,4,2,1,2,1,2,TRUE,TRUE,1.96428571428571,-0.497778630551216,1.42857142857143,2.25,2.71428571428571,1.33333333333333,1,2,"outgroup",1,0,0,0,1,2,0,9,0
42,7,1,"victim",0,18,4,2,1,2,1,2,TRUE,TRUE,1.96428571428571,-0.497778630551216,1.42857142857143,2.25,2.71428571428571,1.33333333333333,3,2,"control",0,1,0,,1,1,0,9,0
42,8,2,"victim",0,18,4,2,1,2,1,2,TRUE,TRUE,1.96428571428571,-0.497778630551216,1.42857142857143,2.25,2.71428571428571,1.33333333333333,1,2,"outgroup",1,0,0,0,1,3,0,9,0
42,9,2,"victim",0,18,4,2,1,2,1,2,TRUE,TRUE,1.96428571428571,-0.497778630551216,1.42857142857143,2.25,2.71428571428571,1.33333333333333,2,2,"ingroup",0,0,0,1,1,2,0,9,0
43,1,1,"observer",1,27,4,1,0,1,0,2,TRUE,TRUE,2.39285714285714,0.439418377314177,2.42857142857143,2.375,2.42857142857143,2.33333333333333,1,1,"ingroup",0,0,0,1,1,1,-5,14,5
43,1,2,"observer",1,27,4,1,0,1,0,2,TRUE,TRUE,2.39285714285714,0.439418377314177,2.42857142857143,2.375,2.42857142857143,2.33333333333333,2,1,"outgroup",1,0,0,0,1,1,0,9,0
43,3,2,"observer",1,27,4,1,0,1,0,2,TRUE,TRUE,2.39285714285714,0.439418377314177,2.42857142857143,2.375,2.42857142857143,2.33333333333333,1,1,"ingroup",0,0,0,1,1,2,-2,11,2
43,4,1,"observer",1,27,4,1,0,1,0,2,TRUE,TRUE,2.39285714285714,0.439418377314177,2.42857142857143,2.375,2.42857142857143,2.33333333333333,2,2,"outgroup",1,0,1,1,1,1,-2,11,2
43,6,1,"victim",0,27,4,1,0,1,0,2,TRUE,TRUE,2.39285714285714,0.439418377314177,2.42857142857143,2.375,2.42857142857143,2.33333333333333,2,1,"outgroup",1,0,0,0,1,1,-3,12,3
43,7,1,"victim",0,27,4,1,0,1,0,2,TRUE,TRUE,2.39285714285714,0.439418377314177,2.42857142857143,2.375,2.42857142857143,2.33333333333333,3,1,"control",0,1,0,,1,3,-1,10,1
43,7,2,"victim",0,27,4,1,0,1,0,2,TRUE,TRUE,2.39285714285714,0.439418377314177,2.42857142857143,2.375,2.42857142857143,2.33333333333333,2,1,"outgroup",1,0,0,0,1,3,-1,10,1
43,8,2,"victim",0,27,4,1,0,1,0,2,TRUE,TRUE,2.39285714285714,0.439418377314177,2.42857142857143,2.375,2.42857142857143,2.33333333333333,3,1,"control",0,1,0,,1,2,-2,11,2
43,9,1,"victim",0,27,4,1,0,1,0,2,TRUE,TRUE,2.39285714285714,0.439418377314177,2.42857142857143,2.375,2.42857142857143,2.33333333333333,1,1,"ingroup",0,0,0,1,1,1,-2,11,2
43,10,1,"victim",0,27,4,1,0,1,0,2,TRUE,TRUE,2.39285714285714,0.439418377314177,2.42857142857143,2.375,2.42857142857143,2.33333333333333,2,1,"outgroup",1,0,0,0,1,1,-3,12,3
44,1,1,"observer",1,18,4,1,0,2,1,2,TRUE,TRUE,1.89285714285714,-0.653978131862115,1.42857142857143,2.125,2.71428571428571,1.16666666666667,1,2,"outgroup",1,0,0,0,1,3,-6,15,6
44,2,2,"observer",1,18,4,1,0,2,1,2,TRUE,TRUE,1.89285714285714,-0.653978131862115,1.42857142857143,2.125,2.71428571428571,1.16666666666667,2,1,"ingroup",0,0,1,0,1,3,-5,14,5
44,3,1,"observer",1,18,4,1,0,2,1,2,TRUE,TRUE,1.89285714285714,-0.653978131862115,1.42857142857143,2.125,2.71428571428571,1.16666666666667,1,2,"outgroup",1,0,0,0,1,3,9,0,-9
44,3,2,"observer",1,18,4,1,0,2,1,2,TRUE,TRUE,1.89285714285714,-0.653978131862115,1.42857142857143,2.125,2.71428571428571,1.16666666666667,3,2,"control",0,1,0,,1,3,9,0,-9
44,5,1,"observer",1,18,4,1,0,2,1,2,TRUE,TRUE,1.89285714285714,-0.653978131862115,1.42857142857143,2.125,2.71428571428571,1.16666666666667,1,1,"outgroup",1,0,1,1,1,1,-9,18,9
44,6,1,"victim",0,18,4,1,0,2,1,2,TRUE,TRUE,1.89285714285714,-0.653978131862115,1.42857142857143,2.125,2.71428571428571,1.16666666666667,3,2,"control",0,1,0,,1,3,-9,18,9
44,6,2,"victim",0,18,4,1,0,2,1,2,TRUE,TRUE,1.89285714285714,-0.653978131862115,1.42857142857143,2.125,2.71428571428571,1.16666666666667,2,2,"ingroup",0,0,0,1,1,3,-9,18,9
44,7,1,"victim",0,18,4,1,0,2,1,2,TRUE,TRUE,1.89285714285714,-0.653978131862115,1.42857142857143,2.125,2.71428571428571,1.16666666666667,3,2,"control",0,1,0,,1,3,-9,18,9
44,8,1,"victim",0,18,4,1,0,2,1,2,TRUE,TRUE,1.89285714285714,-0.653978131862115,1.42857142857143,2.125,2.71428571428571,1.16666666666667,3,2,"control",0,1,0,,1,3,-9,18,9
45,1,1,"observer",1,19,2,2,1,2,1,2,TRUE,TRUE,2.03571428571429,-0.341579129240317,1.42857142857143,2.125,2.85714285714286,1.66666666666667,2,1,"ingroup",0,0,1,0,1,1,-5,14,5
45,3,1,"observer",1,19,2,2,1,2,1,2,TRUE,TRUE,2.03571428571429,-0.341579129240317,1.42857142857143,2.125,2.85714285714286,1.66666666666667,1,2,"outgroup",1,0,0,0,1,1,-5,14,5
45,4,1,"observer",1,19,2,2,1,2,1,2,TRUE,TRUE,2.03571428571429,-0.341579129240317,1.42857142857143,2.125,2.85714285714286,1.66666666666667,2,2,"ingroup",0,0,0,1,1,3,-3,12,3
45,4,2,"observer",1,19,2,2,1,2,1,2,TRUE,TRUE,2.03571428571429,-0.341579129240317,1.42857142857143,2.125,2.85714285714286,1.66666666666667,2,2,"ingroup",0,0,0,1,1,3,-3,12,3
45,5,1,"observer",1,19,2,2,1,2,1,2,TRUE,TRUE,2.03571428571429,-0.341579129240317,1.42857142857143,2.125,2.85714285714286,1.66666666666667,3,1,"control",0,1,1,,1,1,-5,14,5
45,7,2,"victim",0,19,2,2,1,2,1,2,TRUE,TRUE,2.03571428571429,-0.341579129240317,1.42857142857143,2.125,2.85714285714286,1.66666666666667,3,2,"control",0,1,0,,1,2,-5,14,5
45,8,2,"victim",0,19,2,2,1,2,1,2,TRUE,TRUE,2.03571428571429,-0.341579129240317,1.42857142857143,2.125,2.85714285714286,1.66666666666667,3,2,"control",0,1,0,,1,2,-6,15,6
45,9,1,"victim",0,19,2,2,1,2,1,2,TRUE,TRUE,2.03571428571429,-0.341579129240317,1.42857142857143,2.125,2.85714285714286,1.66666666666667,2,2,"ingroup",0,0,0,1,1,1,-5,14,5
45,10,1,"victim",0,19,2,2,1,2,1,2,TRUE,TRUE,2.03571428571429,-0.341579129240317,1.42857142857143,2.125,2.85714285714286,1.66666666666667,1,2,"outgroup",1,0,0,0,1,1,-5,14,5
46,1,1,"victim",0,18,2,2,1,2,1,1,TRUE,TRUE,1.89285714285714,-0.653978131862115,2.28571428571429,1.25,2.14285714285714,2,2,2,"ingroup",0,0,0,1,1,3,4,5,-4
46,1,2,"victim",0,18,2,2,1,2,1,1,TRUE,TRUE,1.89285714285714,-0.653978131862115,2.28571428571429,1.25,2.14285714285714,2,2,2,"ingroup",0,0,0,1,1,3,4,5,-4
46,3,2,"victim",0,18,2,2,1,2,1,1,TRUE,TRUE,1.89285714285714,-0.653978131862115,2.28571428571429,1.25,2.14285714285714,2,2,2,"ingroup",0,0,0,1,1,2,-2,11,2
46,4,2,"victim",0,18,2,2,1,2,1,1,TRUE,TRUE,1.89285714285714,-0.653978131862115,2.28571428571429,1.25,2.14285714285714,2,1,2,"outgroup",1,0,0,0,1,2,0,9,0
46,6,1,"observer",1,18,2,2,1,2,1,1,TRUE,TRUE,1.89285714285714,-0.653978131862115,2.28571428571429,1.25,2.14285714285714,2,1,1,"outgroup",1,0,1,1,1,1,2,7,-2
47,2,2,"victim",0,18,2,2,1,2,1,1,TRUE,TRUE,1.96428571428571,-0.497778630551216,1.57142857142857,2.375,2.42857142857143,1.33333333333333,3,2,"control",0,1,0,,1,2,-6,15,6
47,3,2,"victim",0,18,2,2,1,2,1,1,TRUE,TRUE,1.96428571428571,-0.497778630551216,1.57142857142857,2.375,2.42857142857143,1.33333333333333,3,2,"control",0,1,0,,1,2,-6,15,6
47,5,1,"victim",0,18,2,2,1,2,1,1,TRUE,TRUE,1.96428571428571,-0.497778630551216,1.57142857142857,2.375,2.42857142857143,1.33333333333333,3,2,"control",0,1,0,,1,1,-9,18,9
47,6,2,"observer",1,18,2,2,1,2,1,1,TRUE,TRUE,1.96428571428571,-0.497778630551216,1.57142857142857,2.375,2.42857142857143,1.33333333333333,3,2,"control",0,1,0,,1,2,-9,18,9
47,8,1,"observer",1,18,2,2,1,2,1,1,TRUE,TRUE,1.96428571428571,-0.497778630551216,1.57142857142857,2.375,2.42857142857143,1.33333333333333,3,1,"control",0,1,1,,1,3,-9,18,9
47,8,2,"observer",1,18,2,2,1,2,1,1,TRUE,TRUE,1.96428571428571,-0.497778630551216,1.57142857142857,2.375,2.42857142857143,1.33333333333333,1,1,"outgroup",1,0,1,1,1,3,-9,18,9
47,9,1,"observer",1,18,2,2,1,2,1,1,TRUE,TRUE,1.96428571428571,-0.497778630551216,1.57142857142857,2.375,2.42857142857143,1.33333333333333,1,1,"outgroup",1,0,1,1,1,1,-9,18,9
48,1,2,"observer",1,18,1,2,1,2,1,2,TRUE,TRUE,1.64285714285714,-1.20067638645026,1.28571428571429,2,1.28571428571429,2,1,2,"outgroup",1,0,0,0,1,3,3,6,-3
48,2,2,"observer",1,18,1,2,1,2,1,2,TRUE,TRUE,1.64285714285714,-1.20067638645026,1.28571428571429,2,1.28571428571429,2,3,2,"control",0,1,0,,1,3,3,6,-3
48,3,2,"observer",1,18,1,2,1,2,1,2,TRUE,TRUE,1.64285714285714,-1.20067638645026,1.28571428571429,2,1.28571428571429,2,2,2,"ingroup",0,0,0,1,1,3,4,5,-4
48,6,1,"victim",0,18,1,2,1,2,1,2,TRUE,TRUE,1.64285714285714,-1.20067638645026,1.28571428571429,2,1.28571428571429,2,2,2,"ingroup",0,0,0,1,1,3,5,4,-5
48,6,2,"victim",0,18,1,2,1,2,1,2,TRUE,TRUE,1.64285714285714,-1.20067638645026,1.28571428571429,2,1.28571428571429,2,2,2,"ingroup",0,0,0,1,1,3,5,4,-5
48,7,1,"victim",0,18,1,2,1,2,1,2,TRUE,TRUE,1.64285714285714,-1.20067638645026,1.28571428571429,2,1.28571428571429,2,3,2,"control",0,1,0,,1,3,5,4,-5
48,7,2,"victim",0,18,1,2,1,2,1,2,TRUE,TRUE,1.64285714285714,-1.20067638645026,1.28571428571429,2,1.28571428571429,2,3,2,"control",0,1,0,,1,3,5,4,-5
48,8,1,"victim",0,18,1,2,1,2,1,2,TRUE,TRUE,1.64285714285714,-1.20067638645026,1.28571428571429,2,1.28571428571429,2,1,2,"outgroup",1,0,0,0,1,3,5,4,-5
48,8,2,"victim",0,18,1,2,1,2,1,2,TRUE,TRUE,1.64285714285714,-1.20067638645026,1.28571428571429,2,1.28571428571429,2,1,2,"outgroup",1,0,0,0,1,3,5,4,-5
48,10,2,"victim",0,18,1,2,1,2,1,2,TRUE,TRUE,1.64285714285714,-1.20067638645026,1.28571428571429,2,1.28571428571429,2,2,2,"ingroup",0,0,0,1,1,3,4,5,-4
49,1,1,"victim",0,18,3,2,1,2,1,1,TRUE,TRUE,2.75,1.22041588386867,2.14285714285714,3,3,2.83333333333333,1,2,"outgroup",1,0,0,0,1,3,-8,17,8
49,1,2,"victim",0,18,3,2,1,2,1,1,TRUE,TRUE,2.75,1.22041588386867,2.14285714285714,3,3,2.83333333333333,2,2,"ingroup",0,0,0,1,1,3,-8,17,8
49,2,1,"victim",0,18,3,2,1,2,1,1,TRUE,TRUE,2.75,1.22041588386867,2.14285714285714,3,3,2.83333333333333,2,2,"ingroup",0,0,0,1,1,3,-8,17,8
49,2,2,"victim",0,18,3,2,1,2,1,1,TRUE,TRUE,2.75,1.22041588386867,2.14285714285714,3,3,2.83333333333333,1,2,"outgroup",1,0,0,0,1,3,-8,17,8
49,3,1,"victim",0,18,3,2,1,2,1,1,TRUE,TRUE,2.75,1.22041588386867,2.14285714285714,3,3,2.83333333333333,3,2,"control",0,1,0,,1,1,-8,17,8
49,5,2,"victim",0,18,3,2,1,2,1,1,TRUE,TRUE,2.75,1.22041588386867,2.14285714285714,3,3,2.83333333333333,1,2,"outgroup",1,0,0,0,1,1,8,1,-8
49,7,1,"observer",1,18,3,2,1,2,1,1,TRUE,TRUE,2.75,1.22041588386867,2.14285714285714,3,3,2.83333333333333,3,2,"control",0,1,0,,1,3,-7,16,7
49,7,2,"observer",1,18,3,2,1,2,1,1,TRUE,TRUE,2.75,1.22041588386867,2.14285714285714,3,3,2.83333333333333,2,2,"ingroup",0,0,0,1,1,3,-7,16,7
49,8,1,"observer",1,18,3,2,1,2,1,1,TRUE,TRUE,2.75,1.22041588386867,2.14285714285714,3,3,2.83333333333333,2,1,"ingroup",0,0,1,0,1,1,-8,17,8
49,9,1,"observer",1,18,3,2,1,2,1,1,TRUE,TRUE,2.75,1.22041588386867,2.14285714285714,3,3,2.83333333333333,2,1,"ingroup",0,0,1,0,1,1,-9,18,9
49,10,1,"observer",1,18,3,2,1,2,1,1,TRUE,TRUE,2.75,1.22041588386867,2.14285714285714,3,3,2.83333333333333,2,1,"ingroup",0,0,1,0,1,3,-9,18,9
49,10,2,"observer",1,18,3,2,1,2,1,1,TRUE,TRUE,2.75,1.22041588386867,2.14285714285714,3,3,2.83333333333333,1,1,"outgroup",1,0,1,1,1,3,-9,18,9
50,1,2,"observer",1,18,2,2,1,2,1,2,TRUE,TRUE,2.28571428571429,0.205119125347829,3,1.375,3.42857142857143,1.33333333333333,3,1,"control",0,1,1,,1,2,0,9,0
50,2,2,"observer",1,18,2,2,1,2,1,2,TRUE,TRUE,2.28571428571429,0.205119125347829,3,1.375,3.42857142857143,1.33333333333333,3,2,"control",0,1,0,,1,2,0,9,0
50,6,1,"victim",0,18,2,2,1,2,1,2,TRUE,TRUE,2.28571428571429,0.205119125347829,3,1.375,3.42857142857143,1.33333333333333,1,2,"outgroup",1,0,0,0,1,3,0,9,0
50,6,2,"victim",0,18,2,2,1,2,1,2,TRUE,TRUE,2.28571428571429,0.205119125347829,3,1.375,3.42857142857143,1.33333333333333,1,2,"outgroup",1,0,0,0,1,3,0,9,0
50,7,1,"victim",0,18,2,2,1,2,1,2,TRUE,TRUE,2.28571428571429,0.205119125347829,3,1.375,3.42857142857143,1.33333333333333,1,2,"outgroup",1,0,0,0,1,3,0,9,0
50,7,2,"victim",0,18,2,2,1,2,1,2,TRUE,TRUE,2.28571428571429,0.205119125347829,3,1.375,3.42857142857143,1.33333333333333,2,2,"ingroup",0,0,0,1,1,3,0,9,0
50,10,1,"victim",0,18,2,2,1,2,1,2,TRUE,TRUE,2.28571428571429,0.205119125347829,3,1.375,3.42857142857143,1.33333333333333,3,2,"control",0,1,0,,1,1,0,9,0
51,1,1,"victim",0,18,2,1,0,2,1,1,TRUE,TRUE,2.71428571428571,1.14231613321322,2.42857142857143,2.75,3.28571428571429,2.33333333333333,3,2,"control",0,1,0,,1,1,2,7,-2
51,2,2,"victim",0,18,2,1,0,2,1,1,TRUE,TRUE,2.71428571428571,1.14231613321322,2.42857142857143,2.75,3.28571428571429,2.33333333333333,2,2,"ingroup",0,0,0,1,1,2,-1,10,1
51,3,1,"victim",0,18,2,1,0,2,1,1,TRUE,TRUE,2.71428571428571,1.14231613321322,2.42857142857143,2.75,3.28571428571429,2.33333333333333,2,2,"ingroup",0,0,0,1,1,3,-3,12,3
51,3,2,"victim",0,18,2,1,0,2,1,1,TRUE,TRUE,2.71428571428571,1.14231613321322,2.42857142857143,2.75,3.28571428571429,2.33333333333333,1,2,"outgroup",1,0,0,0,1,3,-3,12,3
51,4,1,"victim",0,18,2,1,0,2,1,1,TRUE,TRUE,2.71428571428571,1.14231613321322,2.42857142857143,2.75,3.28571428571429,2.33333333333333,2,2,"ingroup",0,0,0,1,1,3,-4,13,4
51,4,2,"victim",0,18,2,1,0,2,1,1,TRUE,TRUE,2.71428571428571,1.14231613321322,2.42857142857143,2.75,3.28571428571429,2.33333333333333,1,2,"outgroup",1,0,0,0,1,3,-4,13,4
51,5,2,"victim",0,18,2,1,0,2,1,1,TRUE,TRUE,2.71428571428571,1.14231613321322,2.42857142857143,2.75,3.28571428571429,2.33333333333333,3,2,"control",0,1,0,,1,2,-3,12,3
51,7,2,"observer",1,18,2,1,0,2,1,1,TRUE,TRUE,2.71428571428571,1.14231613321322,2.42857142857143,2.75,3.28571428571429,2.33333333333333,2,1,"ingroup",0,0,1,0,1,2,-3,12,3
51,8,1,"observer",1,18,2,1,0,2,1,1,TRUE,TRUE,2.71428571428571,1.14231613321322,2.42857142857143,2.75,3.28571428571429,2.33333333333333,1,2,"outgroup",1,0,0,0,1,3,-5,14,5
51,8,2,"observer",1,18,2,1,0,2,1,1,TRUE,TRUE,2.71428571428571,1.14231613321322,2.42857142857143,2.75,3.28571428571429,2.33333333333333,1,2,"outgroup",1,0,0,0,1,3,-5,14,5
51,9,1,"observer",1,18,2,1,0,2,1,1,TRUE,TRUE,2.71428571428571,1.14231613321322,2.42857142857143,2.75,3.28571428571429,2.33333333333333,1,1,"outgroup",1,0,1,1,1,3,-6,15,6
51,9,2,"observer",1,18,2,1,0,2,1,1,TRUE,TRUE,2.71428571428571,1.14231613321322,2.42857142857143,2.75,3.28571428571429,2.33333333333333,2,1,"ingroup",0,0,1,0,1,3,-6,15,6
52,3,2,"victim",0,18,2,1,0,2,1,1,TRUE,TRUE,2.07142857142857,-0.263479378584867,1.71428571428571,2.625,1.71428571428571,2.16666666666667,3,2,"control",0,1,0,,1,2,-9,18,9
52,4,1,"victim",0,18,2,1,0,2,1,1,TRUE,TRUE,2.07142857142857,-0.263479378584867,1.71428571428571,2.625,1.71428571428571,2.16666666666667,1,2,"outgroup",1,0,0,0,1,2,-5,14,5
52,4,2,"victim",0,18,2,1,0,2,1,1,TRUE,TRUE,2.07142857142857,-0.263479378584867,1.71428571428571,2.625,1.71428571428571,2.16666666666667,2,2,"ingroup",0,0,0,1,1,2,-9,18,9
52,5,2,"victim",0,18,2,1,0,2,1,1,TRUE,TRUE,2.07142857142857,-0.263479378584867,1.71428571428571,2.625,1.71428571428571,2.16666666666667,1,2,"outgroup",1,0,0,0,1,2,-9,18,9
52,7,2,"observer",1,18,2,1,0,2,1,1,TRUE,TRUE,2.07142857142857,-0.263479378584867,1.71428571428571,2.625,1.71428571428571,2.16666666666667,1,2,"outgroup",1,0,0,0,1,2,-4,13,4
52,8,1,"observer",1,18,2,1,0,2,1,1,TRUE,TRUE,2.07142857142857,-0.263479378584867,1.71428571428571,2.625,1.71428571428571,2.16666666666667,2,2,"ingroup",0,0,0,1,1,3,-3,12,3
52,8,2,"observer",1,18,2,1,0,2,1,1,TRUE,TRUE,2.07142857142857,-0.263479378584867,1.71428571428571,2.625,1.71428571428571,2.16666666666667,2,2,"ingroup",0,0,0,1,1,3,-3,12,3
52,9,1,"observer",1,18,2,1,0,2,1,1,TRUE,TRUE,2.07142857142857,-0.263479378584867,1.71428571428571,2.625,1.71428571428571,2.16666666666667,3,2,"control",0,1,0,,1,1,-3,12,3
52,10,1,"observer",1,18,2,1,0,2,1,1,TRUE,TRUE,2.07142857142857,-0.263479378584867,1.71428571428571,2.625,1.71428571428571,2.16666666666667,3,1,"control",0,1,1,,1,1,-3,12,3
53,1,1,"observer",1,18,4,2,1,2,1,2,TRUE,TRUE,1.71428571428571,-1.04447688513936,1.85714285714286,2,0.714285714285714,2.33333333333333,3,1,"control",0,1,1,,1,1,-5,14,5
53,2,2,"observer",1,18,4,2,1,2,1,2,TRUE,TRUE,1.71428571428571,-1.04447688513936,1.85714285714286,2,0.714285714285714,2.33333333333333,3,1,"control",0,1,1,,1,2,-3,12,3
53,3,2,"observer",1,18,4,2,1,2,1,2,TRUE,TRUE,1.71428571428571,-1.04447688513936,1.85714285714286,2,0.714285714285714,2.33333333333333,2,1,"ingroup",0,0,1,0,1,2,-5,14,5
53,4,1,"observer",1,18,4,2,1,2,1,2,TRUE,TRUE,1.71428571428571,-1.04447688513936,1.85714285714286,2,0.714285714285714,2.33333333333333,3,1,"control",0,1,1,,1,3,-6,15,6
53,4,2,"observer",1,18,4,2,1,2,1,2,TRUE,TRUE,1.71428571428571,-1.04447688513936,1.85714285714286,2,0.714285714285714,2.33333333333333,2,1,"ingroup",0,0,1,0,1,3,-6,15,6
53,5,1,"observer",1,18,4,2,1,2,1,2,TRUE,TRUE,1.71428571428571,-1.04447688513936,1.85714285714286,2,0.714285714285714,2.33333333333333,3,2,"control",0,1,0,,1,3,-5,14,5
53,5,2,"observer",1,18,4,2,1,2,1,2,TRUE,TRUE,1.71428571428571,-1.04447688513936,1.85714285714286,2,0.714285714285714,2.33333333333333,1,2,"outgroup",1,0,0,0,1,3,-5,14,5
53,7,1,"victim",0,18,4,2,1,2,1,2,TRUE,TRUE,1.71428571428571,-1.04447688513936,1.85714285714286,2,0.714285714285714,2.33333333333333,3,2,"control",0,1,0,,1,1,-5,14,5
53,8,1,"victim",0,18,4,2,1,2,1,2,TRUE,TRUE,1.71428571428571,-1.04447688513936,1.85714285714286,2,0.714285714285714,2.33333333333333,2,2,"ingroup",0,0,0,1,1,1,-5,14,5
53,10,2,"victim",0,18,4,2,1,2,1,2,TRUE,TRUE,1.71428571428571,-1.04447688513936,1.85714285714286,2,0.714285714285714,2.33333333333333,1,2,"outgroup",1,0,0,0,1,2,-6,15,6
54,1,1,"victim",0,18,4,2,1,2,1,1,TRUE,TRUE,1.82142857142857,-0.810177633173014,1.57142857142857,2,2.28571428571429,1.33333333333333,1,2,"outgroup",1,0,0,0,1,2,-4,13,4
54,1,2,"victim",0,18,4,2,1,2,1,1,TRUE,TRUE,1.82142857142857,-0.810177633173014,1.57142857142857,2,2.28571428571429,1.33333333333333,3,2,"control",0,1,0,,1,2,-9,18,9
54,2,1,"victim",0,18,4,2,1,2,1,1,TRUE,TRUE,1.82142857142857,-0.810177633173014,1.57142857142857,2,2.28571428571429,1.33333333333333,3,2,"control",0,1,0,,1,1,-9,18,9
54,3,1,"victim",0,18,4,2,1,2,1,1,TRUE,TRUE,1.82142857142857,-0.810177633173014,1.57142857142857,2,2.28571428571429,1.33333333333333,1,2,"outgroup",1,0,0,0,1,1,-9,18,9
54,5,1,"victim",0,18,4,2,1,2,1,1,TRUE,TRUE,1.82142857142857,-0.810177633173014,1.57142857142857,2,2.28571428571429,1.33333333333333,2,2,"ingroup",0,0,0,1,1,3,-9,18,9
54,5,2,"victim",0,18,4,2,1,2,1,1,TRUE,TRUE,1.82142857142857,-0.810177633173014,1.57142857142857,2,2.28571428571429,1.33333333333333,1,2,"outgroup",1,0,0,0,1,3,-9,18,9
54,6,1,"observer",1,18,4,2,1,2,1,1,TRUE,TRUE,1.82142857142857,-0.810177633173014,1.57142857142857,2,2.28571428571429,1.33333333333333,2,2,"ingroup",0,0,0,1,1,1,-9,18,9
54,7,1,"observer",1,18,4,2,1,2,1,1,TRUE,TRUE,1.82142857142857,-0.810177633173014,1.57142857142857,2,2.28571428571429,1.33333333333333,2,2,"ingroup",0,0,0,1,1,3,-9,18,9
54,7,2,"observer",1,18,4,2,1,2,1,1,TRUE,TRUE,1.82142857142857,-0.810177633173014,1.57142857142857,2,2.28571428571429,1.33333333333333,1,2,"outgroup",1,0,0,0,1,3,-9,18,9
54,8,1,"observer",1,18,4,2,1,2,1,1,TRUE,TRUE,1.82142857142857,-0.810177633173014,1.57142857142857,2,2.28571428571429,1.33333333333333,3,2,"control",0,1,0,,1,1,-9,18,9
54,10,1,"observer",1,18,4,2,1,2,1,1,TRUE,TRUE,1.82142857142857,-0.810177633173014,1.57142857142857,2,2.28571428571429,1.33333333333333,2,1,"ingroup",0,0,1,0,1,3,-9,18,9
54,10,2,"observer",1,18,4,2,1,2,1,1,TRUE,TRUE,1.82142857142857,-0.810177633173014,1.57142857142857,2,2.28571428571429,1.33333333333333,3,1,"control",0,1,1,,1,3,-9,18,9
55,1,2,"victim",0,18,4,1,0,2,1,1,TRUE,TRUE,2.35714285714286,0.361318626658728,2.57142857142857,2.125,2.57142857142857,2.16666666666667,2,2,"ingroup",0,0,0,1,1,2,-5,14,5
55,5,1,"victim",0,18,4,1,0,2,1,1,TRUE,TRUE,2.35714285714286,0.361318626658728,2.57142857142857,2.125,2.57142857142857,2.16666666666667,3,2,"control",0,1,0,,1,1,-5,14,5
55,6,1,"observer",1,18,4,1,0,2,1,1,TRUE,TRUE,2.35714285714286,0.361318626658728,2.57142857142857,2.125,2.57142857142857,2.16666666666667,1,1,"outgroup",1,0,1,1,1,3,-5,14,5
55,6,2,"observer",1,18,4,1,0,2,1,1,TRUE,TRUE,2.35714285714286,0.361318626658728,2.57142857142857,2.125,2.57142857142857,2.16666666666667,2,1,"ingroup",0,0,1,0,1,3,-5,14,5
55,7,2,"observer",1,18,4,1,0,2,1,1,TRUE,TRUE,2.35714285714286,0.361318626658728,2.57142857142857,2.125,2.57142857142857,2.16666666666667,1,2,"outgroup",1,0,0,0,1,2,-5,14,5
55,9,2,"observer",1,18,4,1,0,2,1,1,TRUE,TRUE,2.35714285714286,0.361318626658728,2.57142857142857,2.125,2.57142857142857,2.16666666666667,2,2,"ingroup",0,0,0,1,1,2,-5,14,5
55,10,1,"observer",1,18,4,1,0,2,1,1,TRUE,TRUE,2.35714285714286,0.361318626658728,2.57142857142857,2.125,2.57142857142857,2.16666666666667,3,1,"control",0,1,1,,1,3,-9,18,9
55,10,2,"observer",1,18,4,1,0,2,1,1,TRUE,TRUE,2.35714285714286,0.361318626658728,2.57142857142857,2.125,2.57142857142857,2.16666666666667,2,1,"ingroup",0,0,1,0,1,3,-9,18,9
56,1,2,"observer",1,18,4,1,0,2,1,2,TRUE,TRUE,2.07142857142857,-0.263479378584867,1.42857142857143,2.75,2.85714285714286,1,2,2,"ingroup",0,0,0,1,1,2,-9,18,9
56,2,2,"observer",1,18,4,1,0,2,1,2,TRUE,TRUE,2.07142857142857,-0.263479378584867,1.42857142857143,2.75,2.85714285714286,1,2,2,"ingroup",0,0,0,1,1,2,-9,18,9
56,3,1,"observer",1,18,4,1,0,2,1,2,TRUE,TRUE,2.07142857142857,-0.263479378584867,1.42857142857143,2.75,2.85714285714286,1,1,1,"outgroup",1,0,1,1,1,3,-9,18,9
56,3,2,"observer",1,18,4,1,0,2,1,2,TRUE,TRUE,2.07142857142857,-0.263479378584867,1.42857142857143,2.75,2.85714285714286,1,3,1,"control",0,1,1,,1,3,-9,18,9
56,4,2,"observer",1,18,4,1,0,2,1,2,TRUE,TRUE,2.07142857142857,-0.263479378584867,1.42857142857143,2.75,2.85714285714286,1,3,1,"control",0,1,1,,1,2,-9,18,9
56,5,1,"observer",1,18,4,1,0,2,1,2,TRUE,TRUE,2.07142857142857,-0.263479378584867,1.42857142857143,2.75,2.85714285714286,1,1,2,"outgroup",1,0,0,0,1,3,-9,18,9
56,5,2,"observer",1,18,4,1,0,2,1,2,TRUE,TRUE,2.07142857142857,-0.263479378584867,1.42857142857143,2.75,2.85714285714286,1,1,2,"outgroup",1,0,0,0,1,3,-9,18,9
56,6,1,"victim",0,18,4,1,0,2,1,2,TRUE,TRUE,2.07142857142857,-0.263479378584867,1.42857142857143,2.75,2.85714285714286,1,2,2,"ingroup",0,0,0,1,1,1,-9,18,9
56,7,2,"victim",0,18,4,1,0,2,1,2,TRUE,TRUE,2.07142857142857,-0.263479378584867,1.42857142857143,2.75,2.85714285714286,1,3,2,"control",0,1,0,,1,2,-7,16,7
56,10,1,"victim",0,18,4,1,0,2,1,2,TRUE,TRUE,2.07142857142857,-0.263479378584867,1.42857142857143,2.75,2.85714285714286,1,1,2,"outgroup",1,0,0,0,1,3,0,9,0
56,10,2,"victim",0,18,4,1,0,2,1,2,TRUE,TRUE,2.07142857142857,-0.263479378584867,1.42857142857143,2.75,2.85714285714286,1,1,2,"outgroup",1,0,0,0,1,3,0,9,0
57,2,1,"observer",1,21,2,1,0,1,0,2,TRUE,TRUE,2.07142857142857,-0.263479378584867,1.71428571428571,2.25,2,2.33333333333333,2,2,"outgroup",1,0,1,1,1,3,3,6,-3
57,2,2,"observer",1,21,2,1,0,1,0,2,TRUE,TRUE,2.07142857142857,-0.263479378584867,1.71428571428571,2.25,2,2.33333333333333,1,2,"ingroup",0,0,1,0,1,3,3,6,-3
57,3,2,"observer",1,21,2,1,0,1,0,2,TRUE,TRUE,2.07142857142857,-0.263479378584867,1.71428571428571,2.25,2,2.33333333333333,3,1,"control",0,1,0,,1,2,-1,10,1
57,4,1,"observer",1,21,2,1,0,1,0,2,TRUE,TRUE,2.07142857142857,-0.263479378584867,1.71428571428571,2.25,2,2.33333333333333,1,2,"ingroup",0,0,1,0,1,1,-2,11,2
57,4,2,"observer",1,21,2,1,0,1,0,2,TRUE,TRUE,2.07142857142857,-0.263479378584867,1.71428571428571,2.25,2,2.33333333333333,1,2,"ingroup",0,0,1,0,1,1,-1,10,1
57,5,1,"observer",1,21,2,1,0,1,0,2,TRUE,TRUE,2.07142857142857,-0.263479378584867,1.71428571428571,2.25,2,2.33333333333333,1,1,"ingroup",0,0,0,1,1,1,-2,11,2
57,5,2,"observer",1,21,2,1,0,1,0,2,TRUE,TRUE,2.07142857142857,-0.263479378584867,1.71428571428571,2.25,2,2.33333333333333,3,1,"control",0,1,0,,1,1,-1,10,1
57,6,1,"victim",0,21,2,1,0,1,0,2,TRUE,TRUE,2.07142857142857,-0.263479378584867,1.71428571428571,2.25,2,2.33333333333333,3,1,"control",0,1,0,,1,1,-5,14,5
57,7,1,"victim",0,21,2,1,0,1,0,2,TRUE,TRUE,2.07142857142857,-0.263479378584867,1.71428571428571,2.25,2,2.33333333333333,1,1,"ingroup",0,0,0,1,1,1,-7,16,7
57,7,2,"victim",0,21,2,1,0,1,0,2,TRUE,TRUE,2.07142857142857,-0.263479378584867,1.71428571428571,2.25,2,2.33333333333333,1,1,"ingroup",0,0,0,1,1,1,-5,14,5
57,8,1,"victim",0,21,2,1,0,1,0,2,TRUE,TRUE,2.07142857142857,-0.263479378584867,1.71428571428571,2.25,2,2.33333333333333,1,1,"ingroup",0,0,0,1,1,1,-7,16,7
57,8,2,"victim",0,21,2,1,0,1,0,2,TRUE,TRUE,2.07142857142857,-0.263479378584867,1.71428571428571,2.25,2,2.33333333333333,3,1,"control",0,1,0,,1,1,-5,14,5
57,9,1,"victim",0,21,2,1,0,1,0,2,TRUE,TRUE,2.07142857142857,-0.263479378584867,1.71428571428571,2.25,2,2.33333333333333,1,1,"ingroup",0,0,0,1,1,1,-7,16,7
57,9,2,"victim",0,21,2,1,0,1,0,2,TRUE,TRUE,2.07142857142857,-0.263479378584867,1.71428571428571,2.25,2,2.33333333333333,3,1,"control",0,1,0,,1,1,-5,14,5
57,10,1,"victim",0,21,2,1,0,1,0,2,TRUE,TRUE,2.07142857142857,-0.263479378584867,1.71428571428571,2.25,2,2.33333333333333,2,1,"outgroup",1,0,0,0,1,1,-7,16,7
58,1,1,"victim",0,18,5,2,1,2,1,1,TRUE,TRUE,2.25,0.127019374692379,1.71428571428571,2.875,2.14285714285714,2.16666666666667,2,2,"ingroup",0,0,0,1,1,3,0,9,0
58,1,2,"victim",0,18,5,2,1,2,1,1,TRUE,TRUE,2.25,0.127019374692379,1.71428571428571,2.875,2.14285714285714,2.16666666666667,1,2,"outgroup",1,0,0,0,1,3,0,9,0
58,2,1,"victim",0,18,5,2,1,2,1,1,TRUE,TRUE,2.25,0.127019374692379,1.71428571428571,2.875,2.14285714285714,2.16666666666667,2,2,"ingroup",0,0,0,1,1,1,-5,14,5
58,3,1,"victim",0,18,5,2,1,2,1,1,TRUE,TRUE,2.25,0.127019374692379,1.71428571428571,2.875,2.14285714285714,2.16666666666667,1,2,"outgroup",1,0,0,0,1,1,0,9,0
58,4,1,"victim",0,18,5,2,1,2,1,1,TRUE,TRUE,2.25,0.127019374692379,1.71428571428571,2.875,2.14285714285714,2.16666666666667,2,2,"ingroup",0,0,0,1,1,1,-5,14,5
58,5,2,"victim",0,18,5,2,1,2,1,1,TRUE,TRUE,2.25,0.127019374692379,1.71428571428571,2.875,2.14285714285714,2.16666666666667,1,2,"outgroup",1,0,0,0,1,2,-5,14,5
58,7,2,"observer",1,18,5,2,1,2,1,1,TRUE,TRUE,2.25,0.127019374692379,1.71428571428571,2.875,2.14285714285714,2.16666666666667,2,2,"ingroup",0,0,0,1,1,2,-5,14,5
58,8,2,"observer",1,18,5,2,1,2,1,1,TRUE,TRUE,2.25,0.127019374692379,1.71428571428571,2.875,2.14285714285714,2.16666666666667,2,2,"ingroup",0,0,0,1,1,3,9,0,-9
59,1,1,"observer",1,19,4,1,0,1,0,2,TRUE,TRUE,2.17857142857143,-0.0291801266185199,2.14285714285714,2.625,1.71428571428571,2.16666666666667,2,2,"outgroup",1,0,1,1,1,1,-3,12,3
59,2,2,"observer",1,19,4,1,0,1,0,2,TRUE,TRUE,2.17857142857143,-0.0291801266185199,2.14285714285714,2.625,1.71428571428571,2.16666666666667,1,2,"ingroup",0,0,1,0,1,2,-1,10,1
59,6,1,"victim",0,19,4,1,0,1,0,2,TRUE,TRUE,2.17857142857143,-0.0291801266185199,2.14285714285714,2.625,1.71428571428571,2.16666666666667,1,1,"ingroup",0,0,0,1,1,1,-6,15,6
59,6,2,"victim",0,19,4,1,0,1,0,2,TRUE,TRUE,2.17857142857143,-0.0291801266185199,2.14285714285714,2.625,1.71428571428571,2.16666666666667,2,1,"outgroup",1,0,0,0,1,1,1,8,-1
59,7,1,"victim",0,19,4,1,0,1,0,2,TRUE,TRUE,2.17857142857143,-0.0291801266185199,2.14285714285714,2.625,1.71428571428571,2.16666666666667,3,1,"control",0,1,0,,1,2,0,9,0
59,7,2,"victim",0,19,4,1,0,1,0,2,TRUE,TRUE,2.17857142857143,-0.0291801266185199,2.14285714285714,2.625,1.71428571428571,2.16666666666667,1,1,"ingroup",0,0,0,1,1,2,-4,13,4
59,8,1,"victim",0,19,4,1,0,1,0,2,TRUE,TRUE,2.17857142857143,-0.0291801266185199,2.14285714285714,2.625,1.71428571428571,2.16666666666667,2,1,"outgroup",1,0,0,0,1,2,1,8,-1
59,8,2,"victim",0,19,4,1,0,1,0,2,TRUE,TRUE,2.17857142857143,-0.0291801266185199,2.14285714285714,2.625,1.71428571428571,2.16666666666667,1,1,"ingroup",0,0,0,1,1,2,-1,10,1
59,9,2,"victim",0,19,4,1,0,1,0,2,TRUE,TRUE,2.17857142857143,-0.0291801266185199,2.14285714285714,2.625,1.71428571428571,2.16666666666667,2,1,"outgroup",1,0,0,0,1,2,-1,10,1
60,1,1,"victim",0,32,1,1,0,1,0,1,TRUE,TRUE,2.39285714285714,0.439418377314177,2.28571428571429,2.625,1.85714285714286,2.83333333333333,3,1,"control",0,1,0,,1,3,-9,18,9
60,1,2,"victim",0,32,1,1,0,1,0,1,TRUE,TRUE,2.39285714285714,0.439418377314177,2.28571428571429,2.625,1.85714285714286,2.83333333333333,1,1,"ingroup",0,0,0,1,1,3,-9,18,9
60,2,2,"victim",0,32,1,1,0,1,0,1,TRUE,TRUE,2.39285714285714,0.439418377314177,2.28571428571429,2.625,1.85714285714286,2.83333333333333,2,1,"outgroup",1,0,0,0,1,3,-9,18,9
60,3,1,"victim",0,32,1,1,0,1,0,1,TRUE,TRUE,2.39285714285714,0.439418377314177,2.28571428571429,2.625,1.85714285714286,2.83333333333333,2,1,"outgroup",1,0,0,0,1,1,-9,18,9
60,4,1,"victim",0,32,1,1,0,1,0,1,TRUE,TRUE,2.39285714285714,0.439418377314177,2.28571428571429,2.625,1.85714285714286,2.83333333333333,2,1,"outgroup",1,0,0,0,1,3,-9,18,9
60,4,2,"victim",0,32,1,1,0,1,0,1,TRUE,TRUE,2.39285714285714,0.439418377314177,2.28571428571429,2.625,1.85714285714286,2.83333333333333,1,1,"ingroup",0,0,0,1,1,3,-9,18,9
60,5,1,"victim",0,32,1,1,0,1,0,1,TRUE,TRUE,2.39285714285714,0.439418377314177,2.28571428571429,2.625,1.85714285714286,2.83333333333333,1,1,"ingroup",0,0,0,1,1,1,-9,18,9
60,6,1,"observer",1,32,1,1,0,1,0,1,TRUE,TRUE,2.39285714285714,0.439418377314177,2.28571428571429,2.625,1.85714285714286,2.83333333333333,3,2,"control",0,1,1,,1,1,-2,11,2
60,7,1,"observer",1,32,1,1,0,1,0,1,TRUE,TRUE,2.39285714285714,0.439418377314177,2.28571428571429,2.625,1.85714285714286,2.83333333333333,3,2,"control",0,1,1,,1,1,-2,11,2
60,8,1,"observer",1,32,1,1,0,1,0,1,TRUE,TRUE,2.39285714285714,0.439418377314177,2.28571428571429,2.625,1.85714285714286,2.83333333333333,1,1,"ingroup",0,0,0,1,1,1,-2,11,2
60,10,1,"observer",1,32,1,1,0,1,0,1,TRUE,TRUE,2.39285714285714,0.439418377314177,2.28571428571429,2.625,1.85714285714286,2.83333333333333,3,2,"control",0,1,1,,1,1,-2,11,2
62,2,1,"observer",1,18,2,1,0,1,0,2,TRUE,TRUE,2.64285714285714,0.986116631902323,2.14285714285714,3.125,2.28571428571429,3,1,2,"ingroup",0,0,1,0,1,3,3,6,-3
62,2,2,"observer",1,18,2,1,0,1,0,2,TRUE,TRUE,2.64285714285714,0.986116631902323,2.14285714285714,3.125,2.28571428571429,3,3,2,"control",0,1,1,,1,3,3,6,-3
62,3,1,"observer",1,18,2,1,0,1,0,2,TRUE,TRUE,2.64285714285714,0.986116631902323,2.14285714285714,3.125,2.28571428571429,3,1,2,"ingroup",0,0,1,0,1,1,-5,14,5
62,4,1,"observer",1,18,2,1,0,1,0,2,TRUE,TRUE,2.64285714285714,0.986116631902323,2.14285714285714,3.125,2.28571428571429,3,1,2,"ingroup",0,0,1,0,1,1,-6,15,6
62,6,1,"victim",0,18,2,1,0,1,0,2,TRUE,TRUE,2.64285714285714,0.986116631902323,2.14285714285714,3.125,2.28571428571429,3,3,1,"control",0,1,0,,1,1,-2,11,2
62,7,2,"victim",0,18,2,1,0,1,0,2,TRUE,TRUE,2.64285714285714,0.986116631902323,2.14285714285714,3.125,2.28571428571429,3,1,1,"ingroup",0,0,0,1,1,2,-3,12,3
62,8,1,"victim",0,18,2,1,0,1,0,2,TRUE,TRUE,2.64285714285714,0.986116631902323,2.14285714285714,3.125,2.28571428571429,3,1,1,"ingroup",0,0,0,1,1,3,-5,14,5
62,8,2,"victim",0,18,2,1,0,1,0,2,TRUE,TRUE,2.64285714285714,0.986116631902323,2.14285714285714,3.125,2.28571428571429,3,2,1,"outgroup",1,0,0,0,1,3,-5,14,5
62,9,1,"victim",0,18,2,1,0,1,0,2,TRUE,TRUE,2.64285714285714,0.986116631902323,2.14285714285714,3.125,2.28571428571429,3,1,1,"ingroup",0,0,0,1,1,1,-4,13,4
62,10,2,"victim",0,18,2,1,0,1,0,2,TRUE,TRUE,2.64285714285714,0.986116631902323,2.14285714285714,3.125,2.28571428571429,3,3,1,"control",0,1,0,,1,2,-5,14,5
63,1,1,"victim",0,25,2,2,1,1,0,1,TRUE,TRUE,1.89285714285714,-0.653978131862115,1.71428571428571,2.375,2.14285714285714,1.16666666666667,1,1,"ingroup",0,0,0,1,1,3,0,9,0
63,1,2,"victim",0,25,2,2,1,1,0,1,TRUE,TRUE,1.89285714285714,-0.653978131862115,1.71428571428571,2.375,2.14285714285714,1.16666666666667,2,1,"outgroup",1,0,0,0,1,3,0,9,0
63,5,1,"victim",0,25,2,2,1,1,0,1,TRUE,TRUE,1.89285714285714,-0.653978131862115,1.71428571428571,2.375,2.14285714285714,1.16666666666667,3,1,"control",0,1,0,,1,2,8,1,-8
63,5,2,"victim",0,25,2,2,1,1,0,1,TRUE,TRUE,1.89285714285714,-0.653978131862115,1.71428571428571,2.375,2.14285714285714,1.16666666666667,1,1,"ingroup",0,0,0,1,1,2,-8,17,8
63,7,1,"observer",1,25,2,2,1,1,0,1,TRUE,TRUE,1.89285714285714,-0.653978131862115,1.71428571428571,2.375,2.14285714285714,1.16666666666667,3,1,"control",0,1,0,,1,2,9,0,-9
63,8,1,"observer",1,25,2,2,1,1,0,1,TRUE,TRUE,1.89285714285714,-0.653978131862115,1.71428571428571,2.375,2.14285714285714,1.16666666666667,2,1,"outgroup",1,0,0,0,1,1,-9,18,9
63,9,2,"observer",1,25,2,2,1,1,0,1,TRUE,TRUE,1.89285714285714,-0.653978131862115,1.71428571428571,2.375,2.14285714285714,1.16666666666667,1,1,"ingroup",0,0,0,1,1,3,0,9,0
63,10,1,"observer",1,25,2,2,1,1,0,1,TRUE,TRUE,1.89285714285714,-0.653978131862115,1.71428571428571,2.375,2.14285714285714,1.16666666666667,3,1,"control",0,1,0,,1,2,9,0,-9
63,10,2,"observer",1,25,2,2,1,1,0,1,TRUE,TRUE,1.89285714285714,-0.653978131862115,1.71428571428571,2.375,2.14285714285714,1.16666666666667,1,1,"ingroup",0,0,0,1,1,2,-9,18,9
